card,cash,chair,credit,debit,desk,email,facebook,freeship,gift,google,instagram,laptop,monitor,online,phone,printer,referral,save10,tablet,unknown,winter15
0.276144664610006,0.0,0.0,0.0,0.48068993587622255,0.0,0.0,0.0,0.0,0.0,0.0,0.4680904946671087,0.0,0.5301134293727732,0.0,0.0,0.0,0.0,0.4388078743091099,0.0,0.0,0.0
0.0,0.0,0.0,0.0,0.0,0.0,0.0,0.0,0.0,0.0,0.0,0.0,0.0,0.0,0.47194628068223893,0.565185537941235,0.0,0.4954971240673518,0.4607761016950222,0.0,0.0,0.0
0.2835416338109675,0.0,0.0,0.4845133915647349,0.0,0.0,0.46764682607370556,0.0,0.4304926712486559,0.0,0.0,0.0,0.0,0.0,0.0,0.0,0.0,0.0,0.0,0.529937186234964,0.0,0.0
0.2765973309016389,0.0,0.5270474357510537,0.0,0.4814779001521417,0.0,0.0,0.46979761940316844,0.0,0.0,0.0,0.0,0.0,0.0,0.0,0.0,0.0,0.0,0.43952718399949753,0.0,0.0,0.0
0.0,0.0,0.0,0.0,0.0,0.0,0.4883951005170745,0.0,0.0,0.0,0.0,0.0,0.0,0.0,0.4819594745688159,0.0,0.5547664586097595,0.0,0.47055230003247633,0.0,0.0,0.0
0.27610556620972604,0.0,0.0,0.47180670618327125,0.0,0.0,0.0,0.0,0.0,0.0,0.0,0.4680242192981691,0.0,0.0,0.0,0.5381632184856598,0.0,0.0,0.43874574496853413,0.0,0.0,0.0
0.28001820439243025,0.0,0.0,0.0,0.0,0.0,0.0,0.47560793657801015,0.0,0.46997281799687485,0.0,0.0,0.5258519403970139,0.0,0.0,0.0,0.0,0.0,0.4449631254358259,0.0,0.0,0.0
0.0,0.4915737944050197,0.0,0.0,0.0,0.0,0.0,0.4964885047809496,0.4438081730166728,0.0,0.0,0.0,0.0,0.561149422915351,0.0,0.0,0.0,0.0,0.0,0.0,0.0,0.0
0.28125711754853927,0.0,0.0,0.0,0.0,0.0,0.46387896043479004,0.0,0.0,0.47205216676097866,0.0,0.0,0.0,0.0,0.0,0.5482042165240115,0.0,0.0,0.0,0.0,0.4270241594286973,0.0
0.27739815204523327,0.0,0.0,0.4740154652238137,0.0,0.5351996801410953,0.0,0.0,0.0,0.0,0.4664938423017232,0.0,0.0,0.0,0.0,0.0,0.0,0.0,0.440799729403258,0.0,0.0,0.0
0.2808224410030394,0.0,0.0,0.4798668593712792,0.0,0.0,0.0,0.0,0.0,0.0,0.0,0.4760197540241544,0.0,0.0,0.0,0.0,0.0,0.0,0.0,0.5248550352785212,0.0,0.4345099994566353
0.0,0.0,0.0,0.0,0.0,0.0,0.48468104401838835,0.0,0.0,0.0,0.0,0.0,0.0,0.5641401774334384,0.4782943585250011,0.0,0.0,0.0,0.4669739311543753,0.0,0.0,0.0
0.28131024398114124,0.0,0.0,0.4807004127093159,0.0,0.0,0.0,0.47780245205280675,0.42710481968157565,0.0,0.0,0.0,0.5282782880920418,0.0,0.0,0.0,0.0,0.0,0.0,0.0,0.0,0.0
0.0,0.4965258161760845,0.0,0.0,0.0,0.0,0.0,0.0,0.0,0.0,0.4965258161760845,0.0,0.0,0.0,0.0,0.0,0.5531456899567511,0.0,0.0,0.0,0.44827901291898115,0.0
0.2800742386186872,0.0,0.0,0.0,0.4875302153396028,0.0,0.0,0.0,0.0,0.0,0.0,0.0,0.0,0.0,0.0,0.0,0.0,0.47858833787181937,0.0,0.523456650635784,0.42522823019096406,0.0
0.0,0.4881836737016724,0.0,0.0,0.0,0.0,0.0,0.0,0.0,0.0,0.4881836737016724,0.0,0.0,0.55727947643336,0.0,0.0,0.0,0.0,0.46129490199701767,0.0,0.0,0.0
0.0,0.4927717100321308,0.0,0.0,0.0,0.0,0.0,0.0,0.0,0.0,0.4927717100321308,0.0,0.0,0.5625168873133836,0.0,0.0,0.0,0.0,0.0,0.0,0.4448896886547059,0.0
0.2767728665439917,0.0,0.0,0.0,0.48178345817110874,0.0,0.0,0.0,0.42021585700216846,0.0,0.0,0.0,0.0,0.0,0.0,0.5394638677283201,0.0,0.4729469829877806,0.0,0.0,0.0,0.0
0.0,0.0,0.0,0.0,0.0,0.0,0.0,0.0,0.0,0.0,0.0,0.0,0.5540188900211814,0.0,0.4801619432826697,0.0,0.0,0.5041227608346052,0.0,0.0,0.0,0.4564732409804586
0.27918587343219187,0.0,0.0,0.0,0.4859838222375155,0.0,0.46046284575697355,0.0,0.0,0.0,0.0,0.0,0.0,0.5359516216132227,0.0,0.0,0.0,0.0,0.0,0.0,0.0,0.4319777767048503
0.0,0.0,0.0,0.0,0.0,0.0,0.0,0.0,0.0,0.0,0.0,0.0,0.5561752872449682,0.0,0.48203086851267984,0.0,0.0,0.5060849483005775,0.0,0.0,0.4496591117307536,0.0
0.0,0.0,0.0,0.0,0.0,0.0,0.0,0.0,0.0,0.0,0.4984878165029286,0.0,0.0,0.0,0.482450292106327,0.0,0.5553314212704733,0.0,0.0,0.0,0.0,0.4586486945303326
0.2764221483537591,0.0,0.0,0.47234767890129037,0.0,0.5333166219460705,0.0,0.0,0.0,0.0,0.0,0.0,0.0,0.0,0.0,0.0,0.0,0.47234767890129037,0.439248810048077,0.0,0.0,0.0
0.27895422604549747,0.0,0.5315384246476405,0.0,0.48558058950581207,0.0,0.0,0.4738007806923907,0.0,0.0,0.0,0.0,0.0,0.0,0.0,0.0,0.0,0.0,0.0,0.0,0.4235277490376884,0.0
0.0,0.4992418903337477,0.0,0.0,0.0,0.0,0.4896320306980485,0.0,0.0,0.0,0.0,0.0,0.0,0.0,0.0,0.0,0.0,0.0,0.0,0.554850810850451,0.45073116948918496,0.0
0.0,0.0,0.5604625574512327,0.0,0.0,0.0,0.0,0.4995830686093499,0.0,0.0,0.0,0.0,0.0,0.0,0.47872406741226875,0.0,0.0,0.0,0.0,0.0,0.0,0.45510630245508876
0.0,0.0,0.0,0.0,0.0,0.0,0.0,0.49562327503766257,0.0,0.0,0.0,0.0,0.0,0.5601715086908335,0.474929606382939,0.0,0.0,0.0,0.46368881706692433,0.0,0.0,0.0
0.0,0.49053193609503554,0.0,0.0,0.0,0.0,0.0,0.0,0.0,0.0,0.0,0.4944451269917471,0.5477749273856214,0.0,0.0,0.0,0.0,0.0,0.4635138239498884,0.0,0.0,0.0
0.27831731788967434,0.0,0.0,0.0,0.484471912135514,0.0,0.0,0.0,0.0,0.0,0.4680395815336698,0.0,0.522657810680305,0.0,0.0,0.0,0.0,0.0,0.4422603305374727,0.0,0.0,0.0
0.27869540099274803,0.0,0.0,0.4762321925481797,0.0,0.0,0.0,0.0,0.0,0.0,0.0,0.0,0.0,0.0,0.0,0.0,0.5221194270371009,0.4762321925481797,0.44286112375941045,0.0,0.0,0.0
0.0,0.0,0.0,0.0,0.0,0.5677059806631352,0.0,0.0,0.44674542397319283,0.0,0.0,0.49877462797025013,0.0,0.0,0.4789074192069472,0.0,0.0,0.0,0.0,0.0,0.0,0.0
0.0,0.49554827721117056,0.0,0.0,0.0,0.0,0.0,0.0,0.0,0.0,0.0,0.49950148568664915,0.0,0.0,0.0,0.0,0.5520566801860785,0.0,0.0,0.0,0.4473964602137537,0.0
0.0,0.0,0.5629139337837319,0.0,0.0,0.0,0.0,0.0,0.0,0.0,0.0,0.5007643976001657,0.0,0.0,0.480817932262026,0.0,0.0,0.0,0.0,0.0,0.4485276326644069,0.0
0.27906090952988605,0.0,0.0,0.0,0.0,0.0,0.0,0.0,0.4236897233395053,0.4683661275847996,0.0,0.0,0.0,0.0,0.0,0.5439235408679305,0.0,0.47685677024632706,0.0,0.0,0.0,0.0
0.2765973309016389,0.0,0.5270474357510537,0.0,0.4814779001521417,0.0,0.0,0.46979761940316844,0.0,0.0,0.0,0.0,0.0,0.0,0.0,0.0,0.0,0.0,0.43952718399949753,0.0,0.0,0.0
0.28096393032023603,0.0,0.0,0.48010863504289303,0.0,0.5420793344508484,0.4633954050749702,0.0,0.4265790221435944,0.0,0.0,0.0,0.0,0.0,0.0,0.0,0.0,0.0,0.0,0.0,0.0,0.0
0.27898042337724005,0.0,0.0,0.0,0.4856261916677559,0.0,0.0,0.0,0.0,0.0,0.469154710183465,0.0,0.0,0.5355572202462829,0.0,0.0,0.0,0.0,0.0,0.0,0.4235675236526889,0.0
0.2808829228786037,0.0,0.0,0.47997021025581776,0.0,0.0,0.46326179904167436,0.0,0.0,0.0,0.0,0.0,0.0,0.0,0.0,0.0,0.5262176205114303,0.0,0.44633720695693535,0.0,0.0,0.0
0.0,0.0,0.0,0.0,0.0,0.0,0.0,0.0,0.45124679104545984,0.0,0.0,0.5038002366644809,0.0,0.0,0.4837328476764996,0.0,0.0,0.0,0.0,0.5554855418341442,0.0,0.0
0.0,0.49099005270698054,0.0,0.0,0.0,0.0,0.0,0.4958989268861626,0.0,0.0,0.0,0.0,0.0,0.0,0.0,0.0,0.0,0.0,0.46394670786017567,0.5456798280325684,0.0,0.0
0.0,0.0,0.0,0.0,0.0,0.0,0.0,0.49972703955253867,0.0,0.0,0.0,0.0,0.0,0.0,0.478862027162795,0.0,0.0,0.0,0.4675281640251145,0.5498922264634223,0.0,0.0
0.0,0.0,0.0,0.0,0.0,0.0,0.0,0.0,0.4461401684655403,0.0,0.4941567748930603,0.0,0.0,0.0,0.47825859028206924,0.5727449281575843,0.0,0.0,0.0,0.0,0.0,0.0
0.0,0.0,0.0,0.0,0.0,0.0,0.0,0.5041829741119521,0.0,0.0,0.0,0.0,0.0,0.0,0.48313191389523225,0.0,0.556116011938144,0.0,0.0,0.0,0.45068621418629007,0.0
0.0,0.49300967519976474,0.0,0.0,0.0,0.0,0.0,0.0,0.0,0.0,0.0,0.0,0.0,0.0,0.0,0.0,0.0,0.5009588323751268,0.0,0.5479244096661008,0.0,0.453608366012827
0.0,0.4908829819605912,0.0,0.0,0.0,0.0,0.0,0.0,0.0,0.0,0.0,0.49479897330592665,0.0,0.0,0.0,0.0,0.5468593915936995,0.0,0.46384553448604804,0.0,0.0,0.0
0.27768030647924713,0.0,0.0,0.0,0.0,0.0,0.0,0.0,0.0,0.4660489714282859,0.46696833466973336,0.0,0.0,0.0,0.0,0.5412325781634025,0.0,0.0,0.4412480871058823,0.0,0.0,0.0
0.0,0.0,0.562630913844853,0.0,0.0,0.0,0.0,0.501515890216363,0.0,0.0,0.0,0.0,0.0,0.0,0.48057618826950127,0.0,0.0,0.0,0.0,0.0,0.44830212347807546,0.0
0.2775891293290047,0.0,0.0,0.0,0.48320434133877804,0.5355681432344328,0.0,0.0,0.4214551640557329,0.0,0.0,0.0,0.0,0.0,0.0,0.0,0.0,0.474341805487246,0.0,0.0,0.0,0.0
0.0,0.49079469522447783,0.0,0.0,0.0,0.5630795952268813,0.0,0.49570161623720305,0.44310477794588066,0.0,0.0,0.0,0.0,0.0,0.0,0.0,0.0,0.0,0.0,0.0,0.0,0.0
0.27761781408014574,0.0,0.5289919340609467,0.0,0.48325427339597027,0.0,0.0,0.0,0.0,0.0,0.0,0.0,0.0,0.0,0.0,0.0,0.0,0.474390821731791,0.0,0.0,0.0,0.42955155511881205
0.28027714818548677,0.0,0.0,0.0,0.4878834236363892,0.0,0.0,0.4760477498514812,0.4255363016380366,0.0,0.0,0.0,0.0,0.0,0.0,0.0,0.5250827372856679,0.0,0.0,0.0,0.0,0.0
0.27968693674099904,0.0,0.0,0.47792651990951196,0.0,0.0,0.0,0.0,0.0,0.0,0.0,0.4740949703153483,0.0,0.5369135101557364,0.0,0.0,0.0,0.0,0.0,0.0,0.42464020148539217,0.0
0.0,0.48741383401508753,0.5522773334111467,0.0,0.0,0.0,0.0,0.0,0.0,0.0,0.0,0.0,0.0,0.0,0.0,0.0,0.0,0.4952727653321288,0.4605674644731778,0.0,0.0,0.0
0.280904888078283,0.0,0.0,0.0,0.48897614164794784,0.0,0.0,0.0,0.0,0.0,0.47239103647527525,0.0,0.0,0.0,0.0,0.0,0.526258771019944,0.0,0.0,0.0,0.4264893800966285,0.0
0.0,0.0,0.0,0.0,0.0,0.0,0.0,0.0,0.0,0.0,0.0,0.0,0.0,0.5646324378256696,0.4787117111227201,0.0,0.0,0.5026001598651765,0.0,0.0,0.44656285906073484,0.0
0.2828421271488344,0.0,0.0,0.0,0.0,0.0,0.0,0.4804043392909809,0.0,0.4747123917632033,0.0,0.0,0.0,0.0,0.0,0.0,0.0,0.0,0.0,0.5286298135316997,0.42943063147872684,0.0
0.2806935712954524,0.0,0.0,0.0,0.0,0.0,0.0,0.47675504006678654,0.0,0.47110633032434596,0.0,0.0,0.0,0.5388459411028997,0.0,0.0,0.0,0.0,0.0,0.0,0.42616854422819633,0.0
0.279852809785899,0.0,0.0,0.0,0.48714477022667824,0.0,0.46156282767078394,0.0,0.0,0.0,0.0,0.0,0.0,0.0,0.0,0.0,0.0,0.0,0.4447003050195174,0.5230428018086403,0.0,0.0
0.0,0.49657125655196277,0.0,0.0,0.0,0.0,0.487012803691773,0.0,0.0,0.0,0.0,0.0,0.5545190108617906,0.0,0.0,0.0,0.0,0.0,0.0,0.0,0.0,0.4568853059571348
0.27894010822523113,0.0,0.0,0.47665034606432205,0.0,0.0,0.0,0.0,0.0,0.0,0.4690869131558894,0.0,0.0,0.0,0.0,0.5436880844814375,0.0,0.0,0.0,0.0,0.4235063143789507,0.0
0.2804041705896476,0.0,0.0,0.0,0.48810453379760543,0.0,0.0,0.0,0.42572915590547045,0.0,0.0,0.475310747370031,0.0,0.0,0.0,0.0,0.5253207062820886,0.0,0.0,0.0,0.0,0.0
0.0,0.0,0.0,0.0,0.0,0.0,0.0,0.5045532008042592,0.0,0.0,0.0,0.0,0.0,0.0,0.4834866825796458,0.0,0.0,0.0,0.0,0.5552028627627036,0.4510171576629921,0.0
0.0,0.0,0.0,0.0,0.0,0.0,0.0,0.4978772115535763,0.0,0.0,0.0,0.0,0.0,0.0,0.4770894346965583,0.5713447903546572,0.0,0.0,0.0,0.0,0.4450495298853223,0.0
0.0,0.49506876666646205,0.0,0.0,0.0,0.0,0.48553923509109087,0.0,0.44696354311928793,0.0,0.0,0.0,0.0,0.5651390612767434,0.0,0.0,0.0,0.0,0.0,0.0,0.0,0.0
0.27867861633359475,0.0,0.0,0.0,0.48510083077164107,0.0,0.0,0.0,0.0,0.0,0.46864716849154753,0.0,0.0,0.0,0.0,0.0,0.0,0.0,0.4428344520849298,0.5208482430560287,0.0,0.0
0.28092035779709995,0.0,0.0,0.4800341787075748,0.0,0.0,0.0,0.0,0.0,0.0,0.0,0.0,0.5275461128148774,0.0,0.0,0.0,0.0,0.4800341787075748,0.0,0.0,0.4265128673019728,0.0
0.0,0.0,0.0,0.0,0.0,0.0,0.0,0.0,0.0,0.0,0.0,0.4976612627959508,0.0,0.5636023839244262,0.4778384016339635,0.0,0.0,0.0,0.0,0.0,0.0,0.45426433083717055
0.0,0.4992418903337477,0.0,0.0,0.0,0.0,0.4896320306980485,0.0,0.45073116948918496,0.0,0.0,0.0,0.0,0.0,0.0,0.0,0.0,0.0,0.0,0.554850810850451,0.0,0.0
0.0,0.0,0.0,0.0,0.0,0.0,0.0,0.0,0.4499908636630403,0.0,0.0,0.0,0.0,0.0,0.4823865038548291,0.0,0.5552579968764076,0.5064583303918547,0.0,0.0,0.0,0.0
0.0,0.49099005270698054,0.0,0.0,0.0,0.0,0.0,0.4958989268861626,0.0,0.0,0.0,0.0,0.0,0.0,0.0,0.0,0.0,0.0,0.46394670786017567,0.5456798280325684,0.0,0.0
0.280911064242117,0.0,0.0,0.0,0.0,0.5419773369865862,0.0,0.0,0.0,0.47147136292378067,0.4724014227823806,0.0,0.0,0.0,0.0,0.0,0.0,0.0,0.0,0.0,0.4264987571790387,0.0
0.2821334657824094,0.0,0.0,0.48210712671311673,0.0,0.0,0.0,0.0,0.4283546923986607,0.0,0.4744571062365139,0.0,0.0,0.0,0.0,0.0,0.528560439022588,0.0,0.0,0.0,0.0,0.0
0.280684015008689,0.0,0.5348344826192366,0.0,0.0,0.0,0.46293373916279007,0.0,0.0,0.47109029138491515,0.0,0.0,0.0,0.0,0.0,0.0,0.0,0.0,0.44602113226578066,0.0,0.0,0.0
0.0,0.4923024678988024,0.0,0.0,0.0,0.0,0.0,0.0,0.0,0.0,0.0,0.0,0.5497520727229117,0.0,0.0,0.0,0.0,0.5002402222513118,0.0,0.0,0.0,0.4529576786848514
0.0,0.0,0.0,0.0,0.0,0.0,0.0,0.5041829741119521,0.45068621418629007,0.0,0.0,0.0,0.0,0.0,0.48313191389523225,0.0,0.556116011938144,0.0,0.0,0.0,0.0,0.0
0.27877452994226215,0.0,0.0,0.4763674073848326,0.0,0.5378552025546801,0.0,0.0,0.0,0.0,0.0,0.0,0.0,0.0,0.0,0.0,0.0,0.4763674073848326,0.0,0.0,0.42325492188897307,0.0
0.28043988213136956,0.0,0.5343692951694723,0.0,0.0,0.0,0.0,0.0,0.0,0.47068054725214187,0.0,0.4753712817035607,0.0,0.0,0.0,0.0,0.0,0.0,0.0,0.0,0.0,0.43391807505583724
0.27989153587531457,0.0,0.0,0.0,0.487212181420243,0.0,0.0,0.0,0.0,0.0,0.0,0.0,0.0,0.0,0.0,0.0,0.5243603153234525,0.4782761370685374,0.0,0.0,0.42495083815162993,0.0
0.2795689855022256,0.0,0.0,0.0,0.0,0.0,0.0,0.0,0.0,0.4692188646309321,0.0,0.4738950321641548,0.0,0.0,0.0,0.5449138425277739,0.0,0.0,0.0,0.0,0.42446111969350786,0.0
0.2811146224490665,0.0,0.0,0.0,0.4893412300025801,0.0,0.46364394245840373,0.0,0.0,0.0,0.0,0.0,0.0,0.0,0.0,0.0,0.5266516960166012,0.0,0.0,0.0,0.0,0.43496208497907796
0.0,0.0,0.0,0.0,0.0,0.0,0.0,0.4978772115535763,0.0,0.0,0.0,0.0,0.0,0.0,0.4770894346965583,0.5713447903546572,0.0,0.0,0.0,0.0,0.4450495298853223,0.0
0.0,0.4965258161760845,0.0,0.0,0.0,0.0,0.0,0.0,0.0,0.0,0.4965258161760845,0.0,0.0,0.0,0.0,0.0,0.5531456899567511,0.0,0.0,0.0,0.44827901291898115,0.0
0.28433831271291793,0.0,0.0,0.0,0.0,0.0,0.4689607931087738,0.0,0.4317022446859619,0.4772235375914693,0.0,0.0,0.5339647605901968,0.0,0.0,0.0,0.0,0.0,0.0,0.0,0.0,0.0
0.2777313690874487,0.0,0.0,0.47458486350610835,0.0,0.0,0.45806392348518116,0.0,0.0,0.0,0.0,0.0,0.0,0.0,0.0,0.5413321053766756,0.0,0.0,0.441329228179505,0.0,0.0,0.0
0.28125711754853927,0.0,0.0,0.0,0.0,0.0,0.46387896043479004,0.0,0.4270241594286973,0.47205216676097866,0.0,0.0,0.0,0.0,0.0,0.5482042165240115,0.0,0.0,0.0,0.0,0.0,0.0
0.2826539575661769,0.0,0.0,0.0,0.0,0.0,0.0,0.4800847352597764,0.0,0.4743965744783424,0.0,0.0,0.0,0.0,0.0,0.0,0.529535549738266,0.0,0.0,0.0,0.42914493930295283,0.0
0.2785561671077556,0.0,0.0,0.4759942709388143,0.0,0.5374339029954691,0.45942426754176346,0.0,0.0,0.0,0.0,0.0,0.0,0.0,0.0,0.0,0.0,0.0,0.4426398740561377,0.0,0.0,0.0
0.28278424049099443,0.0,0.0,0.0,0.0,0.0,0.0,0.0,0.4293427439201054,0.4746152368094084,0.0,0.47934518380948615,0.0,0.0,0.0,0.0,0.5297796271281912,0.0,0.0,0.0,0.0,0.0
0.2833217088012225,0.0,0.0,0.0,0.0,0.0,0.4672841025068023,0.0,0.0,0.475517304933479,0.0,0.0,0.532055659213234,0.0,0.0,0.0,0.0,0.0,0.0,0.0,0.0,0.4383770581067621
0.2798976454378028,0.0,0.0,0.0,0.0,0.5400220917338008,0.0,0.0,0.424960114115235,0.4697704760392727,0.0,0.0,0.0,0.0,0.0,0.0,0.0,0.4782865770339223,0.0,0.0,0.0,0.0
0.0,0.0,0.0,0.0,0.0,0.5688225944215867,0.0,0.0,0.4476241219329202,0.0,0.49580044141619356,0.0,0.0,0.0,0.4798493761908887,0.0,0.0,0.0,0.0,0.0,0.0,0.0
0.0,0.0,0.0,0.0,0.0,0.0,0.0,0.0,0.0,0.0,0.0,0.0,0.0,0.5624731232094887,0.4768809817392917,0.0,0.0,0.5006780742771239,0.0,0.0,0.0,0.4533541450791903
0.0,0.49518713441934553,0.0,0.0,0.0,0.0,0.0,0.0,0.44707040922311453,0.0,0.0,0.4991374618985395,0.55297336756133,0.0,0.0,0.0,0.0,0.0,0.0,0.0,0.0,0.0
0.0,0.0,0.0,0.0,0.0,0.0,0.0,0.49323835442289965,0.0,0.0,0.0,0.0,0.0,0.0,0.47264426292577827,0.5660214158492417,0.0,0.0,0.46145756386644876,0.0,0.0,0.0
0.2805109304023814,0.0,0.0,0.47933455286092813,0.0,0.0,0.0,0.4764448264559367,0.0,0.0,0.0,0.0,0.0,0.0,0.0,0.0,0.5255207145063242,0.0,0.0,0.0,0.0,0.43402800638500194
0.28144933486120904,0.0,0.0,0.0,0.0,0.0,0.0,0.0,0.0,0.47237477761515223,0.0,0.0,0.0,0.0,0.0,0.0,0.0,0.4809380899531534,0.0,0.5260266951959776,0.0,0.43547997767133834
0.28329784024355253,0.0,0.0,0.0,0.0,0.0,0.0,0.0,0.43012252686224217,0.47547724477619746,0.4764152069385262,0.0,0.0,0.0,0.0,0.0,0.5307418260291303,0.0,0.0,0.0,0.0,0.0
0.2775891293290047,0.0,0.0,0.0,0.48320434133877804,0.5355681432344328,0.0,0.0,0.4214551640557329,0.0,0.0,0.0,0.0,0.0,0.0,0.0,0.0,0.474341805487246,0.0,0.0,0.0,0.0
0.0,0.4940005899313598,0.0,0.0,0.0,0.0,0.0,0.0,0.0,0.0,0.0,0.4979414518187191,0.0,0.0,0.0,0.0,0.0,0.0,0.0,0.549025699147121,0.0,0.4545200868874219
0.0,0.4910358839599959,0.0,0.0,0.0,0.5633563065623751,0.0,0.0,0.4433225306684237,0.0,0.0,0.4949530950724212,0.0,0.0,0.0,0.0,0.0,0.0,0.0,0.0,0.0,0.0
0.28246441406762246,0.0,0.0,0.0,0.0,0.0,0.0,0.4797627976470599,0.0,0.4740784512608113,0.0,0.0,0.5304457278156169,0.0,0.0,0.0,0.0,0.0,0.0,0.0,0.42885716115230244,0.0
0.0,0.0,0.0,0.0,0.0,0.5677059806631352,0.0,0.0,0.0,0.0,0.0,0.49877462797025013,0.0,0.0,0.4789074192069472,0.0,0.0,0.0,0.0,0.0,0.44674542397319283,0.0
0.2777313690874487,0.0,0.0,0.47458486350610835,0.0,0.0,0.45806392348518116,0.0,0.0,0.0,0.0,0.0,0.0,0.0,0.0,0.5413321053766756,0.0,0.0,0.441329228179505,0.0,0.0,0.0
0.280911064242117,0.0,0.0,0.0,0.0,0.5419773369865862,0.0,0.0,0.4264987571790387,0.47147136292378067,0.4724014227823806,0.0,0.0,0.0,0.0,0.0,0.0,0.0,0.0,0.0,0.0,0.0
0.2785775909144859,0.0,0.0,0.0,0.48492497402531615,0.5374752371371169,0.0,0.0,0.0,0.0,0.46847727645880416,0.0,0.0,0.0,0.0,0.0,0.0,0.0,0.0,0.0,0.4229559153303912,0.0
0.2834872995657895,0.0,0.0,0.0,0.0,0.0,0.0,0.0,0.4304101772105403,0.47579522671512414,0.4767338161525334,0.0,0.0,0.0,0.0,0.0,0.0,0.0,0.0,0.5298356359383856,0.0,0.0
0.28009234303754643,0.0,0.0,0.0,0.48756173002395425,0.0,0.0,0.47573386027679576,0.4252557175815506,0.0,0.0,0.0,0.5259911668822252,0.0,0.0,0.0,0.0,0.0,0.0,0.0,0.0,0.0
0.0,0.0,0.0,0.0,0.0,0.5652532167683665,0.0,0.4976151427090122,0.0,0.0,0.0,0.0,0.0,0.0,0.47683830796489984,0.0,0.0,0.0,0.0,0.0,0.0,0.45331357660771093
0.282533520935987,0.0,0.0,0.4827907373584658,0.0,0.0,0.46598413978678455,0.0,0.0,0.0,0.0,0.0,0.0,0.0,0.0,0.0,0.0,0.0,0.0,0.5280530308353003,0.0,0.4371575134447616
0.2772006159014185,0.0,0.5281969761718684,0.0,0.4825280490958799,0.0,0.0,0.0,0.0,0.0,0.46616165048990965,0.0,0.0,0.0,0.0,0.0,0.0,0.0,0.44048583445443107,0.0,0.0,0.0
0.27981755653090823,0.0,0.0,0.0,0.0,0.0,0.0,0.0,0.0,0.46963605760263855,0.0,0.0,0.0,0.0,0.0,0.0,0.5242217193768512,0.4781497218307387,0.4446442858097789,0.0,0.0,0.0
0.2801448749004916,0.0,0.0,0.0,0.0,0.0,0.0,0.0,0.0,0.47018541737326136,0.0,0.4748712174317159,0.5260898175471787,0.0,0.0,0.0,0.0,0.0,0.4451644112961143,0.0,0.0,0.0
0.2801838149537723,0.0,0.0,0.4787755809268647,0.0,0.0,0.0,0.0,0.0,0.0,0.47117842503589313,0.0,0.0,0.5378673645918736,0.0,0.0,0.0,0.0,0.0,0.0,0.4253945966203395,0.0
0.0,0.49264438700042223,0.0,0.0,0.0,0.0,0.48316152207852187,0.0,0.0,0.0,0.0,0.0,0.0,0.0,0.0,0.5709920178689358,0.0,0.0,0.0,0.0,0.4447747374454904,0.0
0.0,0.0,0.5667133942662099,0.0,0.0,0.0,0.49052699324188437,0.0,0.45155502799667896,0.0,0.0,0.0,0.0,0.0,0.48406327515239794,0.0,0.0,0.0,0.0,0.0,0.0,0.0
0.0,0.49364611889280924,0.0,0.0,0.0,0.0,0.0,0.0,0.0,0.0,0.0,0.49758415300742,0.0,0.0,0.0,0.0,0.5499376147898014,0.0,0.0,0.0,0.0,0.45419394515697686
0.0,0.0,0.5617719858707663,0.0,0.0,0.0,0.0,0.0,0.0,0.0,0.0,0.0,0.0,0.0,0.4798425273176637,0.0,0.0,0.5037874055229521,0.0,0.0,0.4476177330096129,0.0
0.2821334657824094,0.0,0.0,0.48210712671311673,0.0,0.0,0.0,0.0,0.4283546923986607,0.0,0.4744571062365139,0.0,0.0,0.0,0.0,0.0,0.528560439022588,0.0,0.0,0.0,0.0,0.0
0.2818122845247732,0.0,0.0,0.4815582950711713,0.0,0.0,0.0,0.0,0.0,0.0,0.0,0.47769762943915023,0.0,0.0,0.0,0.0,0.0,0.0,0.0,0.5267050453940382,0.42786705262704605,0.0
0.27951211210274124,0.0,0.0,0.47762778114133575,0.0,0.0,0.0,0.0,0.0,0.0,0.47004883840544076,0.0,0.5249015392860205,0.0,0.0,0.0,0.0,0.0,0.4441589191254983,0.0,0.0,0.0
0.27798011972625164,0.0,0.0,0.4750099263585734,0.0,0.0,0.0,0.0,0.0,0.0,0.46747252344149304,0.0,0.0,0.0,0.0,0.5418169505256389,0.0,0.0,0.0,0.0,0.0,0.4301121421770625
0.28009234303754643,0.0,0.0,0.0,0.48756173002395425,0.0,0.0,0.47573386027679576,0.0,0.0,0.0,0.0,0.5259911668822252,0.0,0.0,0.0,0.0,0.0,0.0,0.0,0.4252557175815506,0.0
0.2768047815932295,0.0,0.0,0.0,0.4818390132657302,0.0,0.0,0.0,0.0,0.0,0.46549598539452064,0.0,0.0,0.0,0.0,0.5395260740280762,0.0,0.0,0.0,0.0,0.0,0.42829356895436455
0.28210756977490775,0.0,0.0,0.0,0.49106967109725486,0.0,0.4652816161190473,0.0,0.0,0.0,0.0,0.0,0.0,0.0,0.0,0.0,0.5285119243770247,0.0,0.0,0.0,0.42831537527512503,0.0
0.0,0.4919799957960762,0.5574511456346427,0.0,0.0,0.0,0.0,0.0,0.44417490431783957,0.0,0.0,0.0,0.0,0.0,0.0,0.0,0.0,0.49991255069397417,0.0,0.0,0.0,0.0
0.0,0.0,0.5607423161191925,0.0,0.0,0.0,0.0,0.0,0.0,0.0,0.0,0.4988325413316748,0.0,0.0,0.4789630257612949,0.0,0.0,0.0,0.0,0.0,0.0,0.45533347183734674
0.0,0.0,0.0,0.0,0.0,0.0,0.0,0.0,0.0,0.0,0.0,0.0,0.0,0.0,0.4745674898274074,0.5683246017741503,0.0,0.4982491355698739,0.0,0.0,0.0,0.4511547888707824
0.0,0.0,0.5612799057404675,0.0,0.0,0.0,0.4858239584869043,0.0,0.0,0.0,0.0,0.0,0.0,0.0,0.4794222127072807,0.0,0.0,0.0,0.4680750909148463,0.0,0.0,0.0
0.0,0.0,0.0,0.0,0.0,0.0,0.0,0.49841119387798216,0.0,0.0,0.0,0.0,0.0,0.5633225162837896,0.47760112175388275,0.0,0.0,0.0,0.0,0.0,0.0,0.45403875711689723
0.28234596620326713,0.0,0.0,0.4824702455194623,0.0,0.0,0.46567480470151795,0.0,0.0,0.0,0.0,0.0,0.0,0.0,0.0,0.0,0.5289585460512227,0.0,0.0,0.0,0.0,0.4368673143904371
0.27718871096668807,0.0,0.0,0.4736575741940731,0.0,0.0,0.0,0.47080207214252395,0.0,0.0,0.0,0.0,0.0,0.5321176795557218,0.0,0.0,0.0,0.0,0.4404669169094905,0.0,0.0,0.0
0.0,0.0,0.0,0.0,0.0,0.0,0.0,0.0,0.0,0.0,0.0,0.0,0.0,0.0,0.4827396317853244,0.0,0.0,0.50682907994779,0.0,0.5543450009961222,0.4503202765739681,0.0
0.0,0.0,0.0,0.0,0.0,0.0,0.0,0.0,0.0,0.0,0.49468937196847484,0.0,0.0,0.5647059683855931,0.4787740524580785,0.0,0.0,0.0,0.0,0.0,0.0,0.45515382149773786
0.0,0.49109202828666226,0.5564450102030422,0.0,0.0,0.0,0.0,0.0,0.0,0.0,0.0,0.49500968728729183,0.0,0.0,0.0,0.0,0.0,0.0,0.0,0.0,0.0,0.45184397734745346
0.0,0.0,0.5644976797327477,0.0,0.0,0.0,0.48860914940939676,0.0,0.0,0.0,0.0,0.0,0.0,0.0,0.48217070291972774,0.0,0.0,0.0,0.0,0.0,0.0,0.45838289882549693
0.0,0.4953003813170775,0.0,0.0,0.0,0.0,0.0,0.5002523497722051,0.0,0.0,0.0,0.0,0.0,0.0,0.0,0.0,0.551780516206466,0.0,0.0,0.0,0.44717265205899037,0.0
0.0,0.0,0.0,0.0,0.0,0.0,0.49122500511320366,0.0,0.0,0.0,0.0,0.0,0.0,0.0,0.4847520892588206,0.0,0.557980938340076,0.0,0.0,0.0,0.0,0.46083693293818107
0.0,0.48649571761198257,0.0,0.0,0.0,0.5581474584342738,0.0,0.0,0.0,0.0,0.0,0.49037670980303844,0.0,0.0,0.0,0.0,0.0,0.0,0.45969991719741415,0.0,0.0,0.0
0.2808224410030394,0.0,0.0,0.4798668593712792,0.0,0.0,0.0,0.0,0.0,0.0,0.0,0.4760197540241544,0.0,0.0,0.0,0.0,0.0,0.0,0.0,0.5248550352785212,0.0,0.4345099994566353
0.0,0.0,0.0,0.0,0.0,0.0,0.49122500511320366,0.0,0.0,0.0,0.0,0.0,0.0,0.0,0.4847520892588206,0.0,0.557980938340076,0.0,0.0,0.0,0.0,0.46083693293818107
0.0,0.0,0.0,0.0,0.0,0.0,0.0,0.0,0.4461401684655403,0.0,0.4941567748930603,0.0,0.0,0.0,0.47825859028206924,0.5727449281575843,0.0,0.0,0.0,0.0,0.0,0.0
0.2796705397567297,0.0,0.0,0.0,0.48682748954063887,0.0,0.46126220867708007,0.0,0.0,0.0,0.0,0.0,0.0,0.0,0.0,0.0,0.5239462921052653,0.0,0.4444106687009486,0.0,0.0,0.0
0.0,0.0,0.5586726038123758,0.0,0.0,0.0,0.0,0.0,0.0,0.0,0.49305799696954594,0.0,0.0,0.0,0.47719516262624734,0.0,0.0,0.0,0.465900751383799,0.0,0.0,0.0
0.28316111516056486,0.0,0.0,0.48386316472015395,0.0,0.0,0.4670192345037096,0.0,0.0,0.0,0.0,0.0,0.5317540771152468,0.0,0.0,0.0,0.0,0.0,0.0,0.0,0.4299149413115385,0.0
0.0,0.49688653146790857,0.0,0.0,0.0,0.0,0.0,0.0,0.0,0.0,0.49688653146790857,0.0,0.0,0.0,0.0,0.0,0.0,0.0,0.0,0.5522330962678846,0.44860467794926895,0.0
0.0,0.0,0.0,0.0,0.0,0.0,0.0,0.0,0.0,0.0,0.0,0.0,0.0,0.0,0.4823865038548291,0.0,0.5552579968764076,0.5064583303918547,0.0,0.0,0.4499908636630403,0.0
0.27777116233625165,0.0,0.0,0.0,0.48352120943653576,0.0,0.4581295547163049,0.0,0.0,0.0,0.0,0.0,0.0,0.533235808321303,0.0,0.0,0.0,0.0,0.4413924616696169,0.0,0.0,0.0
0.2824458457999739,0.0,0.0,0.0,0.0,0.0,0.0,0.0,0.0,0.47404728692601006,0.0,0.0,0.0,0.0,0.0,0.0,0.0,0.4826409188752517,0.0,0.5278891666639013,0.4288289695141537,0.0
0.0,0.0,0.0,0.0,0.0,0.0,0.0,0.0,0.0,0.0,0.0,0.0,0.5540188900211814,0.0,0.4801619432826697,0.0,0.0,0.5041227608346052,0.0,0.0,0.0,0.4564732409804586
0.2809074243168208,0.0,0.5352601819656112,0.0,0.0,0.0,0.0,0.0,0.4264932307907519,0.471465253799724,0.0,0.0,0.0,0.0,0.0,0.0,0.0,0.48001207809289415,0.0,0.0,0.0,0.0
0.2809074243168208,0.0,0.5352601819656112,0.0,0.0,0.0,0.0,0.0,0.4264932307907519,0.471465253799724,0.0,0.0,0.0,0.0,0.0,0.0,0.0,0.48001207809289415,0.0,0.0,0.0,0.0
0.2835129845379818,0.0,0.0,0.0,0.0,0.0,0.46759957466515223,0.0,0.0,0.47583833547938315,0.0,0.0,0.0,0.0,0.0,0.0,0.5311448861992571,0.0,0.0,0.0,0.0,0.4386730145836679
0.0,0.4941170134552692,0.0,0.0,0.0,0.0,0.4846058020868848,0.0,0.0,0.0,0.0,0.0,0.0,0.0,0.0,0.0,0.5504622064407548,0.0,0.4669014380767617,0.0,0.0,0.0
0.0,0.0,0.0,0.0,0.0,0.0,0.0,0.0,0.4514831173115044,0.0,0.5000747678395846,0.0,0.5584313670203913,0.0,0.4839861874894868,0.0,0.0,0.0,0.0,0.0,0.0,0.0
0.2785046482992235,0.0,0.0,0.0,0.0,0.5373345048933392,0.0,0.0,0.0,0.46743251807650316,0.4683546106060924,0.0,0.0,0.0,0.0,0.0,0.0,0.0,0.4425580080570577,0.0,0.0,0.0
0.0,0.4965258161760845,0.0,0.0,0.0,0.0,0.0,0.0,0.0,0.0,0.4965258161760845,0.0,0.0,0.0,0.0,0.0,0.5531456899567511,0.0,0.0,0.0,0.44827901291898115,0.0
0.0,0.4927717100321308,0.0,0.0,0.0,0.0,0.0,0.0,0.4448896886547059,0.0,0.4927717100321308,0.0,0.0,0.5625168873133836,0.0,0.0,0.0,0.0,0.0,0.0,0.0,0.0
0.2807586839008349,0.0,0.5349767618234776,0.0,0.48872164143233937,0.0,0.4630568909904393,0.0,0.0,0.0,0.0,0.0,0.0,0.0,0.0,0.0,0.0,0.0,0.0,0.0,0.426267402724024,0.0
0.0,0.49238539244268154,0.0,0.0,0.0,0.5649045724617004,0.4829075128823754,0.0,0.0,0.0,0.0,0.0,0.0,0.0,0.0,0.0,0.0,0.0,0.0,0.0,0.0,0.4530339759032298
0.0,0.4923024678988024,0.0,0.0,0.0,0.0,0.0,0.0,0.0,0.0,0.0,0.0,0.5497520727229117,0.0,0.0,0.0,0.0,0.5002402222513118,0.0,0.0,0.0,0.4529576786848514
0.0,0.4895617076148688,0.0,0.0,0.0,0.0,0.0,0.0,0.0,0.0,0.0,0.0,0.5466914773670525,0.0,0.0,0.0,0.0,0.4974552706758622,0.4625970348891655,0.0,0.0,0.0
0.0,0.0,0.0,0.0,0.0,0.0,0.0,0.0,0.0,0.0,0.4922705346060422,0.0,0.0,0.0,0.47643303477734555,0.570558709911543,0.0,0.0,0.0,0.0,0.0,0.4529282974992905
0.279878089761824,0.0,0.0,0.47825316047083943,0.0,0.0,0.0,0.0,0.0,0.0,0.4706642942876207,0.0,0.0,0.0,0.0,0.0,0.0,0.0,0.44474047618311346,0.5230900498939732,0.0,0.0
0.0,0.0,0.0,0.0,0.0,0.0,0.0,0.49562327503766257,0.0,0.0,0.0,0.0,0.0,0.5601715086908335,0.474929606382939,0.0,0.0,0.0,0.46368881706692433,0.0,0.0,0.0
0.28137721932450704,0.0,0.0,0.4808148595731829,0.0,0.0,0.46407704497561125,0.0,0.427206506316042,0.0,0.0,0.0,0.0,0.5401583365521397,0.0,0.0,0.0,0.0,0.0,0.0,0.0,0.0
0.0,0.0,0.0,0.0,0.0,0.0,0.0,0.0,0.0,0.0,0.0,0.49861690978875767,0.0,0.0,0.47875598326168284,0.0,0.5510790333770978,0.0,0.4674246300057503,0.0,0.0,0.0
0.28246441406762246,0.0,0.0,0.0,0.0,0.0,0.0,0.4797627976470599,0.42885716115230244,0.4740784512608113,0.0,0.0,0.5304457278156169,0.0,0.0,0.0,0.0,0.0,0.0,0.0,0.0,0.0
0.27975050245719346,0.0,0.0,0.0,0.4869666820374873,0.5397382005990671,0.4613940916128365,0.0,0.0,0.0,0.0,0.0,0.0,0.0,0.0,0.0,0.0,0.0,0.0,0.0,0.4247367113862366,0.0
0.2833217088012225,0.0,0.0,0.0,0.0,0.0,0.4672841025068023,0.0,0.0,0.475517304933479,0.0,0.0,0.532055659213234,0.0,0.0,0.0,0.0,0.0,0.0,0.0,0.0,0.4383770581067621
0.2777526031365205,0.0,0.0,0.0,0.4834889031070207,0.0,0.0,0.0,0.0,0.0,0.4670899142303337,0.0,0.0,0.0,0.0,0.5413734931123407,0.0,0.0,0.0,0.0,0.421703361384396,0.0
0.0,0.0,0.0,0.0,0.0,0.5674228134816269,0.0,0.4995251259626458,0.4465225909454161,0.0,0.0,0.0,0.0,0.0,0.47866854403437675,0.0,0.0,0.0,0.0,0.0,0.0,0.0
0.0,0.4921836954765651,0.0,0.0,0.0,0.0,0.0,0.0,0.0,0.0,0.4921836954765651,0.0,0.0,0.0,0.0,0.0,0.0,0.0,0.4650746057274678,0.5470064267643515,0.0,0.0
0.2812972565778875,0.0,0.5360029949670906,0.0,0.0,0.0,0.0,0.4777803930867605,0.4270851013007363,0.4721195347121994,0.0,0.0,0.0,0.0,0.0,0.0,0.0,0.0,0.0,0.0,0.0,0.0
0.28039193712899463,0.0,0.0,0.4791312182264791,0.0,0.0,0.46245201345792764,0.0,0.0,0.0,0.0,0.0,0.0,0.5382668956137436,0.0,0.0,0.0,0.0,0.0,0.0,0.0,0.43384389087425446
0.0,0.49375898858149214,0.0,0.0,0.0,0.0,0.484254668799831,0.0,0.0,0.0,0.0,0.0,0.551378563176413,0.0,0.0,0.0,0.0,0.0,0.46656313293064905,0.0,0.0,0.0
0.0,0.0,0.0,0.0,0.0,0.567422813481627,0.0,0.49952512596264587,0.0,0.0,0.0,0.0,0.0,0.0,0.47866854403437686,0.0,0.0,0.0,0.0,0.0,0.44652259094541613,0.0
0.0,0.4953003813170775,0.0,0.0,0.0,0.0,0.0,0.5002523497722051,0.44717265205899037,0.0,0.0,0.0,0.0,0.0,0.0,0.0,0.551780516206466,0.0,0.0,0.0,0.0,0.0
0.0,0.0,0.0,0.0,0.0,0.0,0.0,0.0,0.0,0.0,0.49468937196847484,0.0,0.0,0.5647059683855931,0.4787740524580785,0.0,0.0,0.0,0.0,0.0,0.0,0.45515382149773786
0.0,0.4919869103021367,0.0,0.0,0.0,0.5644474013378348,0.0,0.0,0.0,0.0,0.4919869103021367,0.0,0.0,0.0,0.0,0.0,0.0,0.0,0.0,0.0,0.44418114694984506,0.0
0.28051334698582503,0.0,0.0,0.0,0.0,0.0,0.0,0.0,0.0,0.47080384810948106,0.0,0.47549581135946145,0.0,0.0,0.0,0.0,0.0,0.0,0.4457499321235246,0.5242773408794199,0.0,0.0
0.0,0.49375898858149214,0.0,0.0,0.0,0.0,0.484254668799831,0.0,0.0,0.0,0.0,0.0,0.551378563176413,0.0,0.0,0.0,0.0,0.0,0.46656313293064905,0.0,0.0,0.0
0.0,0.0,0.5629139337837319,0.0,0.0,0.0,0.0,0.0,0.0,0.0,0.0,0.5007643976001657,0.0,0.0,0.480817932262026,0.0,0.0,0.0,0.0,0.0,0.4485276326644069,0.0
0.0,0.48991067310460645,0.0,0.0,0.0,0.0,0.0,0.0,0.0,0.0,0.0,0.0,0.0,0.0,0.0,0.0,0.5457762083321789,0.4978098627925532,0.4629267796349663,0.0,0.0,0.0
0.2754257818618108,0.0,0.0,0.0,0.47943856387299927,0.0,0.0,0.0,0.0,0.0,0.46317695450516694,0.0,0.0,0.0,0.0,0.5368382363870652,0.0,0.0,0.4376655331704226,0.0,0.0,0.0
0.2804103137842621,0.0,0.0,0.0,0.0,0.5410112112827974,0.0,0.0,0.0,0.4706309207664505,0.0,0.47532116064747015,0.0,0.0,0.0,0.0,0.0,0.0,0.0,0.0,0.4257384829317137,0.0
0.0,0.0,0.0,0.0,0.0,0.0,0.0,0.5003303936171647,0.44724241499592277,0.0,0.0,0.0,0.0,0.5654916658526739,0.4794401894946601,0.0,0.0,0.0,0.0,0.0,0.0,0.0
0.2802841366031087,0.0,0.5340725270082178,0.47894700965820847,0.0,0.0,0.0,0.0,0.0,0.0,0.0,0.4751072787706459,0.0,0.0,0.0,0.0,0.0,0.0,0.0,0.0,0.42554691194076155,0.0
0.2806948495829297,0.0,0.0,0.47964883230110605,0.0,0.0,0.0,0.47675721122444653,0.0,0.0,0.0,0.0,0.0,0.0,0.0,0.0,0.0,0.0,0.0,0.5246165678716297,0.0,0.43431258023442315
0.28112081245761994,0.0,0.0,0.0,0.0,0.5423820158823167,0.46365415167464646,0.0,0.0,0.4718233970357185,0.0,0.0,0.0,0.0,0.0,0.0,0.0,0.0,0.0,0.0,0.0,0.43497166263463705
0.27992454210988454,0.0,0.0,0.0,0.48726963596060635,0.0,0.0,0.0,0.0,0.0,0.4707424120911134,0.0,0.0,0.0,0.0,0.0,0.5244221505608513,0.0,0.0,0.0,0.0,0.4331207014853503
0.0,0.48760606878040724,0.0,0.0,0.0,0.0,0.0,0.0,0.0,0.0,0.0,0.4914959187353816,0.0,0.0,0.0,0.5651524314187003,0.0,0.0,0.0,0.0,0.0,0.4486366155548507
0.2795608861237843,0.0,0.0,0.4777111257494563,0.0,0.0,0.0,0.4748311863714225,0.42444882265263323,0.0,0.0,0.0,0.0,0.5366715314629356,0.0,0.0,0.0,0.0,0.0,0.0,0.0,0.0
0.0,0.0,0.0,0.0,0.0,0.0,0.4935414202570165,0.0,0.4543299612704137,0.0,0.0,0.0,0.0,0.0,0.48703798079297667,0.0,0.0,0.0,0.0,0.5592809294512118,0.0,0.0
0.0,0.0,0.564029999935848,0.0,0.0,0.0,0.0,0.0,0.4494169098328378,0.0,0.4977861812112396,0.0,0.0,0.0,0.48177123007066447,0.0,0.0,0.0,0.0,0.0,0.0,0.0
0.2770152976071834,0.0,0.0,0.0,0.4822054622405504,0.5344610177842116,0.0,0.47050753139911755,0.0,0.0,0.0,0.0,0.0,0.0,0.0,0.0,0.0,0.0,0.0,0.0,0.0,0.4286192954624812
0.0,0.0,0.0,0.0,0.0,0.0,0.0,0.5038101211385005,0.0,0.0,0.0,0.0,0.557033450069185,0.0,0.48277462858431414,0.0,0.0,0.0,0.0,0.0,0.4503529230922205,0.0
0.2794351188935412,0.0,0.0,0.0,0.0,0.5391297135520412,0.0,0.0,0.0,0.4689941875694689,0.0,0.47366811600350045,0.0,0.0,0.0,0.0,0.0,0.0,0.0,0.0,0.0,0.43236342838172
0.2845316562388341,0.0,0.0,0.0,0.0,0.0,0.46927967568351725,0.0,0.0,0.4775480386427971,0.0,0.0,0.0,0.0,0.0,0.0,0.5330533076618766,0.0,0.0,0.0,0.43199579230301405,0.0
0.0,0.49418907669609835,0.0,0.0,0.0,0.0,0.0,0.0,0.44616933154208066,0.0,0.0,0.0,0.5518588407453381,0.0,0.0,0.0,0.0,0.5021572502282153,0.0,0.0,0.0,0.0
0.2796766348584035,0.0,0.0,0.0,0.0,0.5395956837331337,0.46127226136286753,0.0,0.0,0.46939953956736435,0.0,0.0,0.0,0.0,0.0,0.0,0.0,0.0,0.4444203541265677,0.0,0.0,0.0
0.0,0.49506876666646205,0.0,0.0,0.0,0.0,0.48553923509109087,0.0,0.0,0.0,0.0,0.0,0.0,0.5651390612767434,0.0,0.0,0.0,0.0,0.0,0.0,0.44696354311928793,0.0
0.2794430942224566,0.0,0.0,0.0,0.0,0.0,0.0,0.4746311180820853,0.4242699827779648,0.4690075730842177,0.0,0.0,0.0,0.0,0.0,0.5446684651627689,0.0,0.0,0.0,0.0,0.0,0.0
0.281425671620992,0.0,0.5362476857562586,0.0,0.0,0.0,0.0,0.0,0.42728006996968115,0.4723350620555447,0.0,0.47704228516287683,0.0,0.0,0.0,0.0,0.0,0.0,0.0,0.0,0.0,0.0
0.0,0.0,0.0,0.0,0.0,0.0,0.0,0.0,0.0,0.0,0.0,0.4995794904319052,0.0,0.565774780591307,0.47968022235833524,0.0,0.0,0.0,0.0,0.0,0.44746632796771935,0.0
0.27890716395510884,0.0,0.0,0.0,0.0,0.0,0.0,0.0,0.0,0.4681080863578395,0.46903151156421385,0.0,0.0,0.535416584527122,0.0,0.0,0.0,0.0,0.44319762584429473,0.0,0.0,0.0
0.28043988213136956,0.0,0.5343692951694723,0.0,0.0,0.0,0.0,0.0,0.0,0.47068054725214187,0.0,0.4753712817035607,0.0,0.0,0.0,0.0,0.0,0.0,0.0,0.0,0.0,0.43391807505583724
0.27561610722321517,0.0,0.0,0.4709703230729717,0.0,0.0,0.0,0.0,0.0,0.0,0.0,0.0,0.0,0.0,0.0,0.5372092035879763,0.0,0.4709703230729717,0.437967969820368,0.0,0.0,0.0
0.0,0.0,0.0,0.0,0.0,0.0,0.0,0.0,0.4503202765739681,0.0,0.0,0.0,0.0,0.0,0.4827396317853244,0.0,0.0,0.50682907994779,0.0,0.5543450009961222,0.0,0.0
0.2778936598354631,0.0,0.5295175493932743,0.47486218447545997,0.0,0.0,0.0,0.0,0.0,0.0,0.0,0.47105520173979776,0.0,0.0,0.0,0.0,0.0,0.0,0.4415871164072453,0.0,0.0,0.0
0.27898042337724005,0.0,0.0,0.0,0.4856261916677559,0.0,0.0,0.0,0.0,0.0,0.469154710183465,0.0,0.0,0.5355572202462829,0.0,0.0,0.0,0.0,0.0,0.0,0.4235675236526889,0.0
0.27884187357318324,0.0,0.0,0.0,0.0,0.0,0.45989548483691045,0.0,0.0,0.4679985052509674,0.0,0.0,0.0,0.0,0.0,0.54349661323644,0.0,0.0,0.44309387611678847,0.0,0.0,0.0
0.2769979820612875,0.0,0.0,0.4733316583573651,0.0,0.0,0.0,0.0,0.0,0.0,0.0,0.0,0.0,0.0,0.0,0.5399026451603801,0.0,0.4733316583573651,0.0,0.0,0.0,0.42859250352302314
0.0,0.49688653146790857,0.0,0.0,0.0,0.0,0.0,0.0,0.44860467794926895,0.0,0.49688653146790857,0.0,0.0,0.0,0.0,0.0,0.0,0.0,0.0,0.5522330962678846,0.0,0.0
0.2784986294999332,0.0,0.0,0.0,0.4847875244846863,0.0,0.0,0.0,0.0,0.0,0.46834448893517905,0.0,0.0,0.0,0.0,0.0,0.5217507872291969,0.0,0.44254844387979503,0.0,0.0,0.0
0.2797721587441141,0.0,0.533096969446383,0.47807214650131163,0.0,0.0,0.0,0.0,0.4247695914704785,0.0,0.0,0.0,0.0,0.0,0.0,0.0,0.0,0.47807214650131163,0.0,0.0,0.0,0.0
0.27895422604549747,0.0,0.5315384246476405,0.0,0.48558058950581207,0.0,0.0,0.4738007806923907,0.0,0.0,0.0,0.0,0.0,0.0,0.0,0.0,0.0,0.0,0.0,0.0,0.4235277490376884,0.0
0.27447037801862934,0.0,0.0,0.0,0.477775475387247,0.0,0.0,0.0,0.0,0.0,0.0,0.0,0.0,0.0,0.0,0.5349760384811759,0.0,0.4690125113214223,0.4361473480187185,0.0,0.0,0.0
0.27992454210988454,0.0,0.0,0.0,0.48726963596060635,0.0,0.0,0.0,0.0,0.0,0.4707424120911134,0.0,0.0,0.0,0.0,0.0,0.5244221505608513,0.0,0.0,0.0,0.0,0.4331207014853503
0.0,0.48898964534905764,0.0,0.0,0.0,0.0,0.0,0.0,0.0,0.0,0.0,0.0,0.0,0.5581995224772378,0.0,0.0,0.0,0.4968739846298825,0.0,0.0,0.0,0.4499096167516423
0.0,0.0,0.0,0.0,0.0,0.0,0.4935414202570165,0.0,0.4543299612704137,0.0,0.0,0.0,0.0,0.0,0.48703798079297667,0.0,0.0,0.0,0.0,0.5592809294512118,0.0,0.0
0.27670133204608466,0.0,0.0,0.0,0.0,0.0,0.0,0.0,0.0,0.4644058947786854,0.0,0.0,0.0,0.0,0.0,0.539324438320377,0.0,0.4728247454816727,0.4396924470915236,0.0,0.0,0.0
0.27838102504122336,0.0,0.5304462083254952,0.47569498975206,0.0,0.0,0.0,0.0,0.0,0.0,0.46814671632778826,0.0,0.0,0.0,0.0,0.0,0.0,0.0,0.44236156443163105,0.0,0.0,0.0
0.27942903956824644,0.0,0.0,0.0,0.48640710586138136,0.0,0.0,0.0,0.0,0.0,0.0,0.4736578109904071,0.0,0.0,0.0,0.0,0.5234938557191928,0.0,0.0,0.0,0.0,0.43235402198378015
0.27777001724456385,0.0,0.5292819523603216,0.4746509051290964,0.0,0.0,0.0,0.4717894146617013,0.0,0.0,0.0,0.0,0.0,0.0,0.0,0.0,0.0,0.0,0.4413906420608617,0.0,0.0,0.0
0.0,0.49518713441934553,0.0,0.0,0.0,0.0,0.0,0.0,0.44707040922311453,0.0,0.0,0.4991374618985395,0.55297336756133,0.0,0.0,0.0,0.0,0.0,0.0,0.0,0.0,0.0
0.2829726705646322,0.0,0.0,0.0,0.0,0.0,0.0,0.0,0.42962883159144183,0.47493149129327333,0.0,0.4796645900399264,0.0,0.0,0.0,0.0,0.0,0.0,0.0,0.5288737981963839,0.0,0.0
0.28329784024355253,0.0,0.0,0.0,0.0,0.0,0.0,0.0,0.43012252686224217,0.47547724477619746,0.4764152069385262,0.0,0.0,0.0,0.0,0.0,0.5307418260291303,0.0,0.0,0.0,0.0,0.0
0.0,0.4961625335179807,0.0,0.0,0.0,0.0,0.0,0.0,0.0,0.0,0.4961625335179807,0.0,0.5540625915875581,0.0,0.0,0.0,0.0,0.0,0.0,0.0,0.4479510299902393,0.0
0.27889364283371737,0.0,0.0,0.4765709464215601,0.0,0.0,0.0,0.4736978807526938,0.0,0.0,0.0,0.0,0.5237401031361895,0.0,0.0,0.0,0.0,0.0,0.4431761400967991,0.0,0.0,0.0
0.0,0.0,0.0,0.0,0.0,0.0,0.0,0.0,0.0,0.0,0.4941567748930603,0.0,0.0,0.0,0.47825859028206924,0.5727449281575843,0.0,0.0,0.0,0.0,0.4461401684655403,0.0
0.2803393932118176,0.0,0.0,0.0,0.0,0.0,0.0,0.0,0.0,0.4705118901435737,0.4714400572740284,0.0,0.0,0.5381660273381725,0.0,0.0,0.0,0.0,0.0,0.0,0.0,0.43376259089928637
0.0,0.0,0.562630913844853,0.0,0.0,0.0,0.0,0.501515890216363,0.0,0.0,0.0,0.0,0.0,0.0,0.48057618826950127,0.0,0.0,0.0,0.0,0.0,0.44830212347807546,0.0
0.2797404331161413,0.0,0.0,0.0,0.4869491541561809,0.0,0.0,0.0,0.0,0.0,0.47043280039665775,0.0,0.5253303080090767,0.0,0.0,0.0,0.0,0.0,0.0,0.0,0.0,0.43283583394240893
0.2788035837845753,0.0,0.531251380600339,0.47641705432905007,0.0,0.0,0.0,0.0,0.0,0.0,0.0,0.0,0.0,0.0,0.0,0.0,0.0,0.47641705432905007,0.0,0.0,0.0,0.4313862688681374
0.0,0.49272066162955264,0.5582903769467529,0.0,0.0,0.0,0.0,0.497646838280358,0.44484360056266053,0.0,0.0,0.0,0.0,0.0,0.0,0.0,0.0,0.0,0.0,0.0,0.0,0.0
0.27894010822523113,0.0,0.0,0.47665034606432205,0.0,0.0,0.0,0.0,0.4235063143789507,0.0,0.4690869131558894,0.0,0.0,0.0,0.0,0.5436880844814375,0.0,0.0,0.0,0.0,0.0,0.0
0.2795608861237843,0.0,0.0,0.4777111257494563,0.0,0.0,0.0,0.4748311863714225,0.0,0.0,0.0,0.0,0.0,0.5366715314629356,0.0,0.0,0.0,0.0,0.0,0.0,0.42444882265263323,0.0
0.2829726705646322,0.0,0.0,0.0,0.0,0.0,0.0,0.0,0.0,0.47493149129327333,0.0,0.4796645900399264,0.0,0.0,0.0,0.0,0.0,0.0,0.0,0.5288737981963839,0.42962883159144183,0.0
0.0,0.0,0.0,0.0,0.0,0.0,0.0,0.0,0.0,0.0,0.0,0.0,0.0,0.0,0.47194628068223893,0.565185537941235,0.0,0.4954971240673518,0.4607761016950222,0.0,0.0,0.0
0.28210756977490775,0.0,0.0,0.0,0.49106967109725486,0.0,0.4652816161190473,0.0,0.42831537527512503,0.0,0.0,0.0,0.0,0.0,0.0,0.0,0.5285119243770247,0.0,0.0,0.0,0.0,0.0
0.27664297465503673,0.0,0.0,0.0,0.48155735304660535,0.5337426744087101,0.0,0.0,0.0,0.0,0.0,0.0,0.0,0.0,0.0,0.0,0.0,0.4727250248971523,0.0,0.0,0.0,0.4280432088607228
0.276915921898435,0.0,0.0,0.47319143468974484,0.0,0.534269286703295,0.0,0.0,0.0,0.0,0.0,0.46939784639945603,0.0,0.0,0.0,0.0,0.0,0.0,0.44003344124794214,0.0,0.0,0.0
0.0,0.0,0.0,0.0,0.0,0.0,0.49317394005208204,0.0,0.0,0.0,0.0,0.0,0.0,0.0,0.48667534290759007,0.0,0.5601947274074882,0.0,0.0,0.0,0.4539916770648275,0.0
0.2808211609716194,0.0,0.0,0.0,0.0,0.0,0.0,0.0,0.42636225976752873,0.4713204724005214,0.0,0.4760175842536777,0.0,0.5390908743189043,0.0,0.0,0.0,0.0,0.0,0.0,0.0,0.0
0.2771457148989646,0.0,0.0,0.0,0.48243248194311106,0.0,0.0,0.47072904377961705,0.42078194136214636,0.0,0.0,0.0,0.0,0.0,0.0,0.5401905943694154,0.0,0.0,0.0,0.0,0.0,0.0
0.0,0.4915556446249958,0.5569703231449246,0.0,0.0,0.0,0.48209373680146766,0.0,0.0,0.0,0.0,0.0,0.0,0.0,0.0,0.0,0.0,0.0,0.46448114742144325,0.0,0.0,0.0
0.2810895837625995,0.0,0.0,0.0,0.48929764471510323,0.0,0.0,0.0,0.0,0.0,0.4727016347932457,0.0,0.0,0.0,0.0,0.0,0.0,0.0,0.0,0.525354323091819,0.42676979795781117,0.0
0.2808211609716194,0.0,0.0,0.0,0.0,0.0,0.0,0.0,0.42636225976752873,0.4713204724005214,0.0,0.4760175842536777,0.0,0.5390908743189043,0.0,0.0,0.0,0.0,0.0,0.0,0.0,0.0
0.27801064744065973,0.0,0.0,0.0,0.4839380854230546,0.0,0.0,0.0,0.0,0.0,0.0,0.4712535064438331,0.0,0.0,0.0,0.0,0.5208365815685198,0.0,0.4417730156438985,0.0,0.0,0.0
0.0,0.0,0.0,0.0,0.0,0.0,0.4928038650939392,0.0,0.0,0.0,0.0,0.0,0.5611127874857855,0.0,0.48631014446029036,0.0,0.0,0.0,0.0,0.0,0.4536510042570363,0.0
0.27801064744065973,0.0,0.0,0.0,0.4839380854230546,0.0,0.0,0.0,0.0,0.0,0.0,0.4712535064438331,0.0,0.0,0.0,0.0,0.5208365815685198,0.0,0.4417730156438985,0.0,0.0,0.0
0.27895422604549747,0.0,0.5315384246476405,0.0,0.48558058950581207,0.0,0.0,0.4738007806923907,0.4235277490376884,0.0,0.0,0.0,0.0,0.0,0.0,0.0,0.0,0.0,0.0,0.0,0.0,0.0
0.0,0.0,0.0,0.0,0.0,0.0,0.0,0.0,0.0,0.0,0.0,0.0,0.0,0.0,0.4823865038548291,0.0,0.5552579968764076,0.5064583303918547,0.0,0.0,0.4499908636630403,0.0
0.0,0.0,0.0,0.0,0.0,0.5677059806631352,0.0,0.0,0.0,0.0,0.0,0.49877462797025013,0.0,0.0,0.4789074192069472,0.0,0.0,0.0,0.0,0.0,0.44674542397319283,0.0
0.0,0.4883713233364772,0.5533622423987122,0.0,0.0,0.0,0.0,0.0,0.0,0.0,0.0,0.4922672780665786,0.0,0.0,0.0,0.0,0.0,0.0,0.4614722160379414,0.0,0.0,0.0
0.0,0.0,0.0,0.0,0.0,0.5665634179223797,0.0,0.0,0.4458463059553793,0.0,0.0,0.0,0.0,0.0,0.4779435720887294,0.0,0.0,0.5017936895150424,0.0,0.0,0.0,0.0
0.0,0.0,0.0,0.0,0.0,0.0,0.4935414202570165,0.0,0.4543299612704137,0.0,0.0,0.0,0.0,0.0,0.48703798079297667,0.0,0.0,0.0,0.0,0.5592809294512118,0.0,0.0
0.27930940828827056,0.0,0.0,0.0,0.0,0.538887173090848,0.0,0.47440405394728846,0.0,0.4687831992605505,0.0,0.0,0.0,0.0,0.0,0.0,0.0,0.0,0.0,0.0,0.0,0.4321689193003491
0.0,0.0,0.0,0.0,0.0,0.0,0.0,0.0,0.0,0.0,0.0,0.4995794904319052,0.0,0.565774780591307,0.47968022235833524,0.0,0.0,0.0,0.0,0.0,0.44746632796771935,0.0
0.2772006159014185,0.0,0.5281969761718684,0.0,0.4825280490958799,0.0,0.0,0.0,0.0,0.0,0.46616165048990965,0.0,0.0,0.0,0.0,0.0,0.0,0.0,0.44048583445443107,0.0,0.0,0.0
0.0,0.49518713441934553,0.0,0.0,0.0,0.0,0.0,0.0,0.0,0.0,0.0,0.4991374618985395,0.55297336756133,0.0,0.0,0.0,0.0,0.0,0.0,0.0,0.44707040922311453,0.0
0.2814974719578825,0.0,0.0,0.4810203461906444,0.0,0.0,0.0,0.4781204567763953,0.42738908224561784,0.0,0.0,0.0,0.0,0.0,0.0,0.0,0.5273689420331211,0.0,0.0,0.0,0.0,0.0
0.2768047815932295,0.0,0.0,0.0,0.4818390132657302,0.0,0.0,0.0,0.0,0.0,0.46549598539452064,0.0,0.0,0.0,0.0,0.5395260740280762,0.0,0.0,0.0,0.0,0.0,0.42829356895436455
0.2748339861532499,0.0,0.0,0.0,0.4784084145431118,0.0,0.0,0.46680259713639594,0.0,0.0,0.0,0.0,0.0,0.0,0.0,0.5356847548126907,0.0,0.0,0.43672513978181365,0.0,0.0,0.0
0.2773316144670414,0.0,0.0,0.0,0.48275608063216935,0.0,0.0,0.0,0.0,0.0,0.0,0.0,0.5208067379667572,0.0,0.0,0.0,0.0,0.47390176640913545,0.44069399781764407,0.0,0.0,0.0
0.2800742386186872,0.0,0.0,0.0,0.4875302153396028,0.0,0.0,0.0,0.0,0.0,0.0,0.0,0.0,0.0,0.0,0.0,0.0,0.47858833787181937,0.0,0.523456650635784,0.42522823019096406,0.0
0.27877452994226215,0.0,0.0,0.4763674073848326,0.0,0.5378552025546801,0.0,0.0,0.0,0.0,0.0,0.0,0.0,0.0,0.0,0.0,0.0,0.4763674073848326,0.0,0.0,0.42325492188897307,0.0
0.28001820439243025,0.0,0.0,0.0,0.0,0.0,0.0,0.47560793657801015,0.0,0.46997281799687485,0.0,0.0,0.5258519403970139,0.0,0.0,0.0,0.0,0.0,0.4449631254358259,0.0,0.0,0.0
0.27884187357318324,0.0,0.0,0.0,0.0,0.0,0.45989548483691045,0.0,0.0,0.4679985052509674,0.0,0.0,0.0,0.0,0.0,0.54349661323644,0.0,0.0,0.44309387611678847,0.0,0.0,0.0
0.0,0.0,0.0,0.0,0.0,0.0,0.0,0.0,0.0,0.0,0.4960018400473415,0.0,0.0,0.0,0.4800442953548289,0.0,0.0,0.0,0.4686824499067532,0.5512498619649179,0.0,0.0
0.2807842101859839,0.0,0.5350254013497093,0.4798015308952283,0.0,0.0,0.0,0.0,0.0,0.0,0.47218809534807443,0.0,0.0,0.0,0.0,0.0,0.0,0.0,0.0,0.0,0.4263061585093143,0.0
0.0,0.0,0.0,0.0,0.0,0.0,0.0,0.49936732792512406,0.0,0.0,0.0,0.0,0.0,0.0,0.4785173345096778,0.0,0.5508043332622803,0.0,0.4671916296704912,0.0,0.0,0.0
0.2774948534340504,0.0,0.0,0.4741807076865697,0.0,0.0,0.0,0.0,0.0,0.0,0.0,0.47037918836841025,0.0,0.0,0.0,0.5408711076974096,0.0,0.0,0.0,0.0,0.0,0.42936130098499975
0.0,0.0,0.5604625574512327,0.0,0.0,0.0,0.0,0.4995830686093499,0.0,0.0,0.0,0.0,0.0,0.0,0.47872406741226875,0.0,0.0,0.0,0.0,0.0,0.0,0.45510630245508876
0.2847236034329417,0.0,0.0,0.0,0.0,0.0,0.4695962552802829,0.0,0.0,0.477870196139368,0.0,0.0,0.0,0.0,0.0,0.0,0.0,0.0,0.0,0.5321462785903456,0.43228721991179037,0.0
0.28129973241778844,0.0,0.0,0.0,0.48966345422197854,0.0,0.46394924538053167,0.0,0.0,0.0,0.0,0.0,0.0,0.0,0.0,0.0,0.0,0.0,0.0,0.5257470893516625,0.0,0.43524850130720866
0.2767728665439917,0.0,0.0,0.0,0.48178345817110874,0.0,0.0,0.0,0.0,0.0,0.0,0.0,0.0,0.0,0.0,0.5394638677283201,0.0,0.4729469829877806,0.0,0.0,0.42021585700216846,0.0
0.0,0.4985075629856677,0.0,0.0,0.0,0.0,0.4889118383472079,0.0,0.0,0.0,0.0,0.0,0.5566812760234895,0.0,0.0,0.0,0.0,0.0,0.0,0.0,0.4500681958269253,0.0
0.28370287611970924,0.0,0.0,0.0,0.0,0.0,0.46791276392875136,0.0,0.0,0.476157042907609,0.0,0.0,0.0,0.0,0.0,0.0,0.0,0.0,0.0,0.5302385469002326,0.0,0.43896682938984405
0.2803062400302968,0.0,0.0,0.0,0.0,0.0,0.0,0.0,0.0,0.47045624699644784,0.0,0.0,0.0,0.5381023833536854,0.0,0.0,0.0,0.4789847797956241,0.0,0.0,0.42558047090452306,0.0
0.0,0.0,0.0,0.0,0.0,0.0,0.0,0.0,0.0,0.0,0.0,0.4989764395964178,0.0,0.0,0.4791011922652265,0.0,0.0,0.0,0.4677616684896493,0.5501668672225729,0.0,0.0
0.2824458457999739,0.0,0.0,0.0,0.0,0.0,0.0,0.0,0.4288289695141537,0.47404728692601006,0.0,0.0,0.0,0.0,0.0,0.0,0.0,0.4826409188752517,0.0,0.5278891666639013,0.0,0.0
0.2819191226192712,0.0,0.0,0.0,0.4907416377771582,0.0,0.4649708091555986,0.0,0.4280292616687074,0.0,0.0,0.0,0.5294217137990298,0.0,0.0,0.0,0.0,0.0,0.0,0.0,0.0,0.0
0.28193189125282936,0.0,0.5372122711989924,0.0,0.0,0.0,0.0,0.0,0.42804864789814673,0.4731846834843234,0.47411812316787905,0.0,0.0,0.0,0.0,0.0,0.0,0.0,0.0,0.0,0.0,0.0
0.0,0.0,0.5629139337837319,0.0,0.0,0.0,0.0,0.0,0.0,0.0,0.0,0.5007643976001657,0.0,0.0,0.480817932262026,0.0,0.0,0.0,0.0,0.0,0.4485276326644069,0.0
0.28021911423105456,0.0,0.0,0.0,0.4877824028983131,0.0,0.0,0.0,0.0,0.0,0.0,0.474997059895542,0.5262292331116595,0.0,0.0,0.0,0.0,0.0,0.0,0.0,0.4254481904434622,0.0
0.0,0.0,0.0,0.0,0.0,0.0,0.0,0.0,0.45215237272578906,0.0,0.5008160530241043,0.0,0.0,0.0,0.4847036237877589,0.0,0.0,0.0,0.0,0.5566003143718221,0.0,0.0
0.27726852531478796,0.0,0.0,0.0,0.4826462602212119,0.0,0.0,0.0,0.0,0.0,0.0,0.46999554148009454,0.0,0.0,0.0,0.5404299667571233,0.0,0.0,0.0,0.0,0.4209684006953115,0.0
0.281291902383829,0.0,0.0,0.4806690707529301,0.0,0.0,0.0,0.0,0.4270769721901304,0.0,0.0,0.0,0.0,0.0,0.0,0.0,0.0,0.4806690707529301,0.0,0.5257324550769396,0.0,0.0
0.28278424049099443,0.0,0.0,0.0,0.0,0.0,0.0,0.0,0.4293427439201054,0.4746152368094084,0.0,0.47934518380948615,0.0,0.0,0.0,0.0,0.5297796271281912,0.0,0.0,0.0,0.0,0.0
0.28021911423105456,0.0,0.0,0.0,0.4877824028983132,0.0,0.0,0.0,0.42544819044346227,0.0,0.0,0.4749970598955421,0.5262292331116596,0.0,0.0,0.0,0.0,0.0,0.0,0.0,0.0,0.0
0.0,0.0,0.0,0.0,0.0,0.0,0.0,0.0,0.0,0.0,0.4960018400473415,0.0,0.0,0.0,0.4800442953548289,0.0,0.0,0.0,0.4686824499067532,0.5512498619649179,0.0,0.0
0.27664297465503673,0.0,0.0,0.0,0.48155735304660535,0.5337426744087101,0.0,0.0,0.0,0.0,0.0,0.0,0.0,0.0,0.0,0.0,0.0,0.4727250248971523,0.0,0.0,0.0,0.4280432088607228
0.279076083869038,0.0,0.0,0.4768827000204785,0.0,0.0,0.0,0.47400775490728403,0.0,0.0,0.0,0.0,0.0,0.0,0.0,0.0,0.5228326139951321,0.0,0.4434660481528134,0.0,0.0,0.0
0.0,0.4899564698927041,0.0,0.0,0.0,0.0,0.0,0.0,0.0,0.0,0.0,0.4938650700401929,0.0,0.559303187971417,0.0,0.0,0.0,0.0,0.0,0.0,0.0,0.450799172724934
0.0,0.4892001534338531,0.0,0.0,0.0,0.0,0.0,0.4940911323618447,0.4416651758211327,0.0,0.0,0.0,0.0,0.0,0.0,0.567000031101033,0.0,0.0,0.0,0.0,0.0,0.0
0.27561610722321517,0.0,0.0,0.4709703230729717,0.0,0.0,0.0,0.0,0.0,0.0,0.0,0.0,0.0,0.0,0.0,0.5372092035879763,0.0,0.4709703230729717,0.437967969820368,0.0,0.0,0.0
0.2801838149537723,0.0,0.0,0.4787755809268647,0.0,0.0,0.0,0.0,0.0,0.0,0.47117842503589313,0.0,0.0,0.5378673645918736,0.0,0.0,0.0,0.0,0.0,0.0,0.4253945966203395,0.0
0.0,0.0,0.0,0.0,0.0,0.0,0.0,0.4959859975371764,0.0,0.0,0.0,0.0,0.0,0.0,0.4752771841957592,0.5691745056928145,0.0,0.0,0.0,0.0,0.0,0.45182947059631107
0.0,0.4919799957960762,0.5574511456346427,0.0,0.0,0.0,0.0,0.0,0.0,0.0,0.0,0.0,0.0,0.0,0.0,0.0,0.0,0.49991255069397417,0.0,0.0,0.44417490431783957,0.0
0.0,0.0,0.0,0.0,0.0,0.0,0.0,0.5003303936171647,0.44724241499592277,0.0,0.0,0.0,0.0,0.5654916658526739,0.4794401894946601,0.0,0.0,0.0,0.0,0.0,0.0,0.0
0.0,0.0,0.0,0.0,0.0,0.0,0.0,0.0,0.0,0.0,0.4941567748930603,0.0,0.0,0.0,0.47825859028206924,0.5727449281575843,0.0,0.0,0.0,0.0,0.4461401684655403,0.0
0.2802841366031087,0.0,0.5340725270082178,0.47894700965820847,0.0,0.0,0.0,0.0,0.42554691194076155,0.0,0.0,0.4751072787706459,0.0,0.0,0.0,0.0,0.0,0.0,0.0,0.0,0.0,0.0
0.2784986294999332,0.0,0.0,0.0,0.4847875244846863,0.0,0.0,0.0,0.0,0.0,0.46834448893517905,0.0,0.0,0.0,0.0,0.0,0.5217507872291969,0.0,0.44254844387979503,0.0,0.0,0.0
0.28015727718066225,0.0,0.5338308004048435,0.4787302334190532,0.0,0.0,0.0,0.4758441502270073,0.42535430512352623,0.0,0.0,0.0,0.0,0.0,0.0,0.0,0.0,0.0,0.0,0.0,0.0,0.0
0.2812972565778875,0.0,0.5360029949670906,0.0,0.0,0.0,0.0,0.4777803930867605,0.4270851013007363,0.4721195347121994,0.0,0.0,0.0,0.0,0.0,0.0,0.0,0.0,0.0,0.0,0.0,0.0
0.0,0.0,0.0,0.0,0.0,0.0,0.4935414202570165,0.0,0.0,0.0,0.0,0.0,0.0,0.0,0.48703798079297667,0.0,0.0,0.0,0.0,0.5592809294512118,0.4543299612704137,0.0
0.281140245950894,0.0,0.0,0.4804099216054615,0.0,0.0,0.0,0.0,0.0,0.0,0.4727868321844419,0.0,0.0,0.0,0.0,0.0,0.5266997001388265,0.0,0.0,0.0,0.0,0.43500173162457173
0.0,0.4900626680465964,0.0,0.0,0.0,0.5622397541058847,0.0,0.0,0.44244388094910864,0.0,0.0,0.0,0.0,0.0,0.0,0.0,0.0,0.4979643084606536,0.0,0.0,0.0,0.0
0.0,0.4965258161760845,0.0,0.0,0.0,0.0,0.0,0.0,0.44827901291898115,0.0,0.4965258161760845,0.0,0.0,0.0,0.0,0.0,0.5531456899567511,0.0,0.0,0.0,0.0,0.0
0.27970749195661504,0.0,0.0,0.0,0.48689181289310524,0.0,0.0,0.0,0.424671409846435,0.0,0.0,0.0,0.5252684471286622,0.0,0.0,0.0,0.0,0.47796164447692946,0.0,0.0,0.0,0.0
0.0,0.0,0.0,0.0,0.0,0.0,0.4850408079722766,0.0,0.0,0.0,0.0,0.0,0.0,0.0,0.478649381837072,0.5732129257756984,0.0,0.0,0.0,0.0,0.0,0.45503530147918575
0.2821334657824094,0.0,0.0,0.48210712671311673,0.0,0.0,0.0,0.0,0.0,0.0,0.4744571062365139,0.0,0.0,0.0,0.0,0.0,0.528560439022588,0.0,0.0,0.0,0.4283546923986607,0.0
0.28028328303514355,0.0,0.0,0.0,0.0,0.5407661237946685,0.0,0.47605816982825655,0.0,0.4704177167739992,0.0,0.0,0.0,0.0,0.0,0.0,0.0,0.0,0.0,0.0,0.4255456159943833,0.0
0.27670133204608466,0.0,0.0,0.0,0.0,0.0,0.0,0.0,0.0,0.4644058947786854,0.0,0.0,0.0,0.0,0.0,0.539324438320377,0.0,0.4728247454816727,0.4396924470915236,0.0,0.0,0.0
0.0,0.0,0.0,0.0,0.0,0.0,0.48875199359284766,0.0,0.0,0.0,0.0,0.0,0.0,0.0,0.4823116648325895,0.0,0.0,0.0,0.47089615454185396,0.5538535531736951,0.0,0.0
0.0,0.0,0.0,0.0,0.0,0.0,0.0,0.0,0.0,0.0,0.0,0.0,0.0,0.5624731232094887,0.4768809817392917,0.0,0.0,0.5006780742771239,0.0,0.0,0.0,0.4533541450791903
0.2771966059054217,0.0,0.0,0.0,0.0,0.0,0.0,0.0,0.0,0.465237145203485,0.0,0.4698736314951453,0.0,0.0,0.0,0.5402897871100867,0.0,0.0,0.4404794623674606,0.0,0.0,0.0
0.2804606076050781,0.0,0.0,0.0,0.48820277471551937,0.0,0.0,0.4763593537209044,0.4258148425159461,0.0,0.0,0.0,0.0,0.0,0.0,0.0,0.0,0.0,0.0,0.5241787713724971,0.0,0.0
0.27713793465406866,0.0,0.0,0.0,0.482418938732253,0.5346976282582993,0.0,0.0,0.0,0.0,0.0,0.4697741783512384,0.0,0.0,0.0,0.0,0.0,0.0,0.0,0.0,0.0,0.428809048898799
0.27989153587531457,0.0,0.0,0.0,0.487212181420243,0.0,0.0,0.0,0.0,0.0,0.0,0.0,0.0,0.0,0.0,0.0,0.5243603153234525,0.4782761370685374,0.0,0.0,0.42495083815162993,0.0
0.2822584655019473,0.0,0.0,0.0,0.0,0.0,0.0,0.0,0.0,0.4737327943490301,0.0,0.0,0.0,0.0,0.0,0.0,0.5287946186384425,0.48232072510868185,0.0,0.0,0.4285444756853193,0.0
0.0,0.0,0.0,0.0,0.0,0.0,0.0,0.0,0.4503202765739681,0.0,0.0,0.0,0.0,0.0,0.4827396317853244,0.0,0.0,0.50682907994779,0.0,0.5543450009961222,0.0,0.0
0.0,0.49181613413873587,0.0,0.0,0.0,0.0,0.0,0.0,0.0,0.0,0.0,0.49573956965302357,0.0,0.5614260625639085,0.0,0.0,0.0,0.0,0.0,0.0,0.44402696489633375,0.0
0.0,0.0,0.0,0.0,0.0,0.0,0.48744651245474846,0.0,0.0,0.0,0.0,0.0,0.0,0.5673590197496969,0.48102338613628065,0.0,0.0,0.0,0.0,0.0,0.0,0.45729218470727484
0.0,0.49496898049449156,0.0,0.0,0.0,0.0,0.0,0.0,0.0,0.0,0.49496898049449156,0.0,0.0,0.0,0.0,0.0,0.0,0.0,0.0,0.5501019555662575,0.0,0.4554110837239981
0.0,0.49590686467427325,0.0,0.0,0.0,0.0,0.0,0.0,0.4477202041738216,0.0,0.0,0.4998629337610455,0.0,0.0,0.0,0.0,0.0,0.0,0.0,0.5511443075958273,0.0,0.0
0.0,0.0,0.0,0.0,0.0,0.5634620900376209,0.0,0.0,0.0,0.0,0.4911280875648382,0.0,0.0,0.0,0.47532734294196316,0.0,0.0,0.0,0.4640771398669341,0.0,0.0,0.0
0.282294649513168,0.0,0.0,0.0,0.4913953241295706,0.0,0.4655901677932555,0.0,0.0,0.0,0.0,0.0,0.0,0.0,0.0,0.0,0.0,0.0,0.0,0.5276065819382575,0.4285994127731732,0.0
0.0,0.0,0.0,0.0,0.0,0.567422813481627,0.0,0.49952512596264587,0.0,0.0,0.0,0.0,0.0,0.0,0.47866854403437686,0.0,0.0,0.0,0.0,0.0,0.44652259094541613,0.0
0.28168333976040383,0.0,0.0,0.48133795541850943,0.0,0.0,0.0,0.478436151258564,0.0,0.0,0.0,0.0,0.0,0.0,0.0,0.0,0.0,0.0,0.0,0.5264640485968795,0.4276712796983555,0.0
0.0,0.0,0.0,0.0,0.0,0.0,0.48875199359284766,0.0,0.0,0.0,0.0,0.0,0.0,0.0,0.4823116648325895,0.0,0.0,0.0,0.47089615454185396,0.5538535531736951,0.0,0.0
0.0,0.4889465503406412,0.0,0.0,0.0,0.5609592530894518,0.0,0.49383499376782347,0.0,0.0,0.0,0.0,0.0,0.0,0.0,0.0,0.0,0.0,0.0,0.0,0.0,0.4498699658941958
0.2812972565778875,0.0,0.5360029949670906,0.0,0.0,0.0,0.0,0.4777803930867605,0.4270851013007363,0.4721195347121994,0.0,0.0,0.0,0.0,0.0,0.0,0.0,0.0,0.0,0.0,0.0,0.0
0.28107716691614987,0.0,0.0,0.0,0.0,0.0,0.0,0.0,0.0,0.4717501438764741,0.0,0.0,0.5278405878819654,0.0,0.0,0.0,0.0,0.48030213271869476,0.0,0.0,0.0,0.4349041309084235
0.0,0.0,0.0,0.0,0.0,0.0,0.0,0.0,0.0,0.0,0.5000747678395846,0.0,0.5584313670203913,0.0,0.4839861874894868,0.0,0.0,0.0,0.0,0.0,0.4514831173115044,0.0
0.0,0.0,0.0,0.0,0.0,0.0,0.0,0.5041829741119521,0.0,0.0,0.0,0.0,0.0,0.0,0.48313191389523225,0.0,0.556116011938144,0.0,0.0,0.0,0.45068621418629007,0.0
0.27726852531478796,0.0,0.0,0.0,0.4826462602212119,0.0,0.0,0.0,0.4209684006953115,0.0,0.0,0.46999554148009454,0.0,0.0,0.0,0.5404299667571233,0.0,0.0,0.0,0.0,0.0,0.0
0.2807586839008349,0.0,0.5349767618234776,0.0,0.48872164143233937,0.0,0.4630568909904393,0.0,0.0,0.0,0.0,0.0,0.0,0.0,0.0,0.0,0.0,0.0,0.0,0.0,0.426267402724024,0.0
0.2780996775506618,0.0,0.0,0.0,0.0,0.0,0.0,0.0,0.0,0.46675282925298245,0.0,0.0,0.0,0.0,0.0,0.5420499832183983,0.0,0.47521422569272925,0.0,0.0,0.0,0.4302971312044135
0.28229231630057616,0.0,0.0,0.0,0.0,0.0,0.0,0.0,0.0,0.4737896083524539,0.47472424135628627,0.0,0.0,0.0,0.0,0.0,0.5288580361168864,0.0,0.0,0.0,0.0,0.4367843031499328
0.2833217088012225,0.0,0.0,0.0,0.0,0.0,0.4672841025068023,0.0,0.0,0.475517304933479,0.0,0.0,0.532055659213234,0.0,0.0,0.0,0.0,0.0,0.0,0.0,0.0,0.4383770581067621
0.0,0.4915737944050197,0.0,0.0,0.0,0.0,0.0,0.4964885047809496,0.0,0.0,0.0,0.0,0.0,0.561149422915351,0.0,0.0,0.0,0.0,0.0,0.0,0.4438081730166728,0.0
0.0,0.0,0.5644976797327477,0.0,0.0,0.0,0.48860914940939676,0.0,0.0,0.0,0.0,0.0,0.0,0.0,0.48217070291972774,0.0,0.0,0.0,0.0,0.0,0.0,0.45838289882549693
0.28006523422494783,0.0,0.0,0.0,0.0,0.0,0.0,0.0,0.42521455909278444,0.47005175123254134,0.4709790106583841,0.0,0.0,0.0,0.0,0.5458810914443957,0.0,0.0,0.0,0.0,0.0,0.0
0.2793033371638989,0.0,0.0,0.0,0.48618829344734954,0.0,0.0,0.47439374220723074,0.0,0.0,0.0,0.0,0.0,0.0,0.0,0.0,0.5232583596647141,0.0,0.0,0.0,0.0,0.43215952559150583
0.281291902383829,0.0,0.0,0.4806690707529301,0.0,0.0,0.0,0.0,0.0,0.0,0.0,0.0,0.0,0.0,0.0,0.0,0.0,0.4806690707529301,0.0,0.5257324550769396,0.4270769721901304,0.0
0.2795608861237843,0.0,0.0,0.4777111257494563,0.0,0.0,0.0,0.4748311863714225,0.42444882265263323,0.0,0.0,0.0,0.0,0.5366715314629356,0.0,0.0,0.0,0.0,0.0,0.0,0.0,0.0
0.2814974719578825,0.0,0.0,0.4810203461906444,0.0,0.0,0.0,0.4781204567763953,0.0,0.0,0.0,0.0,0.0,0.0,0.0,0.0,0.5273689420331211,0.0,0.0,0.0,0.42738908224561784,0.0
0.2804041705896476,0.0,0.0,0.0,0.48810453379760543,0.0,0.0,0.0,0.42572915590547045,0.0,0.0,0.475310747370031,0.0,0.0,0.0,0.0,0.5253207062820886,0.0,0.0,0.0,0.0,0.0
0.0,0.0,0.0,0.0,0.0,0.0,0.0,0.0,0.44527016373931855,0.0,0.0,0.49712755486144056,0.0,0.0,0.47732595237292813,0.5716280352399828,0.0,0.0,0.0,0.0,0.0,0.0
0.0,0.0,0.0,0.0,0.0,0.0,0.0,0.5025851871224077,0.0,0.0,0.0,0.0,0.0,0.0,0.4816008390158887,0.0,0.0,0.0,0.0,0.553037289680661,0.0,0.45784114905389944
0.28453165623883414,0.0,0.0,0.0,0.0,0.0,0.4692796756835173,0.0,0.4319957923030141,0.47754803864279716,0.0,0.0,0.0,0.0,0.0,0.0,0.5330533076618768,0.0,0.0,0.0,0.0,0.0
0.0,0.4927206616295526,0.5582903769467528,0.0,0.0,0.0,0.0,0.4976468382803579,0.0,0.0,0.0,0.0,0.0,0.0,0.0,0.0,0.0,0.0,0.0,0.0,0.4448436005626605,0.0
0.0,0.0,0.0,0.0,0.0,0.0,0.0,0.0,0.45091534218762797,0.0,0.0,0.5034301863586804,0.0,0.0,0.48337753722767257,0.0,0.556398740245149,0.0,0.0,0.0,0.0,0.0
0.0,0.48400507663384557,0.0,0.0,0.0,0.0,0.0,0.0,0.0,0.0,0.0,0.0,0.0,0.0,0.0,0.560978755992061,0.0,0.4918090460514369,0.4573464587599213,0.0,0.0,0.0
0.0,0.0,0.0,0.0,0.0,0.0,0.0,0.0,0.45058154287793073,0.0,0.0,0.5030575118609089,0.557316225780096,0.0,0.4830197071137826,0.0,0.0,0.0,0.0,0.0,0.0,0.0
0.0,0.4953003813170775,0.0,0.0,0.0,0.0,0.0,0.5002523497722051,0.0,0.0,0.0,0.0,0.0,0.0,0.0,0.0,0.551780516206466,0.0,0.0,0.0,0.44717265205899037,0.0
0.2798416883013541,0.0,0.0,0.0,0.0,0.0,0.0,0.0,0.0,0.4696765595270912,0.0,0.4743572883816393,0.0,0.5372105858949199,0.0,0.0,0.0,0.0,0.0,0.0,0.0,0.4329925037239073
0.27777116233625165,0.0,0.0,0.0,0.48352120943653576,0.0,0.4581295547163049,0.0,0.0,0.0,0.0,0.0,0.0,0.533235808321303,0.0,0.0,0.0,0.0,0.4413924616696169,0.0,0.0,0.0
0.0,0.4937550083133355,0.0,0.0,0.0,0.0,0.0,0.4986915262688177,0.0,0.0,0.0,0.0,0.0,0.0,0.0,0.0,0.0,0.0,0.0,0.548752762996271,0.0,0.45429413214032766
0.2807188392416261,0.0,0.0,0.0,0.48865228312441356,0.0,0.0,0.0,0.42620690778524817,0.0,0.47207816259335517,0.0,0.5271676769783508,0.0,0.0,0.0,0.0,0.0,0.0,0.0,0.0,0.0
0.2767935792158398,0.0,0.0,0.47298237661499015,0.0,0.534033244162601,0.0,0.47013094507382086,0.0,0.0,0.0,0.0,0.0,0.0,0.0,0.0,0.0,0.0,0.43983903252176704,0.0,0.0,0.0
0.0,0.0,0.0,0.0,0.0,0.5655331466016693,0.0,0.0,0.0,0.0,0.0,0.4968656213055982,0.0,0.0,0.47707445216382033,0.0,0.0,0.0,0.0,0.0,0.0,0.4535380706754478
0.28039193712899463,0.0,0.0,0.4791312182264791,0.0,0.0,0.46245201345792764,0.0,0.0,0.0,0.0,0.0,0.0,0.5382668956137436,0.0,0.0,0.0,0.0,0.0,0.0,0.0,0.43384389087425446
0.2792810404774389,0.0,0.0,0.4772329280280034,0.0,0.5388324414959492,0.0,0.0,0.0,0.0,0.0,0.47340693897836145,0.0,0.0,0.0,0.0,0.0,0.0,0.0,0.0,0.4240239414871644,0.0
0.0,0.4923024678988024,0.0,0.0,0.0,0.0,0.0,0.0,0.0,0.0,0.0,0.0,0.5497520727229117,0.0,0.0,0.0,0.0,0.5002402222513118,0.0,0.0,0.0,0.4529576786848514
0.2823205970784228,0.0,0.0,0.48242689498728775,0.0,0.0,0.0,0.0,0.42863880817528327,0.0,0.4747718004644624,0.0,0.0,0.0,0.0,0.0,0.0,0.0,0.0,0.5276550777430391,0.0,0.0
0.0,0.0,0.0,0.0,0.0,0.0,0.0,0.0,0.0,0.0,0.0,0.0,0.0,0.0,0.47637160333498163,0.5704851418716619,0.0,0.5001432771090377,0.0,0.0,0.44437990593900745,0.0
0.27783028662113546,0.0,0.0,0.0,0.48362412813224787,0.0,0.0,0.0,0.0,0.0,0.0,0.47094777833806317,0.5217432046526331,0.0,0.0,0.0,0.0,0.0,0.44148641315626447,0.0,0.0,0.0
0.0,0.0,0.0,0.0,0.0,0.0,0.0,0.0,0.45215237272578906,0.0,0.5008160530241043,0.0,0.0,0.0,0.4847036237877589,0.0,0.0,0.0,0.0,0.5566003143718221,0.0,0.0
0.28329784024355253,0.0,0.0,0.0,0.0,0.0,0.0,0.0,0.0,0.47547724477619746,0.4764152069385262,0.0,0.0,0.0,0.0,0.0,0.5307418260291303,0.0,0.0,0.0,0.43012252686224217,0.0
0.0,0.48847522742893634,0.0,0.0,0.0,0.0,0.0,0.0,0.44101068998507675,0.0,0.0,0.0,0.0,0.0,0.0,0.5661598165907787,0.0,0.4963512723717257,0.0,0.0,0.0,0.0
0.0,0.49238539244268154,0.0,0.0,0.0,0.5649045724617004,0.4829075128823754,0.0,0.0,0.0,0.0,0.0,0.0,0.0,0.0,0.0,0.0,0.0,0.0,0.0,0.0,0.4530339759032298
0.28011762410746,0.0,0.0,0.4786624746045011,0.0,0.0,0.46199958743446445,0.0,0.425294101063979,0.0,0.0,0.0,0.0,0.0,0.0,0.5459832056761943,0.0,0.0,0.0,0.0,0.0,0.0
0.0,0.4927206616295526,0.5582903769467528,0.0,0.0,0.0,0.0,0.4976468382803579,0.0,0.0,0.0,0.0,0.0,0.0,0.0,0.0,0.0,0.0,0.0,0.0,0.4448436005626605,0.0
0.0,0.4944725005944796,0.0,0.0,0.0,0.0,0.48495444648798325,0.0,0.0,0.0,0.0,0.0,0.0,0.0,0.0,0.0,0.0,0.0,0.4672373452647262,0.5495501743947929,0.0,0.0
0.0,0.0,0.0,0.0,0.0,0.5665634179223797,0.0,0.0,0.4458463059553793,0.0,0.0,0.0,0.0,0.0,0.4779435720887294,0.0,0.0,0.5017936895150424,0.0,0.0,0.0,0.0
0.2797721587441141,0.0,0.533096969446383,0.47807214650131163,0.0,0.0,0.0,0.0,0.4247695914704785,0.0,0.0,0.0,0.0,0.0,0.0,0.0,0.0,0.47807214650131163,0.0,0.0,0.0,0.0
0.0,0.0,0.562630913844853,0.0,0.0,0.0,0.0,0.501515890216363,0.0,0.0,0.0,0.0,0.0,0.0,0.48057618826950127,0.0,0.0,0.0,0.0,0.0,0.44830212347807546,0.0
0.27869540099274803,0.0,0.0,0.4762321925481797,0.0,0.0,0.0,0.0,0.0,0.0,0.0,0.0,0.0,0.0,0.0,0.0,0.5221194270371009,0.4762321925481797,0.44286112375941045,0.0,0.0,0.0
0.0,0.49099005270698054,0.0,0.0,0.0,0.0,0.0,0.4958989268861626,0.0,0.0,0.0,0.0,0.0,0.0,0.0,0.0,0.0,0.0,0.46394670786017567,0.5456798280325684,0.0,0.0
0.0,0.0,0.0,0.0,0.0,0.0,0.0,0.0,0.44437990593900745,0.0,0.0,0.0,0.0,0.0,0.47637160333498163,0.5704851418716619,0.0,0.5001432771090377,0.0,0.0,0.0,0.0
0.0,0.0,0.0,0.0,0.0,0.0,0.0,0.0,0.0,0.0,0.4895303046642728,0.0,0.0,0.0,0.4737809644717569,0.5673826878859952,0.0,0.0,0.46256736158831996,0.0,0.0,0.0
0.2824458457999739,0.0,0.0,0.0,0.0,0.0,0.0,0.0,0.4288289695141537,0.47404728692601006,0.0,0.0,0.0,0.0,0.0,0.0,0.0,0.4826409188752517,0.0,0.5278891666639013,0.0,0.0
0.27873958615305616,0.0,0.0,0.0,0.48520696202226177,0.0,0.0,0.0,0.0,0.0,0.0,0.0,0.5234507969297142,0.0,0.0,0.0,0.0,0.47630769575238285,0.0,0.0,0.0,0.43128724682866904
0.0,0.4927206616295526,0.5582903769467528,0.0,0.0,0.0,0.0,0.4976468382803579,0.0,0.0,0.0,0.0,0.0,0.0,0.0,0.0,0.0,0.0,0.0,0.0,0.4448436005626605,0.0
0.0,0.4883713233364772,0.5533622423987122,0.0,0.0,0.0,0.0,0.0,0.0,0.0,0.0,0.4922672780665786,0.0,0.0,0.0,0.0,0.0,0.0,0.4614722160379414,0.0,0.0,0.0
0.0,0.48991067310460645,0.0,0.0,0.0,0.0,0.0,0.0,0.0,0.0,0.0,0.0,0.0,0.0,0.0,0.0,0.5457762083321789,0.4978098627925532,0.4629267796349663,0.0,0.0,0.0
0.0,0.0,0.5644976797327477,0.0,0.0,0.0,0.48860914940939676,0.0,0.0,0.0,0.0,0.0,0.0,0.0,0.48217070291972774,0.0,0.0,0.0,0.0,0.0,0.0,0.45838289882549693
0.28370287611970924,0.0,0.0,0.0,0.0,0.0,0.46791276392875136,0.0,0.0,0.476157042907609,0.0,0.0,0.0,0.0,0.0,0.0,0.0,0.0,0.0,0.5302385469002326,0.0,0.43896682938984405
0.0,0.0,0.562630913844853,0.0,0.0,0.0,0.0,0.501515890216363,0.0,0.0,0.0,0.0,0.0,0.0,0.48057618826950127,0.0,0.0,0.0,0.0,0.0,0.44830212347807546,0.0
0.27783028662113546,0.0,0.0,0.0,0.48362412813224787,0.0,0.0,0.0,0.0,0.0,0.0,0.47094777833806317,0.5217432046526331,0.0,0.0,0.0,0.0,0.0,0.44148641315626447,0.0,0.0,0.0
0.0,0.0,0.0,0.0,0.0,0.0,0.0,0.0,0.0,0.0,0.4956430466653465,0.0,0.0,0.0,0.47969704519902034,0.0,0.5521622563986522,0.0,0.468343418581249,0.0,0.0,0.0
0.28329784024355253,0.0,0.0,0.0,0.0,0.0,0.0,0.0,0.0,0.47547724477619746,0.4764152069385262,0.0,0.0,0.0,0.0,0.0,0.5307418260291303,0.0,0.0,0.0,0.43012252686224217,0.0
0.0,0.4940005899313598,0.0,0.0,0.0,0.0,0.0,0.0,0.0,0.0,0.0,0.4979414518187191,0.0,0.0,0.0,0.0,0.0,0.0,0.0,0.549025699147121,0.0,0.4545200868874219
0.279076083869038,0.0,0.0,0.4768827000204785,0.0,0.0,0.0,0.47400775490728403,0.0,0.0,0.0,0.0,0.0,0.0,0.0,0.0,0.5228326139951321,0.0,0.4434660481528134,0.0,0.0,0.0
0.0,0.4930445933113656,0.0,0.0,0.0,0.0,0.0,0.4979740086018539,0.0,0.0,0.0,0.0,0.5505808010157401,0.0,0.0,0.0,0.0,0.0,0.0,0.0,0.0,0.45364049347065244
0.27777116233625165,0.0,0.0,0.0,0.48352120943653576,0.0,0.4581295547163049,0.0,0.0,0.0,0.0,0.0,0.0,0.533235808321303,0.0,0.0,0.0,0.0,0.4413924616696169,0.0,0.0,0.0
0.0,0.0,0.0,0.0,0.0,0.0,0.0,0.0,0.0,0.0,0.0,0.4976612627959508,0.0,0.5636023839244262,0.4778384016339635,0.0,0.0,0.0,0.0,0.0,0.0,0.45426433083717055
0.0,0.0,0.0,0.0,0.0,0.0,0.49317394005208204,0.0,0.0,0.0,0.0,0.0,0.0,0.0,0.48667534290759007,0.0,0.5601947274074882,0.0,0.0,0.0,0.4539916770648275,0.0
0.0,0.4899564698927041,0.0,0.0,0.0,0.0,0.0,0.0,0.0,0.0,0.0,0.4938650700401929,0.0,0.559303187971417,0.0,0.0,0.0,0.0,0.0,0.0,0.0,0.450799172724934
0.0,0.0,0.0,0.0,0.0,0.0,0.0,0.0,0.0,0.0,0.0,0.0,0.0,0.0,0.47637160333498163,0.5704851418716619,0.0,0.5001432771090377,0.0,0.0,0.44437990593900745,0.0
0.0,0.49425332020758583,0.0,0.0,0.0,0.0,0.0,0.0,0.0,0.0,0.49425332020758583,0.0,0.5519305812014644,0.0,0.0,0.0,0.0,0.0,0.0,0.0,0.0,0.4547526189723032
0.2796705397567297,0.0,0.0,0.0,0.48682748954063887,0.0,0.46126220867708007,0.0,0.0,0.0,0.0,0.0,0.0,0.0,0.0,0.0,0.5239462921052653,0.0,0.4444106687009486,0.0,0.0,0.0
0.0,0.4931721037026471,0.0,0.0,0.0,0.0,0.48367908081216676,0.0,0.0,0.0,0.0,0.0,0.0,0.562973951297889,0.0,0.0,0.0,0.0,0.0,0.0,0.0,0.4537578132376842
0.2824458457999739,0.0,0.0,0.0,0.0,0.0,0.0,0.0,0.0,0.47404728692601006,0.0,0.0,0.0,0.0,0.0,0.0,0.0,0.4826409188752517,0.0,0.5278891666639013,0.4288289695141537,0.0
0.2817841562137647,0.0,0.0,0.0,0.0,0.0,0.0,0.0,0.0,0.4729367301315164,0.0,0.4776499493761198,0.0,0.0,0.0,0.0,0.5279060281094918,0.0,0.0,0.0,0.0,0.43599803892455363
0.2794430942224566,0.0,0.0,0.0,0.0,0.0,0.0,0.4746311180820853,0.4242699827779648,0.4690075730842177,0.0,0.0,0.0,0.0,0.0,0.5446684651627689,0.0,0.0,0.0,0.0,0.0,0.0
0.0,0.4915737944050197,0.0,0.0,0.0,0.0,0.0,0.4964885047809496,0.0,0.0,0.0,0.0,0.0,0.561149422915351,0.0,0.0,0.0,0.0,0.0,0.0,0.4438081730166728,0.0
0.0,0.49688653146790857,0.0,0.0,0.0,0.0,0.0,0.0,0.44860467794926895,0.0,0.49688653146790857,0.0,0.0,0.0,0.0,0.0,0.0,0.0,0.0,0.5522330962678846,0.0,0.0
0.27948693115902457,0.0,0.0,0.0,0.48650787878450924,0.0,0.4609593819746923,0.0,0.0,0.0,0.0,0.0,0.524854251474347,0.0,0.0,0.0,0.0,0.0,0.4441189053291028,0.0,0.0,0.0
0.0,0.49083828080406977,0.0,0.0,0.0,0.0,0.0,0.0,0.0,0.0,0.0,0.0,0.0,0.5603098073023605,0.0,0.0,0.0,0.4987524269924079,0.0,0.0,0.44314412836827655,0.0
0.2783254198306645,0.0,0.0,0.4755999720687856,0.0,0.0,0.0,0.4727327600364014,0.0,0.0,0.0,0.0,0.0,0.0,0.0,0.5424899822869512,0.0,0.0,0.0,0.0,0.42257305161465786,0.0
0.2831478697285386,0.0,0.539529279593332,0.0,0.0,0.0,0.4669973887374854,0.0,0.42989483117343225,0.47522553947828483,0.0,0.0,0.0,0.0,0.0,0.0,0.0,0.0,0.0,0.0,0.0,0.0
0.27880714253676564,0.0,0.0,0.47642313549275883,0.0,0.5379181238467584,0.0,0.0,0.0,0.0,0.46886330793556175,0.0,0.0,0.0,0.0,0.0,0.0,0.0,0.0,0.0,0.0,0.4313917752422247
0.27794779645337114,0.0,0.0,0.4749546926408322,0.0,0.0,0.0,0.0,0.0,0.0,0.0,0.0,0.0,0.0,0.0,0.5417539485485178,0.0,0.4749546926408322,0.0,0.0,0.421999717482975,0.0
0.27777116233625165,0.0,0.0,0.0,0.48352120943653576,0.0,0.4581295547163049,0.0,0.0,0.0,0.0,0.0,0.0,0.533235808321303,0.0,0.0,0.0,0.0,0.4413924616696169,0.0,0.0,0.0
0.0,0.49012531548211236,0.0,0.0,0.0,0.5623116283396031,0.0,0.0,0.0,0.0,0.49012531548211236,0.0,0.0,0.0,0.0,0.0,0.0,0.0,0.0,0.0,0.0,0.45095452418307513
0.2773946469741026,0.0,0.5285666962229653,0.47400947578981634,0.0,0.0,0.0,0.0,0.0,0.0,0.0,0.0,0.0,0.0,0.0,0.0,0.0,0.47400947578981634,0.4407941596675025,0.0,0.0,0.0
0.2773946469741026,0.0,0.5285666962229653,0.47400947578981634,0.0,0.0,0.0,0.0,0.0,0.0,0.0,0.0,0.0,0.0,0.0,0.0,0.0,0.47400947578981634,0.4407941596675025,0.0,0.0,0.0
0.2798976454378028,0.0,0.0,0.0,0.0,0.5400220917338008,0.0,0.0,0.0,0.4697704760392727,0.0,0.0,0.0,0.0,0.0,0.0,0.0,0.4782865770339223,0.0,0.0,0.424960114115235,0.0
0.0,0.0,0.0,0.0,0.0,0.0,0.4928038650939392,0.0,0.0,0.0,0.0,0.0,0.5611127874857855,0.0,0.48631014446029036,0.0,0.0,0.0,0.0,0.0,0.4536510042570363,0.0
0.28028328303514355,0.0,0.0,0.0,0.0,0.5407661237946685,0.0,0.47605816982825655,0.4255456159943833,0.4704177167739992,0.0,0.0,0.0,0.0,0.0,0.0,0.0,0.0,0.0,0.0,0.0,0.0
0.27835614853021173,0.0,0.5303988069232604,0.0,0.4845395053230786,0.0,0.4590943757664817,0.0,0.0,0.0,0.0,0.0,0.0,0.0,0.0,0.0,0.0,0.0,0.44232203439424045,0.0,0.0,0.0
0.0,0.0,0.0,0.0,0.0,0.0,0.48935064505130327,0.0,0.4504721397001123,0.0,0.0,0.0,0.0,0.569575317899035,0.482902427807201,0.0,0.0,0.0,0.0,0.0,0.0,0.0
0.0,0.4962403286299254,0.5622784301569965,0.0,0.0,0.0,0.48668824576981357,0.0,0.0,0.0,0.0,0.0,0.0,0.0,0.0,0.0,0.0,0.0,0.0,0.0,0.4480212658467776,0.0
0.0,0.0,0.0,0.0,0.0,0.0,0.0,0.49972703955253867,0.0,0.0,0.0,0.0,0.0,0.0,0.478862027162795,0.0,0.0,0.0,0.4675281640251145,0.5498922264634223,0.0,0.0
0.0,0.4907753471981079,0.0,0.0,0.0,0.0,0.4813284592454914,0.0,0.0,0.0,0.0,0.0,0.0,0.0,0.0,0.5688257355842664,0.0,0.0,0.0,0.0,0.0,0.45155260539604475
0.2785046482992235,0.0,0.0,0.0,0.0,0.5373345048933392,0.0,0.0,0.0,0.46743251807650316,0.4683546106060924,0.0,0.0,0.0,0.0,0.0,0.0,0.0,0.4425580080570577,0.0,0.0,0.0
0.0,0.4992418903337477,0.0,0.0,0.0,0.0,0.4896320306980485,0.0,0.45073116948918496,0.0,0.0,0.0,0.0,0.0,0.0,0.0,0.0,0.0,0.0,0.554850810850451,0.0,0.0
0.0,0.4889465503406412,0.0,0.0,0.0,0.5609592530894518,0.0,0.49383499376782347,0.0,0.0,0.0,0.0,0.0,0.0,0.0,0.0,0.0,0.0,0.0,0.0,0.0,0.4498699658941958
0.28110680786222636,0.0,0.0,0.4803527829005382,0.0,0.0,0.0,0.0,0.42679594878638105,0.0,0.0,0.0,0.0,0.0,0.0,0.0,0.5266370558481989,0.4803527829005382,0.0,0.0,0.0,0.0
0.0,0.49181613413873587,0.0,0.0,0.0,0.0,0.0,0.0,0.0,0.0,0.0,0.49573956965302357,0.0,0.5614260625639085,0.0,0.0,0.0,0.0,0.0,0.0,0.44402696489633375,0.0
0.2787192435735102,0.0,0.0,0.4762729345355678,0.0,0.0,0.0,0.0,0.0,0.0,0.0,0.4724546417792328,0.0,0.5350558347799598,0.0,0.0,0.0,0.0,0.0,0.0,0.0,0.4312557712307934
0.0,0.0,0.0,0.0,0.0,0.0,0.0,0.4978772115535763,0.4450495298853223,0.0,0.0,0.0,0.0,0.0,0.4770894346965583,0.5713447903546572,0.0,0.0,0.0,0.0,0.0,0.0
0.0,0.0,0.0,0.0,0.0,0.0,0.0,0.0,0.0,0.0,0.0,0.5014674342920091,0.0,0.0,0.4814929655712957,0.0,0.5542294766473332,0.0,0.0,0.0,0.0,0.45773859752611185
0.2775345450912532,0.0,0.0,0.0,0.48310932558396824,0.0,0.0,0.0,0.0,0.0,0.0,0.47044646936216206,0.0,0.5327815754670415,0.0,0.0,0.0,0.0,0.0,0.0,0.0,0.42942271495849854
0.0,0.4961625335179807,0.0,0.0,0.0,0.0,0.0,0.0,0.4479510299902393,0.0,0.4961625335179807,0.0,0.5540625915875581,0.0,0.0,0.0,0.0,0.0,0.0,0.0,0.0,0.0
0.28092815684424766,0.0,0.0,0.0,0.4890166460032837,0.0,0.4633364036779664,0.0,0.0,0.0,0.0,0.0,0.5275607588057863,0.0,0.0,0.0,0.0,0.0,0.0,0.0,0.0,0.4346735711068991
0.0,0.0,0.5604625574512327,0.0,0.0,0.0,0.0,0.4995830686093499,0.0,0.0,0.0,0.0,0.0,0.0,0.47872406741226875,0.0,0.0,0.0,0.0,0.0,0.0,0.45510630245508876
0.27906090952988605,0.0,0.0,0.0,0.0,0.0,0.0,0.0,0.4236897233395053,0.4683661275847996,0.0,0.0,0.0,0.0,0.0,0.5439235408679305,0.0,0.47685677024632706,0.0,0.0,0.0,0.0
0.0,0.49518713441934553,0.0,0.0,0.0,0.0,0.0,0.0,0.44707040922311453,0.0,0.0,0.4991374618985395,0.55297336756133,0.0,0.0,0.0,0.0,0.0,0.0,0.0,0.0,0.0
0.0,0.49565843051500896,0.0,0.0,0.0,0.0,0.0,0.5006139787136628,0.0,0.0,0.0,0.0,0.0,0.0,0.0,0.0,0.0,0.0,0.0,0.550868201168503,0.4474959100564521,0.0
0.0,0.0,0.0,0.0,0.0,0.0,0.0,0.0,0.0,0.0,0.0,0.4952373263410303,0.0,0.0,0.47551101550233205,0.569454533480303,0.0,0.0,0.0,0.0,0.0,0.45205176587782436
0.27878215162573233,0.0,0.0,0.0,0.4852810564986484,0.5378699074924215,0.459796985089988,0.0,0.0,0.0,0.0,0.0,0.0,0.0,0.0,0.0,0.0,0.0,0.0,0.0,0.0,0.43135310738968163
0.0,0.0,0.0,0.0,0.0,0.0,0.0,0.0,0.0,0.0,0.5004467183393316,0.0,0.0,0.0,0.4843461714676528,0.0,0.5575137007664308,0.0,0.0,0.0,0.45181892583837097,0.0
0.28433831271291793,0.0,0.0,0.0,0.0,0.0,0.4689607931087738,0.0,0.4317022446859619,0.4772235375914693,0.0,0.0,0.5339647605901968,0.0,0.0,0.0,0.0,0.0,0.0,0.0,0.0,0.0
0.2773316144670414,0.0,0.0,0.0,0.48275608063216935,0.0,0.0,0.0,0.0,0.0,0.0,0.0,0.5208067379667572,0.0,0.0,0.0,0.0,0.47390176640913545,0.44069399781764407,0.0,0.0,0.0
0.27880714253676564,0.0,0.0,0.47642313549275883,0.0,0.5379181238467584,0.0,0.0,0.0,0.0,0.46886330793556175,0.0,0.0,0.0,0.0,0.0,0.0,0.0,0.0,0.0,0.0,0.4313917752422247
0.0,0.49264438700042223,0.0,0.0,0.0,0.0,0.48316152207852187,0.0,0.4447747374454904,0.0,0.0,0.0,0.0,0.0,0.0,0.5709920178689358,0.0,0.0,0.0,0.0,0.0,0.0
0.0,0.49624032862992534,0.5622784301569965,0.0,0.0,0.0,0.48668824576981345,0.0,0.4480212658467775,0.0,0.0,0.0,0.0,0.0,0.0,0.0,0.0,0.0,0.0,0.0,0.0,0.0
0.0,0.0,0.0,0.0,0.0,0.0,0.0,0.0,0.0,0.0,0.5000747678395846,0.0,0.5584313670203913,0.0,0.4839861874894868,0.0,0.0,0.0,0.0,0.0,0.4514831173115044,0.0
0.0,0.48649571761198257,0.0,0.0,0.0,0.5581474584342738,0.0,0.0,0.0,0.0,0.0,0.49037670980303844,0.0,0.0,0.0,0.0,0.0,0.0,0.45969991719741415,0.0,0.0,0.0
0.28247976406811526,0.0,0.0,0.0,0.0,0.0,0.0,0.0,0.0,0.47410421416791765,0.47503946778683565,0.0,0.0,0.0,0.0,0.0,0.0,0.0,0.0,0.5279525596525754,0.0,0.4370743366995332
0.0,0.49340106528606936,0.0,0.0,0.0,0.0,0.0,0.4983340445511486,0.0,0.0,0.0,0.0,0.0,0.0,0.0,0.0,0.5496646172094934,0.0,0.0,0.0,0.0,0.45396847622253095
0.27907945746788365,0.0,0.5317770491485673,0.0,0.48579858207315546,0.0,0.0,0.0,0.0,0.0,0.0,0.47306523731705125,0.0,0.0,0.0,0.0,0.0,0.0,0.0,0.0,0.423717884111761,0.0
0.27949937214573894,0.0,0.5325771832405212,0.0,0.0,0.0,0.0,0.0,0.0,0.4691020279938669,0.4700274139242431,0.0,0.0,0.0,0.0,0.0,0.0,0.0,0.44413867468782703,0.0,0.0,0.0
0.0,0.0,0.0,0.0,0.0,0.0,0.0,0.0,0.0,0.0,0.49885282791678925,0.0,0.0,0.0,0.4828035602453051,0.0,0.0,0.0,0.0,0.5544184120439796,0.0,0.4589845342498072
0.2773115785747253,0.0,0.0,0.47386752925669823,0.0,0.0,0.0,0.0,0.0,0.0,0.0,0.4700685206983227,0.0,0.5323535478429018,0.0,0.0,0.0,0.0,0.44066215976881007,0.0,0.0,0.0
0.0,0.0,0.0,0.0,0.0,0.0,0.0,0.5025851871224077,0.0,0.0,0.0,0.0,0.0,0.0,0.4816008390158887,0.0,0.0,0.0,0.0,0.553037289680661,0.0,0.45784114905389944
0.2773115785747253,0.0,0.0,0.47386752925669823,0.0,0.0,0.0,0.0,0.0,0.0,0.0,0.4700685206983227,0.0,0.5323535478429018,0.0,0.0,0.0,0.0,0.44066215976881007,0.0,0.0,0.0
0.0,0.0,0.0,0.0,0.0,0.0,0.0,0.0,0.0,0.0,0.0,0.0,0.5561752872449682,0.0,0.48203086851267984,0.0,0.0,0.5060849483005775,0.0,0.0,0.4496591117307536,0.0
0.28247976406811526,0.0,0.0,0.0,0.0,0.0,0.0,0.0,0.0,0.47410421416791765,0.47503946778683565,0.0,0.0,0.0,0.0,0.0,0.0,0.0,0.0,0.5279525596525754,0.0,0.4370743366995332
0.281425671620992,0.0,0.5362476857562586,0.0,0.0,0.0,0.0,0.0,0.0,0.4723350620555447,0.0,0.47704228516287683,0.0,0.0,0.0,0.0,0.0,0.0,0.0,0.0,0.42728006996968115,0.0
0.0,0.0,0.5586726038123758,0.0,0.0,0.0,0.0,0.0,0.0,0.0,0.49305799696954594,0.0,0.0,0.0,0.47719516262624734,0.0,0.0,0.0,0.465900751383799,0.0,0.0,0.0
0.0,0.49496898049449156,0.0,0.0,0.0,0.0,0.0,0.0,0.0,0.0,0.49496898049449156,0.0,0.0,0.0,0.0,0.0,0.0,0.0,0.0,0.5501019555662575,0.0,0.4554110837239981
0.2803062400302968,0.0,0.0,0.0,0.0,0.0,0.0,0.0,0.42558047090452306,0.47045624699644784,0.0,0.0,0.0,0.5381023833536854,0.0,0.0,0.0,0.4789847797956241,0.0,0.0,0.0,0.0
0.2808211609716194,0.0,0.0,0.0,0.0,0.0,0.0,0.0,0.42636225976752873,0.4713204724005214,0.0,0.4760175842536777,0.0,0.5390908743189043,0.0,0.0,0.0,0.0,0.0,0.0,0.0,0.0
0.2801838149537723,0.0,0.0,0.4787755809268647,0.0,0.0,0.0,0.0,0.0,0.0,0.47117842503589313,0.0,0.0,0.5378673645918736,0.0,0.0,0.0,0.0,0.0,0.0,0.4253945966203395,0.0
0.0,0.49418907669609835,0.0,0.0,0.0,0.0,0.0,0.0,0.44616933154208066,0.0,0.0,0.0,0.5518588407453381,0.0,0.0,0.0,0.0,0.5021572502282153,0.0,0.0,0.0,0.0
0.2845316562388341,0.0,0.0,0.0,0.0,0.0,0.46927967568351725,0.0,0.0,0.4775480386427971,0.0,0.0,0.0,0.0,0.0,0.0,0.5330533076618766,0.0,0.0,0.0,0.43199579230301405,0.0
0.28206971599295455,0.0,0.0,0.0,0.0,0.0,0.0,0.0,0.42825790302496247,0.4734160037359723,0.0,0.0,0.5297045161901606,0.0,0.0,0.0,0.0,0.48199819164673813,0.0,0.0,0.0,0.0
0.0,0.0,0.0,0.0,0.0,0.0,0.0,0.0,0.0,0.0,0.4941567748930603,0.0,0.0,0.0,0.47825859028206924,0.5727449281575843,0.0,0.0,0.0,0.0,0.4461401684655403,0.0
0.2806935712954524,0.0,0.0,0.0,0.0,0.0,0.0,0.47675504006678654,0.42616854422819633,0.47110633032434596,0.0,0.0,0.0,0.5388459411028997,0.0,0.0,0.0,0.0,0.0,0.0,0.0,0.0
0.28011762410746,0.0,0.0,0.4786624746045011,0.0,0.0,0.46199958743446445,0.0,0.0,0.0,0.0,0.0,0.0,0.0,0.0,0.5459832056761943,0.0,0.0,0.0,0.0,0.425294101063979,0.0
0.27796529074483867,0.0,0.0,0.0,0.48385913221482746,0.5362938923713735,0.0,0.472121084621287,0.42202627853562974,0.0,0.0,0.0,0.0,0.0,0.0,0.0,0.0,0.0,0.0,0.0,0.0,0.0
0.28112081245761994,0.0,0.0,0.0,0.0,0.5423820158823167,0.46365415167464646,0.0,0.0,0.4718233970357185,0.0,0.0,0.0,0.0,0.0,0.0,0.0,0.0,0.0,0.0,0.0,0.43497166263463705
0.0,0.0,0.5626309138448529,0.0,0.0,0.0,0.0,0.5015158902163629,0.44830212347807535,0.0,0.0,0.0,0.0,0.0,0.48057618826950116,0.0,0.0,0.0,0.0,0.0,0.0,0.0
0.2826539575661769,0.0,0.0,0.0,0.0,0.0,0.0,0.4800847352597764,0.42914493930295283,0.4743965744783424,0.0,0.0,0.0,0.0,0.0,0.0,0.529535549738266,0.0,0.0,0.0,0.0,0.0
0.27917821858935205,0.0,0.0,0.4770572269111886,0.0,0.0,0.0,0.0,0.0,0.0,0.0,0.0,0.0,0.5359369266525402,0.0,0.0,0.0,0.4770572269111886,0.0,0.0,0.4238678301300053,0.0
0.27895422604549747,0.0,0.5315384246476405,0.0,0.48558058950581207,0.0,0.0,0.4738007806923907,0.0,0.0,0.0,0.0,0.0,0.0,0.0,0.0,0.0,0.0,0.0,0.0,0.4235277490376884,0.0
0.27565499803059246,0.0,0.0,0.0,0.47983756454038146,0.0,0.0,0.0,0.0,0.0,0.0,0.0,0.0,0.5291734190704602,0.0,0.0,0.0,0.4710367793345436,0.4380297692852952,0.0,0.0,0.0
0.0,0.49148003168504506,0.0,0.0,0.0,0.0,0.0,0.0,0.0,0.0,0.49148003168504506,0.0,0.5488336616998567,0.0,0.0,0.0,0.0,0.0,0.46440969918258723,0.0,0.0,0.0
0.0,0.491833118448852,0.0,0.0,0.0,0.0,0.0,0.0,0.0,0.0,0.491833118448852,0.0,0.0,0.0,0.0,0.0,0.5479178741261882,0.0,0.46474333820593217,0.0,0.0,0.0
0.0,0.0,0.0,0.0,0.0,0.0,0.0,0.0,0.0,0.0,0.0,0.49825481514563286,0.5519955204058282,0.0,0.4784083115852921,0.0,0.0,0.0,0.46708518713635105,0.0,0.0,0.0
0.0,0.4901184791682912,0.5553419042312446,0.0,0.0,0.0,0.0,0.0,0.0,0.0,0.0,0.0,0.0,0.0,0.0,0.0,0.0,0.49802101946606425,0.0,0.0,0.0,0.450948234227121
0.0,0.49079469522447783,0.0,0.0,0.0,0.5630795952268813,0.0,0.49570161623720305,0.44310477794588066,0.0,0.0,0.0,0.0,0.0,0.0,0.0,0.0,0.0,0.0,0.0,0.0,0.0
0.2789277710976847,0.0,0.0,0.0,0.0,0.5381508592371846,0.0,0.0,0.0,0.46814267266942683,0.0,0.0,0.0,0.0,0.0,0.0,0.0,0.47662926449182297,0.0,0.0,0.0,0.4315784209951502
0.28193189125282936,0.0,0.5372122711989924,0.0,0.0,0.0,0.0,0.0,0.0,0.4731846834843234,0.47411812316787905,0.0,0.0,0.0,0.0,0.0,0.0,0.0,0.0,0.0,0.42804864789814673,0.0
0.0,0.0,0.0,0.0,0.0,0.0,0.49085929700297987,0.0,0.0,0.0,0.0,0.0,0.5588986773716814,0.0,0.4843912001170941,0.0,0.0,0.0,0.0,0.0,0.0,0.46049384819674505
0.27906090952988605,0.0,0.0,0.0,0.0,0.0,0.0,0.0,0.0,0.4683661275847996,0.0,0.0,0.0,0.0,0.0,0.5439235408679305,0.0,0.47685677024632706,0.0,0.0,0.4236897233395053,0.0
0.27859449622563703,0.0,0.0,0.47605976739043165,0.0,0.0,0.0,0.4731897834262643,0.0,0.0,0.0,0.0,0.0,0.5348163579663135,0.0,0.0,0.0,0.0,0.0,0.0,0.0,0.4310627525750799
0.2792571933384828,0.0,0.0,0.4771921782516145,0.0,0.0,0.0,0.4743153674114221,0.0,0.0,0.0,0.0,0.0,0.0,0.0,0.0,0.0,0.0,0.44375384028313236,0.5219295991372137,0.0,0.0
0.0,0.0,0.0,0.0,0.0,0.0,0.0,0.0,0.0,0.0,0.0,0.0,0.0,0.0,0.4827396317853244,0.0,0.0,0.50682907994779,0.0,0.5543450009961222,0.4503202765739681,0.0
0.2805878797188636,0.0,0.0,0.0,0.4884243195507266,0.0,0.0,0.0,0.0,0.0,0.0,0.4756221511673523,0.0,0.0,0.0,0.0,0.0,0.0,0.0,0.5244166419982643,0.42600807590993683,0.0
0.2776890827852734,0.0,0.0,0.0,0.48337833210029524,0.0,0.0,0.0,0.0,0.0,0.0,0.0,0.0,0.0,0.0,0.0,0.0,0.47451260505358994,0.44126203310117107,0.5189988122784939,0.0,0.0
0.27798011972625164,0.0,0.0,0.4750099263585734,0.0,0.0,0.0,0.0,0.0,0.0,0.46747252344149304,0.0,0.0,0.0,0.0,0.5418169505256389,0.0,0.0,0.0,0.0,0.0,0.4301121421770625
0.2791555376118103,0.0,0.0,0.47701846986092744,0.0,0.5385903018383993,0.0,0.4741427062428065,0.0,0.0,0.0,0.0,0.0,0.0,0.0,0.0,0.0,0.0,0.0,0.0,0.42383339428904165,0.0
0.28278424049099443,0.0,0.0,0.0,0.0,0.0,0.0,0.0,0.4293427439201054,0.4746152368094084,0.0,0.47934518380948615,0.0,0.0,0.0,0.0,0.5297796271281912,0.0,0.0,0.0,0.0,0.0
0.282294649513168,0.0,0.0,0.0,0.4913953241295706,0.0,0.4655901677932555,0.0,0.0,0.0,0.0,0.0,0.0,0.0,0.0,0.0,0.0,0.0,0.0,0.5276065819382575,0.4285994127731732,0.0
0.0,0.0,0.0,0.0,0.0,0.0,0.0,0.0,0.0,0.0,0.0,0.0,0.0,0.0,0.47813617706936756,0.0,0.0,0.501995905779676,0.46681949358918906,0.5490587101240324,0.0,0.0
0.0,0.0,0.5667133942662099,0.0,0.0,0.0,0.49052699324188437,0.0,0.45155502799667896,0.0,0.0,0.0,0.0,0.0,0.48406327515239794,0.0,0.0,0.0,0.0,0.0,0.0,0.0
0.27848990881510605,0.0,0.0,0.0,0.4847723442332906,0.0,0.0,0.0,0.0,0.0,0.0,0.4720658983622366,0.0,0.5346155820760964,0.0,0.0,0.0,0.0,0.0,0.0,0.42282279025568736,0.0
0.2799270518866603,0.0,0.5333921134137101,0.0,0.0,0.0,0.0,0.0,0.0,0.46981983080057044,0.0,0.0,0.0,0.0,0.0,0.0,0.0,0.47833682650902865,0.0,0.0,0.0,0.4331245848042958
0.2814677072738572,0.0,0.0,0.0,0.0,0.0,0.0,0.4780699017777199,0.0,0.4724056132337307,0.0,0.0,0.5285739916453006,0.0,0.0,0.0,0.0,0.0,0.0,0.0,0.0,0.43550840487602066
0.2815963560026504,0.0,0.0,0.0,0.0,0.0,0.0,0.0,0.0,0.4726215327870105,0.0,0.47733161082033704,0.5288155837368301,0.0,0.0,0.0,0.0,0.0,0.0,0.0,0.0,0.4357074600472468
0.28126392959130964,0.0,0.0,0.0,0.0,0.0,0.0,0.0,0.0,0.47206359985670915,0.0,0.0,0.0,0.0,0.0,0.0,0.5269314141579228,0.4806212710968692,0.0,0.0,0.0,0.43519310443059767
0.0,0.4927206616295526,0.5582903769467528,0.0,0.0,0.0,0.0,0.4976468382803579,0.0,0.0,0.0,0.0,0.0,0.0,0.0,0.0,0.0,0.0,0.0,0.0,0.4448436005626605,0.0
0.0,0.4930445933113656,0.0,0.0,0.0,0.0,0.0,0.4979740086018539,0.0,0.0,0.0,0.0,0.5505808010157401,0.0,0.0,0.0,0.0,0.0,0.0,0.0,0.0,0.45364049347065244
0.2799270518866603,0.0,0.5333921134137101,0.0,0.0,0.0,0.0,0.0,0.0,0.46981983080057044,0.0,0.0,0.0,0.0,0.0,0.0,0.0,0.47833682650902865,0.0,0.0,0.0,0.4331245848042958
0.0,0.0,0.0,0.0,0.0,0.0,0.49158814266223655,0.0,0.0,0.0,0.0,0.0,0.0,0.0,0.48511044171187095,0.0,0.0,0.0,0.0,0.5570674761039408,0.0,0.46117760613801634
0.0,0.4919799957960762,0.5574511456346427,0.0,0.0,0.0,0.0,0.0,0.0,0.0,0.0,0.0,0.0,0.0,0.0,0.0,0.0,0.49991255069397417,0.0,0.0,0.44417490431783957,0.0
0.27850110111762066,0.0,0.5306750094782537,0.0,0.0,0.0,0.0,0.0,0.0,0.46742656461023674,0.0,0.0,0.0,0.0,0.0,0.0,0.0,0.4759001746705465,0.4425523714056267,0.0,0.0,0.0
0.28198533588160946,0.0,0.5373141082429775,0.48185400367201664,0.0,0.0,0.4650800150650105,0.0,0.4281297912586409,0.0,0.0,0.0,0.0,0.0,0.0,0.0,0.0,0.0,0.0,0.0,0.0,0.0
0.0,0.4895617076148688,0.0,0.0,0.0,0.0,0.0,0.0,0.0,0.0,0.0,0.0,0.5466914773670525,0.0,0.0,0.0,0.0,0.4974552706758622,0.4625970348891655,0.0,0.0,0.0
0.0,0.49433022057454773,0.5601141309317135,0.0,0.0,0.0,0.48481490520261467,0.0,0.0,0.0,0.0,0.0,0.0,0.0,0.0,0.0,0.0,0.0,0.0,0.0,0.0,0.4548233734656897
0.27889364283371737,0.0,0.0,0.4765709464215601,0.0,0.0,0.0,0.4736978807526938,0.0,0.0,0.0,0.0,0.5237401031361895,0.0,0.0,0.0,0.0,0.0,0.4431761400967991,0.0,0.0,0.0
0.2772006159014185,0.0,0.5281969761718684,0.0,0.4825280490958799,0.0,0.0,0.0,0.0,0.0,0.46616165048990965,0.0,0.0,0.0,0.0,0.0,0.0,0.0,0.44048583445443107,0.0,0.0,0.0
0.0,0.4919869103021367,0.0,0.0,0.0,0.5644474013378348,0.0,0.0,0.44418114694984506,0.0,0.4919869103021367,0.0,0.0,0.0,0.0,0.0,0.0,0.0,0.0,0.0,0.0,0.0
0.0,0.0,0.0,0.0,0.0,0.0,0.0,0.0,0.0,0.0,0.0,0.0,0.0,0.5624731232094887,0.4768809817392917,0.0,0.0,0.5006780742771239,0.0,0.0,0.0,0.4533541450791903
0.28015845205098827,0.0,0.0,0.0,0.4876768071610667,0.0,0.4620669251934718,0.0,0.4253560888935434,0.0,0.0,0.0,0.0,0.5378186755636329,0.0,0.0,0.0,0.0,0.0,0.0,0.0,0.0
0.2796766348584035,0.0,0.0,0.0,0.0,0.5395956837331337,0.46127226136286753,0.0,0.0,0.46939953956736435,0.0,0.0,0.0,0.0,0.0,0.0,0.0,0.0,0.4444203541265677,0.0,0.0,0.0
0.0,0.0,0.5629139337837319,0.0,0.0,0.0,0.0,0.0,0.4485276326644069,0.0,0.0,0.5007643976001657,0.0,0.0,0.480817932262026,0.0,0.0,0.0,0.0,0.0,0.0,0.0
0.281140245950894,0.0,0.0,0.4804099216054615,0.0,0.0,0.0,0.0,0.0,0.0,0.4727868321844419,0.0,0.0,0.0,0.0,0.0,0.5266997001388265,0.0,0.0,0.0,0.0,0.43500173162457173
0.2805878797188636,0.0,0.0,0.0,0.4884243195507266,0.0,0.0,0.0,0.0,0.0,0.0,0.4756221511673523,0.0,0.0,0.0,0.0,0.0,0.0,0.0,0.5244166419982643,0.42600807590993683,0.0
0.27977986254840453,0.0,0.5331116488009653,0.0,0.4870177896711673,0.0,0.46144251537792375,0.0,0.0,0.0,0.0,0.0,0.0,0.0,0.0,0.0,0.0,0.0,0.0,0.0,0.0,0.4328968421813876
0.2782926928490685,0.0,0.0,0.0,0.0,0.0,0.0,0.4726771736068653,0.0,0.467076779418671,0.0,0.0,0.0,0.5342369876454168,0.0,0.0,0.0,0.0,0.4422212000993081,0.0,0.0,0.0
0.0,0.49590686467427325,0.0,0.0,0.0,0.0,0.0,0.0,0.4477202041738216,0.0,0.0,0.4998629337610455,0.0,0.0,0.0,0.0,0.0,0.0,0.0,0.5511443075958273,0.0,0.0
0.28083010250570567,0.0,0.0,0.0,0.0,0.0,0.0,0.0,0.0,0.4713354795604339,0.47226527136529484,0.0,0.0,0.0,0.0,0.0,0.5261186646523268,0.0,0.4462532727060805,0.0,0.0,0.0
0.280273092068573,0.0,0.0,0.0,0.0,0.0,0.46225600162519004,0.0,0.0,0.47040061261004795,0.0,0.0,0.0,0.0,0.0,0.5462862315784698,0.0,0.0,0.0,0.0,0.0,0.43366000468996385
0.27799409227841904,0.0,0.5297089202259342,0.0,0.4839092675572916,0.0,0.0,0.472170003719194,0.0,0.0,0.0,0.0,0.0,0.0,0.0,0.0,0.0,0.0,0.0,0.0,0.0,0.43013376158045835
0.2810895837625995,0.0,0.0,0.0,0.48929764471510323,0.0,0.0,0.0,0.42676979795781117,0.0,0.4727016347932457,0.0,0.0,0.0,0.0,0.0,0.0,0.0,0.0,0.525354323091819,0.0,0.0
0.0,0.49493977984036397,0.0,0.0,0.0,0.0,0.0,0.4998881430345128,0.0,0.0,0.0,0.0,0.5526971477546876,0.0,0.0,0.0,0.0,0.0,0.0,0.0,0.44684708978453874,0.0
0.27848990881510605,0.0,0.0,0.0,0.4847723442332906,0.0,0.0,0.0,0.42282279025568736,0.0,0.0,0.4720658983622366,0.0,0.5346155820760964,0.0,0.0,0.0,0.0,0.0,0.0,0.0,0.0
0.0,0.49493977984036397,0.0,0.0,0.0,0.0,0.0,0.4998881430345128,0.0,0.0,0.0,0.0,0.5526971477546876,0.0,0.0,0.0,0.0,0.0,0.0,0.0,0.44684708978453874,0.0
0.0,0.0,0.0,0.0,0.0,0.0,0.0,0.0,0.0,0.0,0.49885282791678925,0.0,0.0,0.0,0.4828035602453051,0.0,0.0,0.0,0.0,0.5544184120439796,0.0,0.4589845342498072
0.28137721932450704,0.0,0.0,0.4808148595731829,0.0,0.0,0.46407704497561125,0.0,0.0,0.0,0.0,0.0,0.0,0.5401583365521397,0.0,0.0,0.0,0.0,0.0,0.0,0.427206506316042,0.0
0.0,0.4897168674593623,0.0,0.0,0.0,0.0,0.0,0.4946130124474887,0.0,0.0,0.0,0.0,0.0,0.5590296730511158,0.0,0.0,0.0,0.0,0.0,0.0,0.0,0.45057871930637416
0.2775891293290047,0.0,0.0,0.0,0.48320434133877804,0.5355681432344328,0.0,0.0,0.0,0.0,0.0,0.0,0.0,0.0,0.0,0.0,0.0,0.474341805487246,0.0,0.0,0.4214551640557329,0.0
0.2809407912965582,0.0,0.5353237616865435,0.0,0.0,0.0,0.0,0.0,0.0,0.4715212557783427,0.4724514140593388,0.0,0.0,0.0,0.0,0.0,0.0,0.0,0.0,0.0,0.0,0.4346931200996611
0.2749537476490798,0.0,0.0,0.0,0.4786168855118783,0.0,0.0,0.0,0.0,0.0,0.0,0.46607178135923205,0.0,0.0,0.0,0.5359181844857367,0.0,0.0,0.4369154468713366,0.0,0.0,0.0
0.2810675752112969,0.0,0.0,0.48028574249978145,0.0,0.0,0.4635663471821025,0.0,0.0,0.0,0.0,0.0,0.0,0.0,0.0,0.0,0.0,0.0,0.44663062887660104,0.5253131892745602,0.0,0.0
0.28001820439243025,0.0,0.0,0.0,0.0,0.0,0.0,0.47560793657801015,0.0,0.46997281799687485,0.0,0.0,0.5258519403970139,0.0,0.0,0.0,0.0,0.0,0.4449631254358259,0.0,0.0,0.0
0.2814386768198322,0.0,0.0,0.4809198775879867,0.0,0.0,0.0,0.0,0.42729981536902023,0.0,0.0,0.47706433016587174,0.5285194747591118,0.0,0.0,0.0,0.0,0.0,0.0,0.0,0.0,0.0
0.0,0.0,0.0,0.0,0.0,0.0,0.0,0.0,0.45124679104545984,0.0,0.0,0.5038002366644809,0.0,0.0,0.4837328476764996,0.0,0.0,0.0,0.0,0.5554855418341442,0.0,0.0
0.2803128112112954,0.0,0.5341271655640807,0.0,0.0,0.0,0.0,0.476108323120829,0.0,0.4704672758381555,0.0,0.0,0.0,0.0,0.0,0.0,0.0,0.0,0.0,0.0,0.0,0.4337214611911647
0.0,0.0,0.0,0.0,0.0,0.0,0.0,0.0,0.45124679104545984,0.0,0.0,0.5038002366644809,0.0,0.0,0.4837328476764996,0.0,0.0,0.0,0.0,0.5554855418341442,0.0,0.0
0.2795608861237843,0.0,0.0,0.4777111257494563,0.0,0.0,0.0,0.4748311863714225,0.0,0.0,0.0,0.0,0.0,0.5366715314629356,0.0,0.0,0.0,0.0,0.0,0.0,0.42444882265263323,0.0
0.282294649513168,0.0,0.0,0.0,0.4913953241295706,0.0,0.4655901677932555,0.0,0.0,0.0,0.0,0.0,0.0,0.0,0.0,0.0,0.0,0.0,0.0,0.5276065819382575,0.4285994127731732,0.0
0.2801838149537723,0.0,0.0,0.4787755809268647,0.0,0.0,0.0,0.0,0.4253945966203395,0.0,0.47117842503589313,0.0,0.0,0.5378673645918736,0.0,0.0,0.0,0.0,0.0,0.0,0.0,0.0
0.28335206560322207,0.0,0.0,0.484189459117732,0.0,0.0,0.4673341701526505,0.0,0.0,0.0,0.0,0.0,0.0,0.0,0.0,0.0,0.530843414048239,0.0,0.0,0.0,0.43020485558278954,0.0
0.27975050245719346,0.0,0.0,0.0,0.4869666820374873,0.5397382005990671,0.4613940916128365,0.0,0.4247367113862366,0.0,0.0,0.0,0.0,0.0,0.0,0.0,0.0,0.0,0.0,0.0,0.0,0.0
0.2829726705646322,0.0,0.0,0.0,0.0,0.0,0.0,0.0,0.42962883159144183,0.47493149129327333,0.0,0.4796645900399264,0.0,0.0,0.0,0.0,0.0,0.0,0.0,0.5288737981963839,0.0,0.0
0.27859449622563703,0.0,0.0,0.47605976739043165,0.0,0.0,0.0,0.4731897834262643,0.0,0.0,0.0,0.0,0.0,0.5348163579663135,0.0,0.0,0.0,0.0,0.0,0.0,0.0,0.4310627525750799
0.0,0.0,0.0,0.0,0.0,0.0,0.0,0.5045532008042592,0.0,0.0,0.0,0.0,0.0,0.0,0.4834866825796458,0.0,0.0,0.0,0.0,0.5552028627627036,0.4510171576629921,0.0
0.2808211609716194,0.0,0.0,0.0,0.0,0.0,0.0,0.0,0.0,0.4713204724005214,0.0,0.4760175842536777,0.0,0.5390908743189043,0.0,0.0,0.0,0.0,0.0,0.0,0.42636225976752873,0.0
0.0,0.4961625335179807,0.0,0.0,0.0,0.0,0.0,0.0,0.0,0.0,0.4961625335179807,0.0,0.5540625915875581,0.0,0.0,0.0,0.0,0.0,0.0,0.0,0.4479510299902393,0.0
0.27831753981237506,0.0,0.0,0.4755865067644644,0.0,0.5369735060850392,0.0,0.0,0.0,0.0,0.0,0.47177371711778787,0.0,0.0,0.0,0.0,0.0,0.0,0.0,0.0,0.0,0.4306342243899885
0.2779876828169547,0.0,0.0,0.0,0.48389811049356685,0.0,0.0,0.0,0.0,0.0,0.0,0.0,0.0,0.5336514615250939,0.0,0.0,0.0,0.47502285009988776,0.0,0.0,0.4220602757402393,0.0
0.0,0.49887602484730975,0.0,0.0,0.0,0.0,0.48927320772154065,0.0,0.4504008547023636,0.0,0.0,0.0,0.0,0.0,0.0,0.0,0.5557638978215486,0.0,0.0,0.0,0.0,0.0
0.0,0.0,0.0,0.0,0.0,0.0,0.4931739400520821,0.0,0.45399167706482757,0.0,0.0,0.0,0.0,0.0,0.4866753429075902,0.0,0.5601947274074883,0.0,0.0,0.0,0.0,0.0
0.0,0.4969354383915972,0.0,0.0,0.0,0.0,0.48736997542983446,0.0,0.0,0.0,0.0,0.0,0.0,0.0,0.0,0.0,0.5536020222473182,0.0,0.0,0.0,0.0,0.45722038240191487
0.0,0.49328911590022295,0.0,0.0,0.0,0.0,0.0,0.0,0.0,0.0,0.0,0.4972243020435644,0.550853858351052,0.0,0.0,0.0,0.0,0.0,0.0,0.0,0.0,0.4538654738261391
0.28246441406762246,0.0,0.0,0.0,0.0,0.0,0.0,0.4797627976470599,0.0,0.4740784512608113,0.0,0.0,0.5304457278156169,0.0,0.0,0.0,0.0,0.0,0.0,0.0,0.42885716115230244,0.0
0.0,0.49328911590022295,0.0,0.0,0.0,0.0,0.0,0.0,0.0,0.0,0.0,0.4972243020435644,0.550853858351052,0.0,0.0,0.0,0.0,0.0,0.0,0.0,0.0,0.4538654738261391
0.28137721932450704,0.0,0.0,0.4808148595731829,0.0,0.0,0.46407704497561125,0.0,0.427206506316042,0.0,0.0,0.0,0.0,0.5401583365521397,0.0,0.0,0.0,0.0,0.0,0.0,0.0,0.0
0.28210756977490775,0.0,0.0,0.0,0.49106967109725486,0.0,0.4652816161190473,0.0,0.0,0.0,0.0,0.0,0.0,0.0,0.0,0.0,0.5285119243770247,0.0,0.0,0.0,0.42831537527512503,0.0
0.0,0.0,0.0,0.0,0.0,0.5688225944215867,0.0,0.0,0.4476241219329202,0.0,0.49580044141619356,0.0,0.0,0.0,0.4798493761908887,0.0,0.0,0.0,0.0,0.0,0.0,0.0
0.27848990881510605,0.0,0.0,0.0,0.4847723442332906,0.0,0.0,0.0,0.42282279025568736,0.0,0.0,0.4720658983622366,0.0,0.5346155820760964,0.0,0.0,0.0,0.0,0.0,0.0,0.0,0.0
0.28028328303514355,0.0,0.0,0.0,0.0,0.5407661237946685,0.0,0.47605816982825655,0.4255456159943833,0.4704177167739992,0.0,0.0,0.0,0.0,0.0,0.0,0.0,0.0,0.0,0.0,0.0,0.0
0.2788809872540332,0.0,0.5313988704548617,0.0,0.0,0.0,0.0,0.47367638538544493,0.0,0.4680641522929202,0.0,0.0,0.0,0.0,0.0,0.0,0.0,0.0,0.4431560297389648,0.0,0.0,0.0
0.28310699933322003,0.0,0.0,0.0,0.0,0.0,0.0,0.0,0.0,0.4751569440278491,0.47609427434083945,0.0,0.5316524518909969,0.0,0.0,0.0,0.0,0.0,0.0,0.0,0.42983277889060095,0.0
0.0,0.0,0.0,0.0,0.0,0.0,0.0,0.0,0.0,0.0,0.49885282791678925,0.0,0.0,0.0,0.4828035602453051,0.0,0.0,0.0,0.0,0.5544184120439796,0.0,0.4589845342498072
0.0,0.0,0.0,0.0,0.0,0.0,0.0,0.49972703955253867,0.0,0.0,0.0,0.0,0.0,0.0,0.478862027162795,0.0,0.0,0.0,0.4675281640251145,0.5498922264634223,0.0,0.0
0.0,0.0,0.0,0.0,0.0,0.0,0.4931739400520821,0.0,0.45399167706482757,0.0,0.0,0.0,0.0,0.0,0.4866753429075902,0.0,0.5601947274074883,0.0,0.0,0.0,0.0,0.0
0.0,0.0,0.5644976797327477,0.0,0.0,0.0,0.48860914940939676,0.0,0.0,0.0,0.0,0.0,0.0,0.0,0.48217070291972774,0.0,0.0,0.0,0.0,0.0,0.0,0.45838289882549693
0.28064420212705715,0.0,0.0,0.0,0.0,0.0,0.0,0.0,0.0,0.4710234708286813,0.47195264714165924,0.0,0.5270275144071106,0.0,0.0,0.0,0.0,0.0,0.44595786757810807,0.0,0.0,0.0
0.28009234303754643,0.0,0.0,0.0,0.48756173002395425,0.0,0.0,0.47573386027679576,0.4252557175815506,0.0,0.0,0.0,0.5259911668822252,0.0,0.0,0.0,0.0,0.0,0.0,0.0,0.0,0.0
0.28096393032023603,0.0,0.0,0.48010863504289303,0.0,0.5420793344508484,0.4633954050749702,0.0,0.0,0.0,0.0,0.0,0.0,0.0,0.0,0.0,0.0,0.0,0.0,0.0,0.4265790221435944,0.0
0.0,0.4855491964561491,0.0,0.0,0.0,0.5570615323749943,0.0,0.0,0.0,0.0,0.0,0.0,0.0,0.0,0.0,0.0,0.0,0.4933780628519997,0.4588055296802988,0.0,0.0,0.0
0.28110680786222636,0.0,0.0,0.4803527829005382,0.0,0.0,0.0,0.0,0.42679594878638105,0.0,0.0,0.0,0.0,0.0,0.0,0.0,0.5266370558481989,0.4803527829005382,0.0,0.0,0.0,0.0
0.2809074243168208,0.0,0.5352601819656112,0.0,0.0,0.0,0.0,0.0,0.0,0.471465253799724,0.0,0.0,0.0,0.0,0.0,0.0,0.0,0.48001207809289415,0.0,0.0,0.4264932307907519,0.0
0.0,0.0,0.0,0.0,0.0,0.0,0.0,0.5038101211385005,0.4503529230922205,0.0,0.0,0.0,0.557033450069185,0.0,0.48277462858431414,0.0,0.0,0.0,0.0,0.0,0.0,0.0
0.0,0.0,0.5575879783248221,0.0,0.0,0.0,0.0,0.0,0.0,0.0,0.0,0.496026463935779,0.0,0.0,0.4762687201402729,0.0,0.0,0.0,0.46499623624170516,0.0,0.0,0.0
0.28112081245761994,0.0,0.0,0.0,0.0,0.5423820158823167,0.46365415167464646,0.0,0.0,0.4718233970357185,0.0,0.0,0.0,0.0,0.0,0.0,0.0,0.0,0.0,0.0,0.0,0.43497166263463705
0.2765591701068614,0.0,0.0,0.0,0.4814114729770213,0.0,0.4561306090529028,0.0,0.0,0.0,0.0,0.0,0.0,0.0,0.0,0.5390473474677411,0.0,0.0,0.4394665445616075,0.0,0.0,0.0
0.28335206560322207,0.0,0.0,0.484189459117732,0.0,0.0,0.4673341701526505,0.0,0.0,0.0,0.0,0.0,0.0,0.0,0.0,0.0,0.530843414048239,0.0,0.0,0.0,0.43020485558278954,0.0
0.0,0.0,0.0,0.0,0.0,0.0,0.0,0.0,0.0,0.0,0.5000747678395846,0.0,0.5584313670203913,0.0,0.4839861874894868,0.0,0.0,0.0,0.0,0.0,0.4514831173115044,0.0
0.0,0.4944725005944796,0.0,0.0,0.0,0.0,0.48495444648798325,0.0,0.0,0.0,0.0,0.0,0.0,0.0,0.0,0.0,0.0,0.0,0.4672373452647262,0.5495501743947929,0.0,0.0
0.2805109304023814,0.0,0.0,0.47933455286092813,0.0,0.0,0.0,0.4764448264559367,0.0,0.0,0.0,0.0,0.0,0.0,0.0,0.0,0.5255207145063242,0.0,0.0,0.0,0.0,0.43402800638500194
0.2777313690874487,0.0,0.0,0.47458486350610835,0.0,0.0,0.45806392348518116,0.0,0.0,0.0,0.0,0.0,0.0,0.0,0.0,0.5413321053766756,0.0,0.0,0.441329228179505,0.0,0.0,0.0
0.0,0.48471025369550924,0.0,0.0,0.0,0.0,0.0,0.4895563430116418,0.0,0.0,0.0,0.0,0.0,0.0,0.0,0.5617960807886468,0.0,0.0,0.4580127952252196,0.0,0.0,0.0
0.2803062400302968,0.0,0.0,0.0,0.0,0.0,0.0,0.0,0.0,0.47045624699644784,0.0,0.0,0.0,0.5381023833536854,0.0,0.0,0.0,0.4789847797956241,0.0,0.0,0.42558047090452306,0.0
0.0,0.49148003168504506,0.0,0.0,0.0,0.0,0.0,0.0,0.0,0.0,0.49148003168504506,0.0,0.5488336616998567,0.0,0.0,0.0,0.0,0.0,0.46440969918258723,0.0,0.0,0.0
0.2798416883013541,0.0,0.0,0.0,0.0,0.0,0.0,0.0,0.0,0.4696765595270912,0.0,0.4743572883816393,0.0,0.5372105858949199,0.0,0.0,0.0,0.0,0.0,0.0,0.0,0.4329925037239073
0.0,0.4921836954765651,0.0,0.0,0.0,0.0,0.0,0.0,0.0,0.0,0.4921836954765651,0.0,0.0,0.0,0.0,0.0,0.0,0.0,0.4650746057274678,0.5470064267643515,0.0,0.0
0.0,0.0,0.0,0.0,0.0,0.5644036267891837,0.0,0.0,0.0,0.0,0.0,0.0,0.0,0.0,0.47612160784516666,0.0,0.0,0.4998808064607807,0.0,0.0,0.0,0.45263223475827347
0.2805878797188636,0.0,0.0,0.0,0.4884243195507266,0.0,0.0,0.0,0.42600807590993683,0.0,0.0,0.4756221511673523,0.0,0.0,0.0,0.0,0.0,0.0,0.0,0.5244166419982643,0.0,0.0
0.281291902383829,0.0,0.0,0.4806690707529301,0.0,0.0,0.0,0.0,0.4270769721901304,0.0,0.0,0.0,0.0,0.0,0.0,0.0,0.0,0.4806690707529301,0.0,0.5257324550769396,0.0,0.0
0.2835416338109675,0.0,0.0,0.4845133915647349,0.0,0.0,0.46764682607370556,0.0,0.4304926712486559,0.0,0.0,0.0,0.0,0.0,0.0,0.0,0.0,0.0,0.0,0.529937186234964,0.0,0.0
0.27894010822523113,0.0,0.0,0.47665034606432205,0.0,0.0,0.0,0.0,0.4235063143789507,0.0,0.4690869131558894,0.0,0.0,0.0,0.0,0.5436880844814375,0.0,0.0,0.0,0.0,0.0,0.0
0.27726852531478796,0.0,0.0,0.0,0.4826462602212119,0.0,0.0,0.0,0.4209684006953115,0.0,0.0,0.46999554148009454,0.0,0.0,0.0,0.5404299667571233,0.0,0.0,0.0,0.0,0.0,0.0
0.28234596620326713,0.0,0.0,0.4824702455194623,0.0,0.0,0.46567480470151795,0.0,0.0,0.0,0.0,0.0,0.0,0.0,0.0,0.0,0.5289585460512227,0.0,0.0,0.0,0.0,0.4368673143904371
0.28006523422494783,0.0,0.0,0.0,0.0,0.0,0.0,0.0,0.0,0.47005175123254134,0.4709790106583841,0.0,0.0,0.0,0.0,0.5458810914443957,0.0,0.0,0.0,0.0,0.42521455909278444,0.0
0.2785775909144859,0.0,0.0,0.0,0.48492497402531615,0.5374752371371169,0.0,0.0,0.4229559153303912,0.0,0.46847727645880416,0.0,0.0,0.0,0.0,0.0,0.0,0.0,0.0,0.0,0.0,0.0
0.2806948495829297,0.0,0.0,0.47964883230110605,0.0,0.0,0.0,0.47675721122444653,0.0,0.0,0.0,0.0,0.0,0.0,0.0,0.0,0.0,0.0,0.0,0.5246165678716297,0.0,0.43431258023442315
0.2785775909144859,0.0,0.0,0.0,0.48492497402531615,0.5374752371371169,0.0,0.0,0.0,0.0,0.46847727645880416,0.0,0.0,0.0,0.0,0.0,0.0,0.0,0.0,0.0,0.4229559153303912,0.0
0.2785775909144859,0.0,0.0,0.0,0.48492497402531615,0.5374752371371169,0.0,0.0,0.0,0.0,0.46847727645880416,0.0,0.0,0.0,0.0,0.0,0.0,0.0,0.0,0.0,0.4229559153303912,0.0
0.0,0.49264438700042223,0.0,0.0,0.0,0.0,0.48316152207852187,0.0,0.4447747374454904,0.0,0.0,0.0,0.0,0.0,0.0,0.5709920178689358,0.0,0.0,0.0,0.0,0.0,0.0
0.0,0.0,0.0,0.0,0.0,0.0,0.49280386509393925,0.0,0.4536510042570364,0.0,0.0,0.0,0.5611127874857856,0.0,0.48631014446029047,0.0,0.0,0.0,0.0,0.0,0.0,0.0
0.28316111516056486,0.0,0.0,0.48386316472015395,0.0,0.0,0.4670192345037096,0.0,0.4299149413115385,0.0,0.0,0.0,0.5317540771152468,0.0,0.0,0.0,0.0,0.0,0.0,0.0,0.0,0.0
0.27831731788967434,0.0,0.0,0.0,0.484471912135514,0.0,0.0,0.0,0.0,0.0,0.4680395815336698,0.0,0.522657810680305,0.0,0.0,0.0,0.0,0.0,0.4422603305374727,0.0,0.0,0.0
0.2818122845247732,0.0,0.0,0.4815582950711713,0.0,0.0,0.0,0.0,0.0,0.0,0.0,0.47769762943915023,0.0,0.0,0.0,0.0,0.0,0.0,0.0,0.5267050453940382,0.42786705262704605,0.0
0.0,0.49729704781581446,0.0,0.0,0.0,0.0,0.4877246242686582,0.0,0.0,0.0,0.0,0.0,0.0,0.0,0.0,0.0,0.0,0.0,0.0,0.5526893386884689,0.0,0.4575530920185924
0.0,0.49887602484730975,0.0,0.0,0.0,0.0,0.48927320772154065,0.0,0.0,0.0,0.0,0.0,0.0,0.0,0.0,0.0,0.5557638978215486,0.0,0.0,0.0,0.4504008547023636,0.0
0.0,0.0,0.0,0.0,0.0,0.5688225944215867,0.0,0.0,0.0,0.0,0.49580044141619356,0.0,0.0,0.0,0.4798493761908887,0.0,0.0,0.0,0.0,0.0,0.4476241219329202,0.0
0.2777526031365205,0.0,0.0,0.0,0.4834889031070207,0.0,0.0,0.0,0.421703361384396,0.0,0.4670899142303337,0.0,0.0,0.0,0.0,0.5413734931123407,0.0,0.0,0.0,0.0,0.0,0.0
0.0,0.0,0.0,0.0,0.0,0.0,0.0,0.0,0.0,0.0,0.0,0.4995794904319052,0.0,0.565774780591307,0.47968022235833524,0.0,0.0,0.0,0.0,0.0,0.44746632796771935,0.0
0.0,0.4892001534338531,0.0,0.0,0.0,0.0,0.0,0.4940911323618447,0.0,0.0,0.0,0.0,0.0,0.0,0.0,0.567000031101033,0.0,0.0,0.0,0.0,0.4416651758211327,0.0
0.2802841366031087,0.0,0.5340725270082178,0.47894700965820847,0.0,0.0,0.0,0.0,0.42554691194076155,0.0,0.0,0.4751072787706459,0.0,0.0,0.0,0.0,0.0,0.0,0.0,0.0,0.0,0.0
0.0,0.0,0.0,0.0,0.0,0.0,0.0,0.0,0.0,0.0,0.4941567748930603,0.0,0.0,0.0,0.47825859028206924,0.5727449281575843,0.0,0.0,0.0,0.0,0.4461401684655403,0.0
0.0,0.49496898049449156,0.0,0.0,0.0,0.0,0.0,0.0,0.0,0.0,0.49496898049449156,0.0,0.0,0.0,0.0,0.0,0.0,0.0,0.0,0.5501019555662575,0.0,0.4554110837239981
0.0,0.0,0.562630913844853,0.0,0.0,0.0,0.0,0.501515890216363,0.0,0.0,0.0,0.0,0.0,0.0,0.48057618826950127,0.0,0.0,0.0,0.0,0.0,0.44830212347807546,0.0
0.2809537293864234,0.0,0.0,0.4800912037790174,0.0,0.0,0.0,0.0,0.0,0.0,0.4724731717358366,0.0,0.5276087820082535,0.0,0.0,0.0,0.0,0.0,0.0,0.0,0.0,0.43471313890371477
0.0,0.0,0.0,0.0,0.0,0.0,0.0,0.0,0.0,0.0,0.4981202135121182,0.0,0.5562487245133156,0.0,0.4820945157675194,0.0,0.0,0.0,0.0,0.0,0.0,0.45831047035261163
0.27906090952988605,0.0,0.0,0.0,0.0,0.0,0.0,0.0,0.4236897233395053,0.4683661275847996,0.0,0.0,0.0,0.0,0.0,0.5439235408679305,0.0,0.47685677024632706,0.0,0.0,0.0,0.0
0.0,0.0,0.0,0.0,0.0,0.0,0.0,0.0,0.0,0.0,0.0,0.0,0.0,0.5593362684982921,0.4742214655908341,0.0,0.0,0.49788584419308457,0.46299743678278343,0.0,0.0,0.0
0.2826539575661769,0.0,0.0,0.0,0.0,0.0,0.0,0.4800847352597764,0.42914493930295283,0.4743965744783424,0.0,0.0,0.0,0.0,0.0,0.0,0.529535549738266,0.0,0.0,0.0,0.0,0.0
0.0,0.0,0.5617719858707663,0.0,0.0,0.0,0.0,0.0,0.0,0.0,0.0,0.0,0.0,0.0,0.4798425273176637,0.0,0.0,0.5037874055229521,0.0,0.0,0.4476177330096129,0.0
0.0,0.4919869103021367,0.0,0.0,0.0,0.5644474013378348,0.0,0.0,0.0,0.0,0.4919869103021367,0.0,0.0,0.0,0.0,0.0,0.0,0.0,0.0,0.0,0.44418114694984506,0.0
0.0,0.0,0.0,0.0,0.0,0.0,0.48875199359284766,0.0,0.0,0.0,0.0,0.0,0.0,0.0,0.4823116648325895,0.0,0.0,0.0,0.47089615454185396,0.5538535531736951,0.0,0.0
0.2770152976071834,0.0,0.0,0.0,0.4822054622405504,0.5344610177842116,0.0,0.47050753139911755,0.0,0.0,0.0,0.0,0.0,0.0,0.0,0.0,0.0,0.0,0.0,0.0,0.0,0.4286192954624812
0.27857404094508204,0.0,0.5308139940046132,0.0,0.4849187945303492,0.0,0.0,0.0,0.0,0.0,0.0,0.0,0.0,0.0,0.0,0.0,0.0,0.47602481359114684,0.0,0.0,0.42295052551941,0.0
0.0,0.0,0.0,0.0,0.0,0.0,0.0,0.0,0.45091534218762797,0.0,0.0,0.5034301863586804,0.0,0.0,0.48337753722767257,0.0,0.556398740245149,0.0,0.0,0.0,0.0,0.0
0.27847792115203307,0.0,0.0,0.0,0.0,0.0,0.0,0.47299178190585056,0.0,0.46738766016196376,0.0,0.0,0.0,0.0,0.0,0.5427872258487441,0.0,0.0,0.0,0.0,0.0,0.43088237868833706
0.28009234303754643,0.0,0.0,0.0,0.48756173002395425,0.0,0.0,0.47573386027679576,0.0,0.0,0.0,0.0,0.5259911668822252,0.0,0.0,0.0,0.0,0.0,0.0,0.0,0.4252557175815506,0.0
0.2789150815451679,0.0,0.0,0.0,0.4855124499769174,0.0,0.4600162271606454,0.0,0.4234683171289241,0.0,0.0,0.0,0.0,0.0,0.0,0.5436393044482216,0.0,0.0,0.0,0.0,0.0,0.0
0.2819191226192712,0.0,0.0,0.0,0.4907416377771582,0.0,0.4649708091555986,0.0,0.4280292616687074,0.0,0.0,0.0,0.5294217137990298,0.0,0.0,0.0,0.0,0.0,0.0,0.0,0.0,0.0
0.0,0.0,0.0,0.0,0.0,0.0,0.0,0.5025851871224077,0.0,0.0,0.0,0.0,0.0,0.0,0.4816008390158887,0.0,0.0,0.0,0.0,0.553037289680661,0.0,0.45784114905389944
0.2831478697285386,0.0,0.539529279593332,0.0,0.0,0.0,0.4669973887374854,0.0,0.42989483117343225,0.47522553947828483,0.0,0.0,0.0,0.0,0.0,0.0,0.0,0.0,0.0,0.0,0.0,0.0
0.27565499803059246,0.0,0.0,0.0,0.47983756454038146,0.0,0.0,0.0,0.0,0.0,0.0,0.0,0.0,0.5291734190704602,0.0,0.0,0.0,0.4710367793345436,0.4380297692852952,0.0,0.0,0.0
0.0,0.0,0.5667133942662099,0.0,0.0,0.0,0.49052699324188437,0.0,0.45155502799667896,0.0,0.0,0.0,0.0,0.0,0.48406327515239794,0.0,0.0,0.0,0.0,0.0,0.0,0.0
0.2818435242749002,0.0,0.0,0.0,0.0,0.0,0.46484612437711886,0.0,0.0,0.47303637142109406,0.0,0.0,0.5292797461145912,0.0,0.0,0.0,0.0,0.0,0.4478636512840874,0.0,0.0,0.0
0.0,0.0,0.0,0.0,0.0,0.0,0.0,0.0,0.0,0.0,0.49190877805664973,0.0,0.0,0.5615318189766093,0.4760829167861975,0.0,0.0,0.0,0.464814830542207,0.0,0.0,0.0
0.2797757547155325,0.0,0.0,0.47807829126490237,0.0,0.5397869211852939,0.0,0.0,0.0,0.0,0.4704921998861452,0.0,0.0,0.0,0.0,0.0,0.0,0.0,0.0,0.0,0.4247750511249244,0.0
0.2757539746405769,0.0,0.0,0.0,0.4800098548881738,0.5320274772458005,0.0,0.0,0.0,0.0,0.0,0.46742823939120176,0.0,0.0,0.0,0.0,0.0,0.0,0.43818704813728726,0.0,0.0,0.0
0.281291902383829,0.0,0.0,0.4806690707529301,0.0,0.0,0.0,0.0,0.0,0.0,0.0,0.0,0.0,0.0,0.0,0.0,0.0,0.4806690707529301,0.0,0.5257324550769396,0.4270769721901304,0.0
0.2818435242749002,0.0,0.0,0.0,0.0,0.0,0.46484612437711886,0.0,0.0,0.47303637142109406,0.0,0.0,0.5292797461145912,0.0,0.0,0.0,0.0,0.0,0.4478636512840874,0.0,0.0,0.0
0.27894010822523113,0.0,0.0,0.47665034606432205,0.0,0.0,0.0,0.0,0.4235063143789507,0.0,0.4690869131558894,0.0,0.0,0.0,0.0,0.5436880844814375,0.0,0.0,0.0,0.0,0.0,0.0
0.2819191226192712,0.0,0.0,0.0,0.4907416377771582,0.0,0.4649708091555986,0.0,0.4280292616687074,0.0,0.0,0.0,0.5294217137990298,0.0,0.0,0.0,0.0,0.0,0.0,0.0,0.0,0.0
0.2817841562137647,0.0,0.0,0.0,0.0,0.0,0.0,0.0,0.0,0.4729367301315164,0.0,0.4776499493761198,0.0,0.0,0.0,0.0,0.5279060281094918,0.0,0.0,0.0,0.0,0.43599803892455363
0.2809936741630688,0.0,0.5354245283103526,0.4801594610537873,0.0,0.0,0.46344446176378523,0.0,0.0,0.0,0.0,0.0,0.0,0.0,0.0,0.0,0.0,0.0,0.0,0.0,0.0,0.434774944523011
0.2769979820612875,0.0,0.0,0.4733316583573651,0.0,0.0,0.0,0.0,0.0,0.0,0.0,0.0,0.0,0.0,0.0,0.5399026451603801,0.0,0.4733316583573651,0.0,0.0,0.0,0.42859250352302314
0.2754257818618108,0.0,0.0,0.0,0.47943856387299927,0.0,0.0,0.0,0.0,0.0,0.46317695450516694,0.0,0.0,0.0,0.0,0.5368382363870652,0.0,0.0,0.4376655331704226,0.0,0.0,0.0
0.0,0.49264438700042223,0.0,0.0,0.0,0.0,0.48316152207852187,0.0,0.4447747374454904,0.0,0.0,0.0,0.0,0.0,0.0,0.5709920178689358,0.0,0.0,0.0,0.0,0.0,0.0
0.27889364283371737,0.0,0.0,0.4765709464215601,0.0,0.0,0.0,0.4736978807526938,0.0,0.0,0.0,0.0,0.5237401031361895,0.0,0.0,0.0,0.0,0.0,0.4431761400967991,0.0,0.0,0.0
0.27768030647924713,0.0,0.0,0.0,0.0,0.0,0.0,0.0,0.0,0.4660489714282859,0.46696833466973336,0.0,0.0,0.0,0.0,0.5412325781634025,0.0,0.0,0.4412480871058823,0.0,0.0,0.0
0.2804527511366834,0.0,0.0,0.47923513665540224,0.0,0.0,0.0,0.0,0.0,0.0,0.0,0.4753930958460564,0.5266679846579737,0.0,0.0,0.0,0.0,0.0,0.0,0.0,0.0,0.43393798696697916
0.2795608861237843,0.0,0.0,0.4777111257494563,0.0,0.0,0.0,0.4748311863714225,0.42444882265263323,0.0,0.0,0.0,0.0,0.5366715314629356,0.0,0.0,0.0,0.0,0.0,0.0,0.0,0.0
0.0,0.0,0.0,0.0,0.0,0.5677059806631352,0.0,0.0,0.44674542397319283,0.0,0.0,0.49877462797025013,0.0,0.0,0.4789074192069472,0.0,0.0,0.0,0.0,0.0,0.0,0.0
0.0,0.0,0.0,0.0,0.0,0.0,0.49122500511320366,0.0,0.0,0.0,0.0,0.0,0.0,0.0,0.4847520892588206,0.0,0.557980938340076,0.0,0.0,0.0,0.0,0.46083693293818107
0.0,0.4940005899313598,0.0,0.0,0.0,0.0,0.0,0.0,0.0,0.0,0.0,0.4979414518187191,0.0,0.0,0.0,0.0,0.0,0.0,0.0,0.549025699147121,0.0,0.4545200868874219
0.0,0.49296470234039214,0.5585668938275232,0.0,0.0,0.0,0.0,0.0,0.44506392813758844,0.0,0.0,0.4968973004928288,0.0,0.0,0.0,0.0,0.0,0.0,0.0,0.0,0.0,0.0
0.2775345450912532,0.0,0.0,0.0,0.48310932558396824,0.0,0.0,0.0,0.0,0.0,0.0,0.47044646936216206,0.0,0.5327815754670415,0.0,0.0,0.0,0.0,0.0,0.0,0.0,0.42942271495849854
0.0,0.4944725005944796,0.0,0.0,0.0,0.0,0.48495444648798325,0.0,0.0,0.0,0.0,0.0,0.0,0.0,0.0,0.0,0.0,0.0,0.4672373452647262,0.5495501743947929,0.0,0.0
0.2769979820612875,0.0,0.0,0.4733316583573651,0.0,0.0,0.0,0.0,0.0,0.0,0.0,0.0,0.0,0.0,0.0,0.5399026451603801,0.0,0.4733316583573651,0.0,0.0,0.0,0.42859250352302314
0.0,0.49554827721117056,0.0,0.0,0.0,0.0,0.0,0.0,0.0,0.0,0.0,0.49950148568664915,0.0,0.0,0.0,0.0,0.5520566801860785,0.0,0.0,0.0,0.4473964602137537,0.0
0.2785775909144859,0.0,0.0,0.0,0.48492497402531615,0.5374752371371169,0.0,0.0,0.4229559153303912,0.0,0.46847727645880416,0.0,0.0,0.0,0.0,0.0,0.0,0.0,0.0,0.0,0.0,0.0
0.27894010822523113,0.0,0.0,0.47665034606432205,0.0,0.0,0.0,0.0,0.4235063143789507,0.0,0.4690869131558894,0.0,0.0,0.0,0.0,0.5436880844814375,0.0,0.0,0.0,0.0,0.0,0.0
0.0,0.0,0.5667133942662099,0.0,0.0,0.0,0.49052699324188437,0.0,0.0,0.0,0.0,0.0,0.0,0.0,0.48406327515239794,0.0,0.0,0.0,0.0,0.0,0.45155502799667896,0.0
0.0,0.0,0.564029999935848,0.0,0.0,0.0,0.0,0.0,0.0,0.0,0.4977861812112396,0.0,0.0,0.0,0.48177123007066447,0.0,0.0,0.0,0.0,0.0,0.4494169098328378,0.0
0.2797721587441141,0.0,0.533096969446383,0.47807214650131163,0.0,0.0,0.0,0.0,0.4247695914704785,0.0,0.0,0.0,0.0,0.0,0.0,0.0,0.0,0.47807214650131163,0.0,0.0,0.0,0.0
0.2814974719578825,0.0,0.0,0.4810203461906444,0.0,0.0,0.0,0.4781204567763953,0.0,0.0,0.0,0.0,0.0,0.0,0.0,0.0,0.5273689420331211,0.0,0.0,0.0,0.42738908224561784,0.0
0.2804103137842621,0.0,0.0,0.0,0.0,0.5410112112827974,0.0,0.0,0.4257384829317137,0.4706309207664505,0.0,0.47532116064747015,0.0,0.0,0.0,0.0,0.0,0.0,0.0,0.0,0.0,0.0
0.0,0.0,0.5626309138448529,0.0,0.0,0.0,0.0,0.5015158902163629,0.44830212347807535,0.0,0.0,0.0,0.0,0.0,0.48057618826950116,0.0,0.0,0.0,0.0,0.0,0.0,0.0
0.28006523422494783,0.0,0.0,0.0,0.0,0.0,0.0,0.0,0.42521455909278444,0.47005175123254134,0.4709790106583841,0.0,0.0,0.0,0.0,0.5458810914443957,0.0,0.0,0.0,0.0,0.0,0.0
0.2775891293290047,0.0,0.0,0.0,0.48320434133877804,0.5355681432344328,0.0,0.0,0.0,0.0,0.0,0.0,0.0,0.0,0.0,0.0,0.0,0.474341805487246,0.0,0.0,0.4214551640557329,0.0
0.0,0.0,0.0,0.0,0.0,0.0,0.4931739400520821,0.0,0.45399167706482757,0.0,0.0,0.0,0.0,0.0,0.4866753429075902,0.0,0.5601947274074883,0.0,0.0,0.0,0.0,0.0
0.0,0.0,0.5617719858707663,0.0,0.0,0.0,0.0,0.0,0.0,0.0,0.0,0.0,0.0,0.0,0.4798425273176637,0.0,0.0,0.5037874055229521,0.0,0.0,0.4476177330096129,0.0
0.2789217248248106,0.0,0.0,0.0,0.48552401405210943,0.0,0.0,0.0,0.0,0.0,0.0,0.0,0.0,0.0,0.0,0.0,0.5225434314128473,0.47661893267516103,0.0,0.0,0.0,0.43156906573844833
0.27848990881510605,0.0,0.0,0.0,0.4847723442332906,0.0,0.0,0.0,0.42282279025568736,0.0,0.0,0.4720658983622366,0.0,0.5346155820760964,0.0,0.0,0.0,0.0,0.0,0.0,0.0,0.0
0.0,0.0,0.0,0.0,0.0,0.0,0.4880356718930749,0.0,0.0,0.0,0.0,0.0,0.5556836616860159,0.0,0.48160478216796165,0.0,0.0,0.0,0.4702060026074173,0.0,0.0,0.0
0.0,0.49064201835322113,0.0,0.0,0.0,0.0,0.0,0.49554741291638404,0.0,0.0,0.0,0.0,0.0,0.0,0.0,0.0,0.5465909504039146,0.0,0.4636178429641178,0.0,0.0,0.0
0.27993985041852837,0.0,0.0,0.47835869652507923,0.0,0.0,0.0,0.0,0.0,0.0,0.0,0.0,0.525704797859251,0.0,0.0,0.0,0.0,0.47835869652507923,0.0,0.0,0.0,0.43314438767352226
0.28137721932450704,0.0,0.0,0.4808148595731829,0.0,0.0,0.46407704497561125,0.0,0.427206506316042,0.0,0.0,0.0,0.0,0.5401583365521397,0.0,0.0,0.0,0.0,0.0,0.0,0.0,0.0
0.2771457148989646,0.0,0.0,0.0,0.48243248194311106,0.0,0.0,0.47072904377961705,0.0,0.0,0.0,0.0,0.0,0.0,0.0,0.5401905943694154,0.0,0.0,0.0,0.0,0.42078194136214636,0.0
0.0,0.0,0.0,0.0,0.0,0.0,0.0,0.0,0.0,0.0,0.0,0.49712755486144056,0.0,0.0,0.47732595237292813,0.5716280352399828,0.0,0.0,0.0,0.0,0.44527016373931855,0.0
0.2773946469741026,0.0,0.5285666962229653,0.47400947578981634,0.0,0.0,0.0,0.0,0.0,0.0,0.0,0.0,0.0,0.0,0.0,0.0,0.0,0.47400947578981634,0.4407941596675025,0.0,0.0,0.0
0.0,0.491833118448852,0.0,0.0,0.0,0.0,0.0,0.0,0.0,0.0,0.491833118448852,0.0,0.0,0.0,0.0,0.0,0.5479178741261882,0.0,0.46474333820593217,0.0,0.0,0.0
0.280911064242117,0.0,0.0,0.0,0.0,0.5419773369865862,0.0,0.0,0.4264987571790387,0.47147136292378067,0.4724014227823806,0.0,0.0,0.0,0.0,0.0,0.0,0.0,0.0,0.0,0.0,0.0
0.2764221483537591,0.0,0.0,0.47234767890129037,0.0,0.5333166219460705,0.0,0.0,0.0,0.0,0.0,0.0,0.0,0.0,0.0,0.0,0.0,0.47234767890129037,0.439248810048077,0.0,0.0,0.0
0.2767935792158398,0.0,0.0,0.47298237661499015,0.0,0.534033244162601,0.0,0.47013094507382086,0.0,0.0,0.0,0.0,0.0,0.0,0.0,0.0,0.0,0.0,0.43983903252176704,0.0,0.0,0.0
0.27878215162573233,0.0,0.0,0.0,0.4852810564986484,0.5378699074924215,0.459796985089988,0.0,0.0,0.0,0.0,0.0,0.0,0.0,0.0,0.0,0.0,0.0,0.0,0.0,0.0,0.43135310738968163
0.0,0.4953003813170775,0.0,0.0,0.0,0.0,0.0,0.5002523497722051,0.44717265205899037,0.0,0.0,0.0,0.0,0.0,0.0,0.0,0.551780516206466,0.0,0.0,0.0,0.0,0.0
0.2783654690090077,0.0,0.0,0.0,0.4845557296465183,0.0,0.0,0.47280078313909496,0.0,0.0,0.0,0.0,0.0,0.5343766956487433,0.0,0.0,0.0,0.0,0.0,0.0,0.4226338570686385,0.0
0.0,0.0,0.0,0.0,0.0,0.5666369633118029,0.0,0.0,0.0,0.0,0.4938953889804589,0.0,0.0,0.0,0.47800561376847717,0.0,0.0,0.0,0.0,0.0,0.0,0.454423293591384
0.2777526031365205,0.0,0.0,0.0,0.4834889031070207,0.0,0.0,0.0,0.421703361384396,0.0,0.4670899142303337,0.0,0.0,0.0,0.0,0.5413734931123407,0.0,0.0,0.0,0.0,0.0,0.0
0.0,0.4962403286299254,0.5622784301569965,0.0,0.0,0.0,0.48668824576981357,0.0,0.0,0.0,0.0,0.0,0.0,0.0,0.0,0.0,0.0,0.0,0.0,0.0,0.4480212658467776,0.0
0.0,0.4862611541933557,0.0,0.0,0.0,0.5578783482012158,0.0,0.4911227492725203,0.0,0.0,0.0,0.0,0.0,0.0,0.0,0.0,0.0,0.0,0.4594782733468792,0.0,0.0,0.0
0.0,0.49272066162955264,0.5582903769467529,0.0,0.0,0.0,0.0,0.497646838280358,0.44484360056266053,0.0,0.0,0.0,0.0,0.0,0.0,0.0,0.0,0.0,0.0,0.0,0.0,0.0
0.28092035779709995,0.0,0.0,0.4800341787075748,0.0,0.0,0.0,0.0,0.4265128673019728,0.0,0.0,0.0,0.5275461128148774,0.0,0.0,0.0,0.0,0.4800341787075748,0.0,0.0,0.0,0.0
0.0,0.0,0.0,0.0,0.0,0.5634620900376209,0.0,0.0,0.0,0.0,0.4911280875648382,0.0,0.0,0.0,0.47532734294196316,0.0,0.0,0.0,0.4640771398669341,0.0,0.0,0.0
0.2795689855022256,0.0,0.0,0.0,0.0,0.0,0.0,0.0,0.0,0.4692188646309321,0.0,0.4738950321641548,0.0,0.0,0.0,0.5449138425277739,0.0,0.0,0.0,0.0,0.42446111969350786,0.0
0.0,0.0,0.0,0.0,0.0,0.0,0.0,0.499005049381299,0.0,0.0,0.0,0.0,0.5517207626370717,0.0,0.47817018211614515,0.0,0.0,0.0,0.46685269379339345,0.0,0.0,0.0
0.0,0.48847522742893634,0.0,0.0,0.0,0.0,0.0,0.0,0.44101068998507675,0.0,0.0,0.0,0.0,0.0,0.0,0.5661598165907787,0.0,0.4963512723717257,0.0,0.0,0.0,0.0
0.0,0.0,0.0,0.0,0.0,0.0,0.0,0.5041829741119521,0.45068621418629007,0.0,0.0,0.0,0.0,0.0,0.48313191389523225,0.0,0.556116011938144,0.0,0.0,0.0,0.0,0.0
0.281425671620992,0.0,0.5362476857562586,0.0,0.0,0.0,0.0,0.0,0.0,0.4723350620555447,0.0,0.47704228516287683,0.0,0.0,0.0,0.0,0.0,0.0,0.0,0.0,0.42728006996968115,0.0
0.28194496676127234,0.0,0.0,0.48178502128256606,0.0,0.0,0.0,0.0,0.42806850004642527,0.0,0.4741401119379146,0.0,0.5294702470443904,0.0,0.0,0.0,0.0,0.0,0.0,0.0,0.0,0.0
0.27894010822523113,0.0,0.0,0.47665034606432205,0.0,0.0,0.0,0.0,0.0,0.0,0.4690869131558894,0.0,0.0,0.0,0.0,0.5436880844814375,0.0,0.0,0.0,0.0,0.4235063143789507,0.0
0.279573099341761,0.0,0.5327176680726845,0.0,0.4866578732748705,0.0,0.0,0.0,0.0,0.0,0.4701513991876664,0.0,0.0,0.0,0.0,0.0,0.0,0.0,0.0,0.0,0.42446736561142434,0.0
0.28039193712899463,0.0,0.0,0.4791312182264791,0.0,0.0,0.46245201345792764,0.0,0.0,0.0,0.0,0.0,0.0,0.5382668956137436,0.0,0.0,0.0,0.0,0.0,0.0,0.0,0.43384389087425446
0.0,0.4863035429727927,0.0,0.0,0.0,0.0,0.0,0.0,0.0,0.0,0.0,0.0,0.0,0.5551332386039141,0.0,0.0,0.0,0.49414457225170044,0.4595183273857779,0.0,0.0,0.0
0.0,0.4900626680465964,0.0,0.0,0.0,0.5622397541058847,0.0,0.0,0.44244388094910864,0.0,0.0,0.0,0.0,0.0,0.0,0.0,0.0,0.4979643084606536,0.0,0.0,0.0,0.0
0.0,0.0,0.0,0.0,0.0,0.0,0.0,0.0,0.0,0.0,0.0,0.5018331701025998,0.0,0.0,0.4818441333800399,0.0,0.0,0.0,0.0,0.5533166722000513,0.0,0.4580724405347634
0.280911064242117,0.0,0.0,0.0,0.0,0.5419773369865862,0.0,0.0,0.4264987571790387,0.47147136292378067,0.4724014227823806,0.0,0.0,0.0,0.0,0.0,0.0,0.0,0.0,0.0,0.0,0.0
0.2801448749004916,0.0,0.0,0.0,0.0,0.0,0.0,0.0,0.0,0.47018541737326136,0.0,0.4748712174317159,0.5260898175471787,0.0,0.0,0.0,0.0,0.0,0.4451644112961143,0.0,0.0,0.0
0.0,0.49083828080406977,0.0,0.0,0.0,0.0,0.0,0.0,0.0,0.0,0.0,0.0,0.0,0.5603098073023605,0.0,0.0,0.0,0.4987524269924079,0.0,0.0,0.44314412836827655,0.0
0.2791025337467968,0.0,0.0,0.0,0.4858387513628525,0.0,0.0,0.0,0.0,0.0,0.0,0.0,0.0,0.0,0.0,0.0,0.0,0.47692789733350505,0.0,0.5216405415207335,0.0,0.4318488271574908
0.2783654690090077,0.0,0.0,0.0,0.4845557296465183,0.0,0.0,0.47280078313909496,0.0,0.0,0.0,0.0,0.0,0.5343766956487433,0.0,0.0,0.0,0.0,0.0,0.0,0.4226338570686385,0.0
0.0,0.48898964534905764,0.0,0.0,0.0,0.0,0.0,0.0,0.0,0.0,0.0,0.0,0.0,0.5581995224772378,0.0,0.0,0.0,0.4968739846298825,0.0,0.0,0.0,0.4499096167516423
0.0,0.49506876666646205,0.0,0.0,0.0,0.0,0.48553923509109087,0.0,0.0,0.0,0.0,0.0,0.0,0.5651390612767434,0.0,0.0,0.0,0.0,0.0,0.0,0.44696354311928793,0.0
0.2789277710976847,0.0,0.0,0.0,0.0,0.5381508592371846,0.0,0.0,0.0,0.46814267266942683,0.0,0.0,0.0,0.0,0.0,0.0,0.0,0.47662926449182297,0.0,0.0,0.0,0.4315784209951502
0.27739815204523327,0.0,0.0,0.4740154652238137,0.0,0.5351996801410953,0.0,0.0,0.0,0.0,0.4664938423017232,0.0,0.0,0.0,0.0,0.0,0.0,0.0,0.440799729403258,0.0,0.0,0.0
0.0,0.49590686467427325,0.0,0.0,0.0,0.0,0.0,0.0,0.4477202041738216,0.0,0.0,0.4998629337610455,0.0,0.0,0.0,0.0,0.0,0.0,0.0,0.5511443075958273,0.0,0.0
0.0,0.4908829819605912,0.0,0.0,0.0,0.0,0.0,0.0,0.0,0.0,0.0,0.49479897330592665,0.0,0.0,0.0,0.0,0.5468593915936995,0.0,0.46384553448604804,0.0,0.0,0.0
0.0,0.48649571761198257,0.0,0.0,0.0,0.5581474584342738,0.0,0.0,0.0,0.0,0.0,0.49037670980303844,0.0,0.0,0.0,0.0,0.0,0.0,0.45969991719741415,0.0,0.0,0.0
0.0,0.0,0.0,0.0,0.0,0.5715070891942008,0.48855166074289236,0.0,0.4497366340363588,0.0,0.0,0.0,0.0,0.0,0.4821139717865268,0.0,0.0,0.0,0.0,0.0,0.0,0.0
0.2805109304023814,0.0,0.0,0.47933455286092813,0.0,0.0,0.0,0.4764448264559367,0.0,0.0,0.0,0.0,0.0,0.0,0.0,0.0,0.5255207145063242,0.0,0.0,0.0,0.0,0.43402800638500194
0.27930940828827056,0.0,0.0,0.0,0.0,0.538887173090848,0.0,0.47440405394728846,0.0,0.4687831992605505,0.0,0.0,0.0,0.0,0.0,0.0,0.0,0.0,0.0,0.0,0.0,0.4321689193003491
0.27873958615305616,0.0,0.0,0.0,0.48520696202226177,0.0,0.0,0.0,0.0,0.0,0.0,0.0,0.5234507969297142,0.0,0.0,0.0,0.0,0.47630769575238285,0.0,0.0,0.0,0.43128724682866904
0.0,0.49454803863693947,0.0,0.0,0.0,0.0,0.0,0.0,0.0,0.0,0.0,0.0,0.0,0.0,0.0,0.0,0.5509423823223231,0.5025219999761346,0.0,0.0,0.4464934135923454,0.0
0.28194496676127234,0.0,0.0,0.48178502128256606,0.0,0.0,0.0,0.0,0.42806850004642527,0.0,0.4741401119379146,0.0,0.5294702470443904,0.0,0.0,0.0,0.0,0.0,0.0,0.0,0.0,0.0
0.0,0.0,0.0,0.0,0.0,0.0,0.0,0.0,0.0,0.0,0.0,0.5030575118609089,0.557316225780096,0.0,0.4830197071137826,0.0,0.0,0.0,0.0,0.0,0.45058154287793073,0.0
0.0,0.0,0.0,0.0,0.0,0.0,0.0,0.0,0.4499908636630403,0.0,0.0,0.0,0.0,0.0,0.4823865038548291,0.0,0.5552579968764076,0.5064583303918547,0.0,0.0,0.0,0.0
0.2818122845247732,0.0,0.0,0.4815582950711713,0.0,0.0,0.0,0.0,0.0,0.0,0.0,0.47769762943915023,0.0,0.0,0.0,0.0,0.0,0.0,0.0,0.5267050453940382,0.42786705262704605,0.0
0.28000011434520794,0.0,0.0,0.0,0.0,0.0,0.0,0.0,0.0,0.4699424562906093,0.0,0.0,0.0,0.0,0.0,0.0,0.0,0.4784616749805254,0.44493437943351233,0.5233181129247912,0.0,0.0
0.0,0.4941170134552692,0.0,0.0,0.0,0.0,0.4846058020868848,0.0,0.0,0.0,0.0,0.0,0.0,0.0,0.0,0.0,0.5504622064407548,0.0,0.4669014380767617,0.0,0.0,0.0
0.0,0.0,0.0,0.0,0.0,0.0,0.48744651245474846,0.0,0.0,0.0,0.0,0.0,0.0,0.5673590197496969,0.48102338613628065,0.0,0.0,0.0,0.0,0.0,0.0,0.45729218470727484
0.0,0.49238539244268154,0.0,0.0,0.0,0.5649045724617004,0.4829075128823754,0.0,0.0,0.0,0.0,0.0,0.0,0.0,0.0,0.0,0.0,0.0,0.0,0.0,0.0,0.4530339759032298
0.2797404331161413,0.0,0.0,0.0,0.4869491541561809,0.0,0.0,0.0,0.0,0.0,0.47043280039665775,0.0,0.5253303080090767,0.0,0.0,0.0,0.0,0.0,0.0,0.0,0.0,0.43283583394240893
0.27873958615305616,0.0,0.0,0.0,0.48520696202226177,0.0,0.0,0.0,0.0,0.0,0.0,0.0,0.5234507969297142,0.0,0.0,0.0,0.0,0.47630769575238285,0.0,0.0,0.0,0.43128724682866904
0.2789150815451679,0.0,0.0,0.0,0.4855124499769174,0.0,0.4600162271606454,0.0,0.4234683171289241,0.0,0.0,0.0,0.0,0.0,0.0,0.5436393044482216,0.0,0.0,0.0,0.0,0.0,0.0
0.2796957703653087,0.0,0.0,0.4779416147272167,0.0,0.0,0.0,0.0,0.0,0.0,0.47035769211605083,0.0,0.0,0.0,0.0,0.0,0.5239935601651191,0.0,0.44445076141732875,0.0,0.0,0.0
0.0,0.0,0.0,0.0,0.0,0.0,0.0,0.0,0.0,0.0,0.0,0.5010990985419721,0.5551465821634252,0.0,0.4811393013839858,0.0,0.0,0.0,0.0,0.0,0.0,0.45740238129727795
0.0,0.0,0.0,0.0,0.0,0.0,0.0,0.0,0.0,0.0,0.0,0.0,0.0,0.5646324378256696,0.4787117111227201,0.0,0.0,0.5026001598651765,0.0,0.0,0.44656285906073484,0.0
0.28206971599295455,0.0,0.0,0.0,0.0,0.0,0.0,0.0,0.42825790302496247,0.4734160037359723,0.0,0.0,0.5297045161901606,0.0,0.0,0.0,0.0,0.48199819164673813,0.0,0.0,0.0,0.0
0.278449805910033,0.0,0.0,0.475812521881553,0.0,0.0,0.0,0.0,0.42276190323004076,0.0,0.0,0.47199792026568443,0.0,0.0,0.0,0.5427324258339129,0.0,0.0,0.0,0.0,0.0,0.0
0.0,0.0,0.5575879783248221,0.0,0.0,0.0,0.0,0.0,0.0,0.0,0.0,0.496026463935779,0.0,0.0,0.4762687201402729,0.0,0.0,0.0,0.46499623624170516,0.0,0.0,0.0
0.27977986254840453,0.0,0.5331116488009653,0.0,0.4870177896711673,0.0,0.46144251537792375,0.0,0.0,0.0,0.0,0.0,0.0,0.0,0.0,0.0,0.0,0.0,0.0,0.0,0.0,0.4328968421813876
0.2788035837845753,0.0,0.531251380600339,0.47641705432905007,0.0,0.0,0.0,0.0,0.0,0.0,0.0,0.0,0.0,0.0,0.0,0.0,0.0,0.47641705432905007,0.0,0.0,0.0,0.4313862688681374
0.0,0.49053193609503554,0.0,0.0,0.0,0.0,0.0,0.0,0.0,0.0,0.0,0.4944451269917471,0.5477749273856214,0.0,0.0,0.0,0.0,0.0,0.4635138239498884,0.0,0.0,0.0
0.0,0.0,0.0,0.0,0.0,0.0,0.0,0.0,0.0,0.0,0.4956430466653465,0.0,0.0,0.0,0.47969704519902034,0.0,0.5521622563986522,0.0,0.468343418581249,0.0,0.0,0.0
0.28335206560322207,0.0,0.0,0.484189459117732,0.0,0.0,0.4673341701526505,0.0,0.43020485558278954,0.0,0.0,0.0,0.0,0.0,0.0,0.0,0.530843414048239,0.0,0.0,0.0,0.0,0.0
0.2806935712954524,0.0,0.0,0.0,0.0,0.0,0.0,0.47675504006678654,0.42616854422819633,0.47110633032434596,0.0,0.0,0.0,0.5388459411028997,0.0,0.0,0.0,0.0,0.0,0.0,0.0,0.0
0.0,0.0,0.0,0.0,0.0,0.0,0.0,0.0,0.0,0.0,0.4981202135121182,0.0,0.5562487245133156,0.0,0.4820945157675194,0.0,0.0,0.0,0.0,0.0,0.0,0.45831047035261163
0.2824458457999739,0.0,0.0,0.0,0.0,0.0,0.0,0.0,0.4288289695141537,0.47404728692601006,0.0,0.0,0.0,0.0,0.0,0.0,0.0,0.4826409188752517,0.0,0.5278891666639013,0.0,0.0
0.0,0.4880598731605023,0.0,0.0,0.0,0.0,0.47866525510921226,0.0,0.0,0.0,0.0,0.0,0.0,0.0,0.0,0.5656784065146229,0.0,0.0,0.46117792029201055,0.0,0.0,0.0
0.0,0.0,0.0,0.0,0.0,0.0,0.4869167785951338,0.0,0.4482316419275181,0.0,0.0,0.0,0.0,0.0,0.48050063262714254,0.5754299157520526,0.0,0.0,0.0,0.0,0.0,0.0
0.28006523422494783,0.0,0.0,0.0,0.0,0.0,0.0,0.0,0.0,0.47005175123254134,0.4709790106583841,0.0,0.0,0.0,0.0,0.5458810914443957,0.0,0.0,0.0,0.0,0.42521455909278444,0.0
0.2814386768198322,0.0,0.0,0.4809198775879867,0.0,0.0,0.0,0.0,0.42729981536902023,0.0,0.0,0.47706433016587174,0.5285194747591118,0.0,0.0,0.0,0.0,0.0,0.0,0.0,0.0,0.0
0.0,0.0,0.0,0.0,0.0,0.0,0.4931739400520821,0.0,0.45399167706482757,0.0,0.0,0.0,0.0,0.0,0.4866753429075902,0.0,0.5601947274074883,0.0,0.0,0.0,0.0,0.0
0.0,0.4892001534338531,0.0,0.0,0.0,0.0,0.0,0.4940911323618447,0.4416651758211327,0.0,0.0,0.0,0.0,0.0,0.0,0.567000031101033,0.0,0.0,0.0,0.0,0.0,0.0
0.28193189125282936,0.0,0.5372122711989924,0.0,0.0,0.0,0.0,0.0,0.42804864789814673,0.4731846834843234,0.47411812316787905,0.0,0.0,0.0,0.0,0.0,0.0,0.0,0.0,0.0,0.0,0.0
0.28043988213136956,0.0,0.5343692951694723,0.0,0.0,0.0,0.0,0.0,0.0,0.47068054725214187,0.0,0.4753712817035607,0.0,0.0,0.0,0.0,0.0,0.0,0.0,0.0,0.0,0.43391807505583724
0.27447037801862934,0.0,0.0,0.0,0.477775475387247,0.0,0.0,0.0,0.0,0.0,0.0,0.0,0.0,0.0,0.0,0.5349760384811759,0.0,0.4690125113214223,0.4361473480187185,0.0,0.0,0.0
0.0,0.4897168674593623,0.0,0.0,0.0,0.0,0.0,0.4946130124474887,0.0,0.0,0.0,0.0,0.0,0.5590296730511158,0.0,0.0,0.0,0.0,0.0,0.0,0.0,0.45057871930637416
0.28112081245761994,0.0,0.0,0.0,0.0,0.5423820158823167,0.46365415167464646,0.0,0.0,0.4718233970357185,0.0,0.0,0.0,0.0,0.0,0.0,0.0,0.0,0.0,0.0,0.0,0.43497166263463705
0.27938283342304915,0.0,0.0,0.477406870897176,0.0,0.0,0.0,0.0,0.0,0.0,0.0,0.47357948734293553,0.0,0.0,0.0,0.0,0.0,0.0,0.44395348874823826,0.522164419512615,0.0,0.0
0.0,0.0,0.0,0.0,0.0,0.0,0.0,0.4978772115535763,0.0,0.0,0.0,0.0,0.0,0.0,0.4770894346965583,0.5713447903546572,0.0,0.0,0.0,0.0,0.4450495298853223,0.0
0.27670133204608466,0.0,0.0,0.0,0.0,0.0,0.0,0.0,0.0,0.4644058947786854,0.0,0.0,0.0,0.0,0.0,0.539324438320377,0.0,0.4728247454816727,0.4396924470915236,0.0,0.0,0.0
0.0,0.0,0.564029999935848,0.0,0.0,0.0,0.0,0.0,0.4494169098328378,0.0,0.4977861812112396,0.0,0.0,0.0,0.48177123007066447,0.0,0.0,0.0,0.0,0.0,0.0,0.0
0.27561610722321517,0.0,0.0,0.4709703230729717,0.0,0.0,0.0,0.0,0.0,0.0,0.0,0.0,0.0,0.0,0.0,0.5372092035879763,0.0,0.4709703230729717,0.437967969820368,0.0,0.0,0.0
0.28433831271291793,0.0,0.0,0.0,0.0,0.0,0.4689607931087738,0.0,0.4317022446859619,0.4772235375914693,0.0,0.0,0.5339647605901968,0.0,0.0,0.0,0.0,0.0,0.0,0.0,0.0,0.0
0.27859449622563703,0.0,0.0,0.47605976739043165,0.0,0.0,0.0,0.4731897834262643,0.0,0.0,0.0,0.0,0.0,0.5348163579663135,0.0,0.0,0.0,0.0,0.0,0.0,0.0,0.4310627525750799
0.2823205970784228,0.0,0.0,0.48242689498728775,0.0,0.0,0.0,0.0,0.42863880817528327,0.0,0.4747718004644624,0.0,0.0,0.0,0.0,0.0,0.0,0.0,0.0,0.5276550777430391,0.0,0.0
0.2782157780557398,0.0,0.0,0.4754126171907314,0.0,0.0,0.0,0.0,0.0,0.0,0.0,0.0,0.0,0.5340893347298026,0.0,0.0,0.0,0.4754126171907314,0.0,0.0,0.0,0.4304767708023679
0.27930940828827056,0.0,0.0,0.0,0.0,0.538887173090848,0.0,0.47440405394728846,0.0,0.4687831992605505,0.0,0.0,0.0,0.0,0.0,0.0,0.0,0.0,0.0,0.0,0.0,0.4321689193003491
0.0,0.48649571761198257,0.0,0.0,0.0,0.5581474584342738,0.0,0.0,0.0,0.0,0.0,0.49037670980303844,0.0,0.0,0.0,0.0,0.0,0.0,0.45969991719741415,0.0,0.0,0.0
0.0,0.48898964534905764,0.0,0.0,0.0,0.0,0.0,0.0,0.0,0.0,0.0,0.0,0.0,0.5581995224772378,0.0,0.0,0.0,0.4968739846298825,0.0,0.0,0.0,0.4499096167516423
0.0,0.4902914888269403,0.0,0.0,0.0,0.0,0.0,0.4951933788275747,0.0,0.0,0.0,0.0,0.5475064209436771,0.0,0.0,0.0,0.0,0.0,0.463286620327673,0.0,0.0,0.0
0.28211382560954656,0.0,0.0,0.0,0.0,0.544297891375245,0.46529193390262624,0.0,0.0,0.47349003578276544,0.0,0.0,0.0,0.0,0.0,0.0,0.0,0.0,0.0,0.0,0.4283248733193042,0.0
0.2796766348584035,0.0,0.0,0.0,0.0,0.5395956837331337,0.46127226136286753,0.0,0.0,0.46939953956736435,0.0,0.0,0.0,0.0,0.0,0.0,0.0,0.0,0.4444203541265677,0.0,0.0,0.0
0.28030751303329204,0.0,0.0,0.4789869550916835,0.0,0.0,0.0,0.0,0.0,0.0,0.0,0.0,0.0,0.0,0.0,0.0,0.0,0.4789869550916835,0.0,0.5238926387664677,0.0,0.43371326344417144
0.0,0.4965258161760845,0.0,0.0,0.0,0.0,0.0,0.0,0.0,0.0,0.4965258161760845,0.0,0.0,0.0,0.0,0.0,0.5531456899567511,0.0,0.0,0.0,0.44827901291898115,0.0
0.0,0.48701882904312244,0.0,0.0,0.0,0.0,0.0,0.4918879992869685,0.0,0.0,0.0,0.0,0.0,0.5559497637526372,0.0,0.0,0.0,0.0,0.4601942160635181,0.0,0.0,0.0
0.0,0.49109202828666226,0.5564450102030422,0.0,0.0,0.0,0.0,0.0,0.0,0.0,0.0,0.49500968728729183,0.0,0.0,0.0,0.0,0.0,0.0,0.0,0.0,0.0,0.45184397734745346
0.27791520248442364,0.0,0.0,0.0,0.0,0.0,0.0,0.0,0.0,0.46644321271602124,0.0,0.0,0.0,0.5335123214200538,0.0,0.0,0.0,0.4748989963600883,0.4416213487687893,0.0,0.0,0.0
0.2800842609114919,0.0,0.0,0.0,0.0,0.0,0.4619445613259793,0.0,0.0,0.4700836849616775,0.0,0.0,0.0,0.5376762512316509,0.0,0.0,0.0,0.0,0.4450680925940893,0.0,0.0,0.0
0.2791555376118103,0.0,0.0,0.47701846986092744,0.0,0.5385903018383993,0.0,0.4741427062428065,0.42383339428904165,0.0,0.0,0.0,0.0,0.0,0.0,0.0,0.0,0.0,0.0,0.0,0.0,0.0
0.2785046482992235,0.0,0.0,0.0,0.0,0.5373345048933392,0.0,0.0,0.0,0.46743251807650316,0.4683546106060924,0.0,0.0,0.0,0.0,0.0,0.0,0.0,0.4425580080570577,0.0,0.0,0.0
0.2794351188935412,0.0,0.0,0.0,0.0,0.5391297135520412,0.0,0.0,0.0,0.4689941875694689,0.0,0.47366811600350045,0.0,0.0,0.0,0.0,0.0,0.0,0.0,0.0,0.0,0.43236342838172
0.2785775909144859,0.0,0.0,0.0,0.48492497402531615,0.5374752371371169,0.0,0.0,0.4229559153303912,0.0,0.46847727645880416,0.0,0.0,0.0,0.0,0.0,0.0,0.0,0.0,0.0,0.0,0.0
0.2798416883013541,0.0,0.0,0.0,0.0,0.0,0.0,0.0,0.0,0.4696765595270912,0.0,0.4743572883816393,0.0,0.5372105858949199,0.0,0.0,0.0,0.0,0.0,0.0,0.0,0.4329925037239073
0.2801073095388104,0.0,0.0,0.0,0.4875877824792607,0.0,0.0,0.0,0.0,0.0,0.47104976770807994,0.0,0.0,0.0,0.0,0.0,0.0,0.0,0.0,0.5235184599373696,0.0,0.4334034932564054
0.27602334087045516,0.0,0.0,0.0,0.48047874548198727,0.0,0.0,0.4688227034510431,0.0,0.0,0.0,0.0,0.0,0.5298805248416338,0.0,0.0,0.0,0.0,0.43861508473509897,0.0,0.0,0.0
0.0,0.4902914888269403,0.0,0.0,0.0,0.0,0.0,0.4951933788275747,0.0,0.0,0.0,0.0,0.5475064209436771,0.0,0.0,0.0,0.0,0.0,0.463286620327673,0.0,0.0,0.0
0.2754257818618108,0.0,0.0,0.0,0.47943856387299927,0.0,0.0,0.0,0.0,0.0,0.46317695450516694,0.0,0.0,0.0,0.0,0.5368382363870652,0.0,0.0,0.4376655331704226,0.0,0.0,0.0
0.0,0.0,0.0,0.0,0.0,0.0,0.4883951005170745,0.0,0.0,0.0,0.0,0.0,0.0,0.0,0.4819594745688159,0.0,0.5547664586097595,0.0,0.47055230003247633,0.0,0.0,0.0
0.2822584655019473,0.0,0.0,0.0,0.0,0.0,0.0,0.0,0.0,0.4737327943490301,0.0,0.0,0.0,0.0,0.0,0.0,0.5287946186384425,0.48232072510868185,0.0,0.0,0.4285444756853193,0.0
0.0,0.491833118448852,0.0,0.0,0.0,0.0,0.0,0.0,0.0,0.0,0.491833118448852,0.0,0.0,0.0,0.0,0.0,0.5479178741261882,0.0,0.46474333820593217,0.0,0.0,0.0
0.2821334657824094,0.0,0.0,0.48210712671311673,0.0,0.0,0.0,0.0,0.0,0.0,0.4744571062365139,0.0,0.0,0.0,0.0,0.0,0.528560439022588,0.0,0.0,0.0,0.4283546923986607,0.0
0.0,0.49099005270698054,0.0,0.0,0.0,0.0,0.0,0.4958989268861626,0.0,0.0,0.0,0.0,0.0,0.0,0.0,0.0,0.0,0.0,0.46394670786017567,0.5456798280325684,0.0,0.0
0.0,0.49181613413873587,0.0,0.0,0.0,0.0,0.0,0.0,0.44402696489633375,0.0,0.0,0.49573956965302357,0.0,0.5614260625639085,0.0,0.0,0.0,0.0,0.0,0.0,0.0,0.0
0.2835416338109675,0.0,0.0,0.4845133915647349,0.0,0.0,0.46764682607370556,0.0,0.4304926712486559,0.0,0.0,0.0,0.0,0.0,0.0,0.0,0.0,0.0,0.0,0.529937186234964,0.0,0.0
0.2789589065046247,0.0,0.0,0.4766824683949376,0.0,0.0,0.46008850791503514,0.0,0.0,0.0,0.0,0.0,0.0,0.5355159144214986,0.0,0.0,0.0,0.0,0.44327984737914294,0.0,0.0,0.0
0.0,0.0,0.0,0.0,0.0,0.0,0.0,0.0,0.0,0.0,0.4941567748930603,0.0,0.0,0.0,0.47825859028206924,0.5727449281575843,0.0,0.0,0.0,0.0,0.4461401684655403,0.0
0.0,0.0,0.0,0.0,0.0,0.0,0.0,0.5041829741119521,0.0,0.0,0.0,0.0,0.0,0.0,0.48313191389523225,0.0,0.556116011938144,0.0,0.0,0.0,0.45068621418629007,0.0
0.0,0.49493977984036397,0.0,0.0,0.0,0.0,0.0,0.4998881430345128,0.44684708978453874,0.0,0.0,0.0,0.5526971477546876,0.0,0.0,0.0,0.0,0.0,0.0,0.0,0.0,0.0
0.282294649513168,0.0,0.0,0.0,0.4913953241295706,0.0,0.4655901677932555,0.0,0.4285994127731732,0.0,0.0,0.0,0.0,0.0,0.0,0.0,0.0,0.0,0.0,0.5276065819382575,0.0,0.0
0.0,0.0,0.0,0.0,0.0,0.0,0.0,0.0,0.0,0.0,0.0,0.49861690978875767,0.0,0.0,0.47875598326168284,0.0,0.5510790333770978,0.0,0.4674246300057503,0.0,0.0,0.0
0.28129973241778844,0.0,0.0,0.0,0.48966345422197854,0.0,0.46394924538053167,0.0,0.0,0.0,0.0,0.0,0.0,0.0,0.0,0.0,0.0,0.0,0.0,0.5257470893516625,0.0,0.43524850130720866
0.2809074243168208,0.0,0.5352601819656112,0.0,0.0,0.0,0.0,0.0,0.4264932307907519,0.471465253799724,0.0,0.0,0.0,0.0,0.0,0.0,0.0,0.48001207809289415,0.0,0.0,0.0,0.0
0.0,0.49518713441934553,0.0,0.0,0.0,0.0,0.0,0.0,0.0,0.0,0.0,0.4991374618985395,0.55297336756133,0.0,0.0,0.0,0.0,0.0,0.0,0.0,0.44707040922311453,0.0
0.0,0.4855491964561491,0.0,0.0,0.0,0.5570615323749943,0.0,0.0,0.0,0.0,0.0,0.0,0.0,0.0,0.0,0.0,0.0,0.4933780628519997,0.4588055296802988,0.0,0.0,0.0
0.0,0.0,0.0,0.0,0.0,0.0,0.0,0.0,0.0,0.0,0.0,0.4989764395964178,0.0,0.0,0.4791011922652265,0.0,0.0,0.0,0.4677616684896493,0.5501668672225729,0.0,0.0
0.2777313690874487,0.0,0.0,0.47458486350610835,0.0,0.0,0.45806392348518116,0.0,0.0,0.0,0.0,0.0,0.0,0.0,0.0,0.5413321053766756,0.0,0.0,0.441329228179505,0.0,0.0,0.0
0.27887576984901447,0.0,0.0,0.4765404052261829,0.0,0.0,0.0,0.0,0.0,0.0,0.0,0.0,0.0,0.0,0.0,0.0,0.0,0.4765404052261829,0.4431477390178353,0.5212167214971436,0.0,0.0
0.0,0.49418907669609835,0.0,0.0,0.0,0.0,0.0,0.0,0.0,0.0,0.0,0.0,0.5518588407453381,0.0,0.0,0.0,0.0,0.5021572502282153,0.0,0.0,0.44616933154208066,0.0
0.281425671620992,0.0,0.5362476857562586,0.0,0.0,0.0,0.0,0.0,0.42728006996968115,0.4723350620555447,0.0,0.47704228516287683,0.0,0.0,0.0,0.0,0.0,0.0,0.0,0.0,0.0,0.0
0.0,0.0,0.0,0.0,0.0,0.0,0.0,0.49841119387798216,0.0,0.0,0.0,0.0,0.0,0.5633225162837896,0.47760112175388275,0.0,0.0,0.0,0.0,0.0,0.0,0.45403875711689723
0.0,0.4961625335179807,0.0,0.0,0.0,0.0,0.0,0.0,0.0,0.0,0.4961625335179807,0.0,0.5540625915875581,0.0,0.0,0.0,0.0,0.0,0.0,0.0,0.4479510299902393,0.0
0.0,0.4910358839599959,0.0,0.0,0.0,0.5633563065623751,0.0,0.0,0.0,0.0,0.0,0.4949530950724212,0.0,0.0,0.0,0.0,0.0,0.0,0.0,0.0,0.4433225306684237,0.0
0.28096393032023603,0.0,0.0,0.48010863504289303,0.0,0.5420793344508484,0.4633954050749702,0.0,0.4265790221435944,0.0,0.0,0.0,0.0,0.0,0.0,0.0,0.0,0.0,0.0,0.0,0.0,0.0
0.27914546915939825,0.0,0.0,0.4770012649800766,0.0,0.0,0.46039620676051374,0.0,0.0,0.0,0.0,0.0,0.0,0.0,0.0,0.5440883578362986,0.0,0.0,0.0,0.0,0.0,0.43191526011790343
0.0,0.0,0.5596135071227081,0.0,0.0,0.0,0.0,0.0,0.0,0.0,0.0,0.0,0.0,0.0,0.4779988435390497,0.0,0.0,0.5018517190955217,0.0,0.0,0.0,0.45441685736999626
0.2803062400302968,0.0,0.0,0.0,0.0,0.0,0.0,0.0,0.42558047090452306,0.47045624699644784,0.0,0.0,0.0,0.5381023833536854,0.0,0.0,0.0,0.4789847797956241,0.0,0.0,0.0,0.0
0.0,0.4953003813170775,0.0,0.0,0.0,0.0,0.0,0.5002523497722051,0.44717265205899037,0.0,0.0,0.0,0.0,0.0,0.0,0.0,0.551780516206466,0.0,0.0,0.0,0.0,0.0
0.0,0.49418907669609835,0.0,0.0,0.0,0.0,0.0,0.0,0.0,0.0,0.0,0.0,0.5518588407453381,0.0,0.0,0.0,0.0,0.5021572502282153,0.0,0.0,0.44616933154208066,0.0
0.27707389098821716,0.0,0.0,0.0,0.0,0.0,0.0,0.47060705163249333,0.0,0.46503118475325633,0.0,0.0,0.0,0.0,0.0,0.5400506008607633,0.0,0.0,0.44028446214161665,0.0,0.0,0.0
0.2804606076050781,0.0,0.0,0.0,0.48820277471551937,0.0,0.0,0.4763593537209044,0.0,0.0,0.0,0.0,0.0,0.0,0.0,0.0,0.0,0.0,0.0,0.5241787713724971,0.4258148425159461,0.0
0.27831753981237506,0.0,0.0,0.4755865067644644,0.0,0.5369735060850392,0.0,0.0,0.0,0.0,0.0,0.47177371711778787,0.0,0.0,0.0,0.0,0.0,0.0,0.0,0.0,0.0,0.4306342243899885
0.2810895837625995,0.0,0.0,0.0,0.48929764471510323,0.0,0.0,0.0,0.42676979795781117,0.0,0.4727016347932457,0.0,0.0,0.0,0.0,0.0,0.0,0.0,0.0,0.525354323091819,0.0,0.0
0.2803393932118176,0.0,0.0,0.0,0.0,0.0,0.0,0.0,0.0,0.4705118901435737,0.4714400572740284,0.0,0.0,0.5381660273381725,0.0,0.0,0.0,0.0,0.0,0.0,0.0,0.43376259089928637
0.27948488971724006,0.0,0.0,0.0,0.48650432521043646,0.0,0.0,0.47470210728464574,0.0,0.0,0.0,0.0,0.0,0.0,0.0,0.0,0.0,0.0,0.0,0.5223551619607494,0.0,0.4324404376139634
0.2829726705646322,0.0,0.0,0.0,0.0,0.0,0.0,0.0,0.0,0.47493149129327333,0.0,0.4796645900399264,0.0,0.0,0.0,0.0,0.0,0.0,0.0,0.5288737981963839,0.42962883159144183,0.0
0.28110680786222636,0.0,0.0,0.4803527829005382,0.0,0.0,0.0,0.0,0.42679594878638105,0.0,0.0,0.0,0.0,0.0,0.0,0.0,0.5266370558481989,0.4803527829005382,0.0,0.0,0.0,0.0
0.28433831271291793,0.0,0.0,0.0,0.0,0.0,0.4689607931087738,0.0,0.0,0.4772235375914693,0.0,0.0,0.5339647605901968,0.0,0.0,0.0,0.0,0.0,0.0,0.0,0.4317022446859619,0.0
0.0,0.0,0.0,0.0,0.0,0.0,0.0,0.0,0.0,0.0,0.0,0.5018331701025998,0.0,0.0,0.4818441333800399,0.0,0.0,0.0,0.0,0.5533166722000513,0.0,0.4580724405347634
0.2799270518866603,0.0,0.5333921134137101,0.0,0.0,0.0,0.0,0.0,0.0,0.46981983080057044,0.0,0.0,0.0,0.0,0.0,0.0,0.0,0.47833682650902865,0.0,0.0,0.0,0.4331245848042958
0.27898042337724005,0.0,0.0,0.0,0.4856261916677559,0.0,0.0,0.0,0.0,0.0,0.469154710183465,0.0,0.0,0.5355572202462829,0.0,0.0,0.0,0.0,0.0,0.0,0.4235675236526889,0.0
0.2792810404774389,0.0,0.0,0.4772329280280034,0.0,0.5388324414959492,0.0,0.0,0.0,0.0,0.0,0.47340693897836145,0.0,0.0,0.0,0.0,0.0,0.0,0.0,0.0,0.4240239414871644,0.0
0.0,0.0,0.0,0.0,0.0,0.0,0.0,0.0,0.0,0.0,0.0,0.5030575118609089,0.557316225780096,0.0,0.4830197071137826,0.0,0.0,0.0,0.0,0.0,0.45058154287793073,0.0
0.2806935712954524,0.0,0.0,0.0,0.0,0.0,0.0,0.47675504006678654,0.42616854422819633,0.47110633032434596,0.0,0.0,0.0,0.5388459411028997,0.0,0.0,0.0,0.0,0.0,0.0,0.0,0.0
0.0,0.0,0.0,0.0,0.0,0.0,0.0,0.0,0.0,0.0,0.49885282791678925,0.0,0.0,0.0,0.4828035602453051,0.0,0.0,0.0,0.0,0.5544184120439796,0.0,0.4589845342498072
0.27942903956824644,0.0,0.0,0.0,0.48640710586138136,0.0,0.0,0.0,0.0,0.0,0.0,0.4736578109904071,0.0,0.0,0.0,0.0,0.5234938557191928,0.0,0.0,0.0,0.0,0.43235402198378015
0.27918587343219187,0.0,0.0,0.0,0.4859838222375155,0.0,0.46046284575697355,0.0,0.0,0.0,0.0,0.0,0.0,0.5359516216132227,0.0,0.0,0.0,0.0,0.0,0.0,0.0,0.4319777767048503
0.27912045036926,0.0,0.0,0.0,0.4858699391466726,0.0,0.0,0.47408311093518785,0.0,0.0,0.0,0.0,0.5241660296680752,0.0,0.0,0.0,0.0,0.0,0.0,0.0,0.0,0.43187654912867274
0.2792810404774389,0.0,0.0,0.4772329280280034,0.0,0.5388324414959492,0.0,0.0,0.4240239414871644,0.0,0.0,0.47340693897836145,0.0,0.0,0.0,0.0,0.0,0.0,0.0,0.0,0.0,0.0
0.27831753981237506,0.0,0.0,0.4755865067644644,0.0,0.5369735060850392,0.0,0.0,0.0,0.0,0.0,0.47177371711778787,0.0,0.0,0.0,0.0,0.0,0.0,0.0,0.0,0.0,0.4306342243899885
0.0,0.49300967519976474,0.0,0.0,0.0,0.0,0.0,0.0,0.0,0.0,0.0,0.0,0.0,0.0,0.0,0.0,0.0,0.5009588323751268,0.0,0.5479244096661008,0.0,0.453608366012827
0.0,0.4961625335179807,0.0,0.0,0.0,0.0,0.0,0.0,0.4479510299902393,0.0,0.4961625335179807,0.0,0.5540625915875581,0.0,0.0,0.0,0.0,0.0,0.0,0.0,0.0,0.0
0.28129725657788746,0.0,0.5360029949670905,0.0,0.0,0.0,0.0,0.4777803930867604,0.0,0.47211953471219936,0.0,0.0,0.0,0.0,0.0,0.0,0.0,0.0,0.0,0.0,0.42708510130073624,0.0
0.27877452994226215,0.0,0.0,0.4763674073848326,0.0,0.5378552025546801,0.0,0.0,0.42325492188897307,0.0,0.0,0.0,0.0,0.0,0.0,0.0,0.0,0.4763674073848326,0.0,0.0,0.0,0.0
0.0,0.49418907669609835,0.0,0.0,0.0,0.0,0.0,0.0,0.44616933154208066,0.0,0.0,0.0,0.5518588407453381,0.0,0.0,0.0,0.0,0.5021572502282153,0.0,0.0,0.0,0.0
0.2775110052236893,0.0,0.0,0.0,0.48306834931725023,0.0,0.0,0.0,0.0,0.0,0.0,0.0,0.0,0.0,0.0,0.0,0.5199005312888276,0.4742083077193149,0.4409790588261793,0.0,0.0,0.0
0.2757539746405769,0.0,0.0,0.0,0.4800098548881738,0.5320274772458005,0.0,0.0,0.0,0.0,0.0,0.46742823939120176,0.0,0.0,0.0,0.0,0.0,0.0,0.43818704813728726,0.0,0.0,0.0
0.0,0.0,0.0,0.0,0.0,0.0,0.0,0.0,0.0,0.0,0.0,0.49712755486144056,0.0,0.0,0.47732595237292813,0.5716280352399828,0.0,0.0,0.0,0.0,0.44527016373931855,0.0
0.2773316144670414,0.0,0.0,0.0,0.48275608063216935,0.0,0.0,0.0,0.0,0.0,0.0,0.0,0.5208067379667572,0.0,0.0,0.0,0.0,0.47390176640913545,0.44069399781764407,0.0,0.0,0.0
0.2806935712954524,0.0,0.0,0.0,0.0,0.0,0.0,0.47675504006678654,0.0,0.47110633032434596,0.0,0.0,0.0,0.5388459411028997,0.0,0.0,0.0,0.0,0.0,0.0,0.42616854422819633,0.0
0.0,0.4903807581392495,0.0,0.0,0.0,0.0,0.0,0.0,0.0,0.0,0.4903807581392495,0.0,0.0,0.0,0.0,0.5683683931098734,0.0,0.0,0.0,0.0,0.44273106261843653,0.0
0.27791520248442364,0.0,0.0,0.0,0.0,0.0,0.0,0.0,0.0,0.46644321271602124,0.0,0.0,0.0,0.5335123214200538,0.0,0.0,0.0,0.4748989963600883,0.4416213487687893,0.0,0.0,0.0
0.2804606076050781,0.0,0.0,0.0,0.48820277471551937,0.0,0.0,0.4763593537209044,0.0,0.0,0.0,0.0,0.0,0.0,0.0,0.0,0.0,0.0,0.0,0.5241787713724971,0.4258148425159461,0.0
0.0,0.0,0.0,0.0,0.0,0.0,0.0,0.0,0.0,0.0,0.4941567748930603,0.0,0.0,0.0,0.47825859028206924,0.5727449281575843,0.0,0.0,0.0,0.0,0.4461401684655403,0.0
0.2775345450912532,0.0,0.0,0.0,0.48310932558396824,0.0,0.0,0.0,0.0,0.0,0.0,0.47044646936216206,0.0,0.5327815754670415,0.0,0.0,0.0,0.0,0.0,0.0,0.0,0.42942271495849854
0.0,0.49418907669609835,0.0,0.0,0.0,0.0,0.0,0.0,0.0,0.0,0.0,0.0,0.5518588407453381,0.0,0.0,0.0,0.0,0.5021572502282153,0.0,0.0,0.44616933154208066,0.0
0.27869540099274803,0.0,0.0,0.4762321925481797,0.0,0.0,0.0,0.0,0.0,0.0,0.0,0.0,0.0,0.0,0.0,0.0,0.5221194270371009,0.4762321925481797,0.44286112375941045,0.0,0.0,0.0
0.0,0.0,0.0,0.0,0.0,0.569290488003264,0.48665680376996534,0.0,0.0,0.0,0.0,0.0,0.0,0.0,0.48024408351351167,0.0,0.0,0.0,0.0,0.0,0.0,0.4565513288379239
0.28125711754853927,0.0,0.0,0.0,0.0,0.0,0.46387896043479004,0.0,0.0,0.47205216676097866,0.0,0.0,0.0,0.0,0.0,0.5482042165240115,0.0,0.0,0.0,0.0,0.4270241594286973,0.0
0.28206971599295455,0.0,0.0,0.0,0.0,0.0,0.0,0.0,0.0,0.4734160037359723,0.0,0.0,0.5297045161901606,0.0,0.0,0.0,0.0,0.48199819164673813,0.0,0.0,0.42825790302496247,0.0
0.2795514450546275,0.0,0.5326764065157868,0.4776949929354645,0.0,0.0,0.46106578510890167,0.0,0.0,0.0,0.0,0.0,0.0,0.0,0.0,0.0,0.0,0.0,0.4442214211804697,0.0,0.0,0.0
0.27942903956824644,0.0,0.0,0.0,0.48640710586138136,0.0,0.0,0.0,0.0,0.0,0.0,0.4736578109904071,0.0,0.0,0.0,0.0,0.5234938557191928,0.0,0.0,0.0,0.0,0.43235402198378015
0.0,0.0,0.0,0.0,0.0,0.0,0.0,0.0,0.0,0.0,0.0,0.49825481514563286,0.5519955204058282,0.0,0.4784083115852921,0.0,0.0,0.0,0.46708518713635105,0.0,0.0,0.0
0.2794351188935412,0.0,0.0,0.0,0.0,0.5391297135520412,0.0,0.0,0.0,0.4689941875694689,0.0,0.47366811600350045,0.0,0.0,0.0,0.0,0.0,0.0,0.0,0.0,0.0,0.43236342838172
0.2829726705646322,0.0,0.0,0.0,0.0,0.0,0.0,0.0,0.0,0.47493149129327333,0.0,0.4796645900399264,0.0,0.0,0.0,0.0,0.0,0.0,0.0,0.5288737981963839,0.42962883159144183,0.0
0.2808211609716194,0.0,0.0,0.0,0.0,0.0,0.0,0.0,0.0,0.4713204724005214,0.0,0.4760175842536777,0.0,0.5390908743189043,0.0,0.0,0.0,0.0,0.0,0.0,0.42636225976752873,0.0
0.28092815684424766,0.0,0.0,0.0,0.4890166460032837,0.0,0.4633364036779664,0.0,0.0,0.0,0.0,0.0,0.5275607588057863,0.0,0.0,0.0,0.0,0.0,0.0,0.0,0.0,0.4346735711068991
0.2795689855022256,0.0,0.0,0.0,0.0,0.0,0.0,0.0,0.42446111969350786,0.4692188646309321,0.0,0.4738950321641548,0.0,0.0,0.0,0.5449138425277739,0.0,0.0,0.0,0.0,0.0,0.0
0.2792014795544843,0.0,0.0,0.4770969750390238,0.0,0.0,0.0,0.0,0.0,0.0,0.0,0.4732720759281028,0.0,0.0,0.0,0.0,0.5230675354298059,0.0,0.44366530825532513,0.0,0.0,0.0
0.0,0.0,0.0,0.0,0.0,0.0,0.48231585530304255,0.0,0.0,0.0,0.0,0.0,0.0,0.0,0.47596033611302907,0.5699926233465856,0.0,0.0,0.4646951511485183,0.0,0.0,0.0
0.2804606076050781,0.0,0.0,0.0,0.48820277471551937,0.0,0.0,0.4763593537209044,0.0,0.0,0.0,0.0,0.0,0.0,0.0,0.0,0.0,0.0,0.0,0.5241787713724971,0.4258148425159461,0.0
0.2803393932118176,0.0,0.0,0.0,0.0,0.0,0.0,0.0,0.0,0.4705118901435737,0.4714400572740284,0.0,0.0,0.5381660273381725,0.0,0.0,0.0,0.0,0.0,0.0,0.0,0.43376259089928637
0.28137721932450704,0.0,0.0,0.4808148595731829,0.0,0.0,0.46407704497561125,0.0,0.0,0.0,0.0,0.0,0.0,0.5401583365521397,0.0,0.0,0.0,0.0,0.0,0.0,0.427206506316042,0.0
0.0,0.4985075629856677,0.0,0.0,0.0,0.0,0.4889118383472079,0.0,0.4500681958269253,0.0,0.0,0.0,0.5566812760234895,0.0,0.0,0.0,0.0,0.0,0.0,0.0,0.0,0.0
0.27924590589595444,0.0,0.0,0.0,0.48608832181637673,0.0,0.0,0.0,0.0,0.0,0.0,0.4733473826452698,0.5244016251797633,0.0,0.0,0.0,0.0,0.0,0.0,0.0,0.0,0.4320706635329246
0.27907945746788365,0.0,0.5317770491485673,0.0,0.48579858207315546,0.0,0.0,0.0,0.0,0.0,0.0,0.47306523731705125,0.0,0.0,0.0,0.0,0.0,0.0,0.0,0.0,0.423717884111761,0.0
0.0,0.0,0.0,0.0,0.0,0.0,0.0,0.0,0.0,0.0,0.5000747678395846,0.0,0.5584313670203913,0.0,0.4839861874894868,0.0,0.0,0.0,0.0,0.0,0.4514831173115044,0.0
0.0,0.0,0.0,0.0,0.0,0.0,0.0,0.0,0.0,0.0,0.0,0.5038002366644809,0.0,0.0,0.4837328476764996,0.0,0.0,0.0,0.0,0.5554855418341442,0.45124679104545984,0.0
0.2834872995657895,0.0,0.0,0.0,0.0,0.0,0.0,0.0,0.4304101772105403,0.47579522671512414,0.4767338161525334,0.0,0.0,0.0,0.0,0.0,0.0,0.0,0.0,0.5298356359383856,0.0,0.0
0.0,0.488134037806369,0.5530933796568698,0.0,0.0,0.0,0.0,0.49301435780665537,0.0,0.0,0.0,0.0,0.0,0.0,0.0,0.0,0.0,0.0,0.46124800000767846,0.0,0.0,0.0
0.0,0.0,0.0,0.0,0.0,0.0,0.0,0.0,0.0,0.0,0.4960018400473415,0.0,0.0,0.0,0.4800442953548289,0.0,0.0,0.0,0.4686824499067532,0.5512498619649179,0.0,0.0
0.0,0.0,0.0,0.0,0.0,0.0,0.0,0.0,0.0,0.0,0.0,0.5010990985419721,0.5551465821634252,0.0,0.4811393013839858,0.0,0.0,0.0,0.0,0.0,0.0,0.45740238129727795
0.28032978411829584,0.0,0.0,0.0,0.0,0.0,0.0,0.0,0.0,0.47049576257511566,0.0,0.4751846554890933,0.0,0.0,0.0,0.0,0.5251813476071225,0.0,0.4454582414192471,0.0,0.0,0.0
0.2795514450546275,0.0,0.5326764065157868,0.4776949929354645,0.0,0.0,0.46106578510890167,0.0,0.0,0.0,0.0,0.0,0.0,0.0,0.0,0.0,0.0,0.0,0.4442214211804697,0.0,0.0,0.0
0.0,0.0,0.0,0.0,0.0,0.0,0.0,0.0,0.44746632796771935,0.0,0.0,0.4995794904319052,0.0,0.565774780591307,0.47968022235833524,0.0,0.0,0.0,0.0,0.0,0.0,0.0
0.0,0.0,0.0,0.0,0.0,0.5655331466016693,0.0,0.0,0.0,0.0,0.0,0.4968656213055982,0.0,0.0,0.47707445216382033,0.0,0.0,0.0,0.0,0.0,0.0,0.4535380706754478
0.0,0.4919869103021367,0.0,0.0,0.0,0.5644474013378348,0.0,0.0,0.0,0.0,0.4919869103021367,0.0,0.0,0.0,0.0,0.0,0.0,0.0,0.0,0.0,0.44418114694984506,0.0
0.2834872995657895,0.0,0.0,0.0,0.0,0.0,0.0,0.0,0.0,0.47579522671512414,0.4767338161525334,0.0,0.0,0.0,0.0,0.0,0.0,0.0,0.0,0.5298356359383856,0.4304101772105403,0.0
0.0,0.0,0.0,0.0,0.0,0.0,0.0,0.0,0.0,0.0,0.5000747678395846,0.0,0.5584313670203913,0.0,0.4839861874894868,0.0,0.0,0.0,0.0,0.0,0.4514831173115044,0.0
0.2805109304023814,0.0,0.0,0.47933455286092813,0.0,0.0,0.0,0.4764448264559367,0.0,0.0,0.0,0.0,0.0,0.0,0.0,0.0,0.5255207145063242,0.0,0.0,0.0,0.0,0.43402800638500194
0.2809407912965582,0.0,0.5353237616865435,0.0,0.0,0.0,0.0,0.0,0.0,0.4715212557783427,0.4724514140593388,0.0,0.0,0.0,0.0,0.0,0.0,0.0,0.0,0.0,0.0,0.4346931200996611
0.28011762410746,0.0,0.0,0.4786624746045011,0.0,0.0,0.46199958743446445,0.0,0.0,0.0,0.0,0.0,0.0,0.0,0.0,0.5459832056761943,0.0,0.0,0.0,0.0,0.425294101063979,0.0
0.28316111516056486,0.0,0.0,0.48386316472015395,0.0,0.0,0.4670192345037096,0.0,0.4299149413115385,0.0,0.0,0.0,0.5317540771152468,0.0,0.0,0.0,0.0,0.0,0.0,0.0,0.0,0.0
0.2795689855022256,0.0,0.0,0.0,0.0,0.0,0.0,0.0,0.42446111969350786,0.4692188646309321,0.0,0.4738950321641548,0.0,0.0,0.0,0.5449138425277739,0.0,0.0,0.0,0.0,0.0,0.0
0.0,0.0,0.0,0.0,0.0,0.0,0.0,0.5003303936171647,0.0,0.0,0.0,0.0,0.0,0.5654916658526739,0.4794401894946601,0.0,0.0,0.0,0.0,0.0,0.44724241499592277,0.0
0.2791025337467968,0.0,0.0,0.0,0.4858387513628525,0.0,0.0,0.0,0.0,0.0,0.0,0.0,0.0,0.0,0.0,0.0,0.0,0.47692789733350505,0.0,0.5216405415207335,0.0,0.4318488271574908
0.281425671620992,0.0,0.5362476857562586,0.0,0.0,0.0,0.0,0.0,0.0,0.4723350620555447,0.0,0.47704228516287683,0.0,0.0,0.0,0.0,0.0,0.0,0.0,0.0,0.42728006996968115,0.0
0.2798976454378028,0.0,0.0,0.0,0.0,0.5400220917338008,0.0,0.0,0.424960114115235,0.4697704760392727,0.0,0.0,0.0,0.0,0.0,0.0,0.0,0.4782865770339223,0.0,0.0,0.0,0.0
0.0,0.4858585729028162,0.0,0.0,0.0,0.0,0.0,0.0,0.0,0.0,0.4858585729028162,0.0,0.0,0.0,0.0,0.5631270227797454,0.0,0.0,0.45909786591629653,0.0,0.0,0.0
0.2808829228786037,0.0,0.0,0.47997021025581776,0.0,0.0,0.46326179904167436,0.0,0.0,0.0,0.0,0.0,0.0,0.0,0.0,0.0,0.5262176205114303,0.0,0.44633720695693535,0.0,0.0,0.0
0.0,0.49090122620151766,0.0,0.0,0.0,0.0,0.0,0.0,0.0,0.0,0.49090122620151766,0.0,0.0,0.5603816617703062,0.0,0.0,0.0,0.0,0.0,0.0,0.0,0.45166842415564395
0.2814386768198322,0.0,0.0,0.4809198775879867,0.0,0.0,0.0,0.0,0.42729981536902023,0.0,0.0,0.47706433016587174,0.5285194747591118,0.0,0.0,0.0,0.0,0.0,0.0,0.0,0.0,0.0
0.2795514450546275,0.0,0.5326764065157868,0.4776949929354645,0.0,0.0,0.46106578510890167,0.0,0.0,0.0,0.0,0.0,0.0,0.0,0.0,0.0,0.0,0.0,0.4442214211804697,0.0,0.0,0.0
0.2816552500386752,0.0,0.0,0.0,0.0,0.0,0.0,0.4783884411655027,0.0,0.47272037848932424,0.0,0.0,0.0,0.0,0.0,0.0,0.5276645299791334,0.0,0.0,0.0,0.0,0.4357985854126903
0.2770152976071834,0.0,0.0,0.0,0.4822054622405504,0.5344610177842116,0.0,0.47050753139911755,0.0,0.0,0.0,0.0,0.0,0.0,0.0,0.0,0.0,0.0,0.0,0.0,0.0,0.4286192954624812
0.0,0.0,0.0,0.0,0.0,0.0,0.0,0.0,0.0,0.0,0.4956430466653465,0.0,0.0,0.0,0.47969704519902034,0.0,0.5521622563986522,0.0,0.468343418581249,0.0,0.0,0.0
0.2831478697285386,0.0,0.539529279593332,0.0,0.0,0.0,0.4669973887374854,0.0,0.42989483117343225,0.47522553947828483,0.0,0.0,0.0,0.0,0.0,0.0,0.0,0.0,0.0,0.0,0.0,0.0
0.28110680786222636,0.0,0.0,0.4803527829005382,0.0,0.0,0.0,0.0,0.0,0.0,0.0,0.0,0.0,0.0,0.0,0.0,0.5266370558481989,0.4803527829005382,0.0,0.0,0.42679594878638105,0.0
0.0,0.4962403286299254,0.5622784301569965,0.0,0.0,0.0,0.48668824576981357,0.0,0.0,0.0,0.0,0.0,0.0,0.0,0.0,0.0,0.0,0.0,0.0,0.0,0.4480212658467776,0.0
0.2789150815451679,0.0,0.0,0.0,0.4855124499769174,0.0,0.4600162271606454,0.0,0.0,0.0,0.0,0.0,0.0,0.0,0.0,0.5436393044482216,0.0,0.0,0.0,0.0,0.4234683171289241,0.0
0.0,0.0,0.0,0.0,0.0,0.567422813481627,0.0,0.49952512596264587,0.0,0.0,0.0,0.0,0.0,0.0,0.47866854403437686,0.0,0.0,0.0,0.0,0.0,0.44652259094541613,0.0
0.27796529074483867,0.0,0.0,0.0,0.48385913221482746,0.5362938923713735,0.0,0.472121084621287,0.42202627853562974,0.0,0.0,0.0,0.0,0.0,0.0,0.0,0.0,0.0,0.0,0.0,0.0,0.0
0.0,0.4880598731605023,0.0,0.0,0.0,0.0,0.47866525510921226,0.0,0.0,0.0,0.0,0.0,0.0,0.0,0.0,0.5656784065146229,0.0,0.0,0.46117792029201055,0.0,0.0,0.0
0.2764221483537591,0.0,0.0,0.47234767890129037,0.0,0.5333166219460705,0.0,0.0,0.0,0.0,0.0,0.0,0.0,0.0,0.0,0.0,0.0,0.47234767890129037,0.439248810048077,0.0,0.0,0.0
0.0,0.4939270018478621,0.5596572531255974,0.0,0.0,0.0,0.0,0.0,0.0,0.0,0.4939270018478621,0.0,0.0,0.0,0.0,0.0,0.0,0.0,0.0,0.0,0.4459327221847203,0.0
0.281291902383829,0.0,0.0,0.4806690707529301,0.0,0.0,0.0,0.0,0.0,0.0,0.0,0.0,0.0,0.0,0.0,0.0,0.0,0.4806690707529301,0.0,0.5257324550769396,0.4270769721901304,0.0
0.27848990881510605,0.0,0.0,0.0,0.4847723442332906,0.0,0.0,0.0,0.0,0.0,0.0,0.4720658983622366,0.0,0.5346155820760964,0.0,0.0,0.0,0.0,0.0,0.0,0.42282279025568736,0.0
0.2814974719578825,0.0,0.0,0.4810203461906444,0.0,0.0,0.0,0.4781204567763953,0.42738908224561784,0.0,0.0,0.0,0.0,0.0,0.0,0.0,0.5273689420331211,0.0,0.0,0.0,0.0,0.0
0.28092035779709995,0.0,0.0,0.4800341787075748,0.0,0.0,0.0,0.0,0.0,0.0,0.0,0.0,0.5275461128148774,0.0,0.0,0.0,0.0,0.4800341787075748,0.0,0.0,0.4265128673019728,0.0
0.27898042337724005,0.0,0.0,0.0,0.4856261916677559,0.0,0.0,0.0,0.4235675236526889,0.0,0.469154710183465,0.0,0.0,0.5355572202462829,0.0,0.0,0.0,0.0,0.0,0.0,0.0,0.0
0.2780891943992723,0.0,0.0,0.0,0.484074813512848,0.5365329465818369,0.0,0.0,0.0,0.0,0.0,0.47138665073167757,0.0,0.0,0.0,0.0,0.0,0.0,0.0,0.0,0.42221439769985153,0.0
0.2773735380743992,0.0,0.0,0.0,0.4828290578021645,0.5351521910384452,0.4574737507642504,0.0,0.0,0.0,0.0,0.0,0.0,0.0,0.0,0.0,0.0,0.0,0.44076061655552196,0.0,0.0,0.0
0.0,0.4907753471981079,0.0,0.0,0.0,0.0,0.4813284592454914,0.0,0.0,0.0,0.0,0.0,0.0,0.0,0.0,0.5688257355842664,0.0,0.0,0.0,0.0,0.0,0.45155260539604475
0.27583500584963044,0.0,0.0,0.0,0.48015090735695476,0.0,0.0,0.0,0.0,0.0,0.0,0.0,0.0,0.0,0.0,0.537635863546089,0.0,0.4713443750753808,0.0,0.0,0.0,0.426793057612325
0.2804527511366834,0.0,0.0,0.47923513665540224,0.0,0.0,0.0,0.0,0.0,0.0,0.0,0.4753930958460564,0.5266679846579737,0.0,0.0,0.0,0.0,0.0,0.0,0.0,0.0,0.43393798696697916
0.28129973241778844,0.0,0.0,0.0,0.48966345422197854,0.0,0.46394924538053167,0.0,0.0,0.0,0.0,0.0,0.0,0.0,0.0,0.0,0.0,0.0,0.0,0.5257470893516625,0.0,0.43524850130720866
0.0,0.49433022057454773,0.5601141309317135,0.0,0.0,0.0,0.48481490520261467,0.0,0.0,0.0,0.0,0.0,0.0,0.0,0.0,0.0,0.0,0.0,0.0,0.0,0.0,0.4548233734656897
0.2809537293864234,0.0,0.0,0.4800912037790174,0.0,0.0,0.0,0.0,0.0,0.0,0.4724731717358366,0.0,0.5276087820082535,0.0,0.0,0.0,0.0,0.0,0.0,0.0,0.0,0.43471313890371477
0.0,0.4883713233364772,0.5533622423987122,0.0,0.0,0.0,0.0,0.0,0.0,0.0,0.0,0.4922672780665786,0.0,0.0,0.0,0.0,0.0,0.0,0.4614722160379414,0.0,0.0,0.0
0.0,0.49887602484730975,0.0,0.0,0.0,0.0,0.48927320772154065,0.0,0.4504008547023636,0.0,0.0,0.0,0.0,0.0,0.0,0.0,0.5557638978215486,0.0,0.0,0.0,0.0,0.0
0.2759842939737211,0.0,0.0,0.4715994772780143,0.0,0.0,0.0,0.4687563827129834,0.0,0.0,0.0,0.0,0.0,0.0,0.0,0.5379268441968785,0.0,0.0,0.4385530372362692,0.0,0.0,0.0
0.0,0.0,0.0,0.0,0.0,0.0,0.48935064505130327,0.0,0.4504721397001123,0.0,0.0,0.0,0.0,0.569575317899035,0.482902427807201,0.0,0.0,0.0,0.0,0.0,0.0,0.0
0.28234596620326713,0.0,0.0,0.4824702455194623,0.0,0.0,0.46567480470151795,0.0,0.0,0.0,0.0,0.0,0.0,0.0,0.0,0.0,0.5289585460512227,0.0,0.0,0.0,0.0,0.4368673143904371
0.27989153587531457,0.0,0.0,0.0,0.487212181420243,0.0,0.0,0.0,0.42495083815162993,0.0,0.0,0.0,0.0,0.0,0.0,0.0,0.5243603153234525,0.4782761370685374,0.0,0.0,0.0,0.0
0.28129973241778844,0.0,0.0,0.0,0.48966345422197854,0.0,0.46394924538053167,0.0,0.0,0.0,0.0,0.0,0.0,0.0,0.0,0.0,0.0,0.0,0.0,0.5257470893516625,0.0,0.43524850130720866
0.0,0.48991067310460645,0.0,0.0,0.0,0.0,0.0,0.0,0.0,0.0,0.0,0.0,0.0,0.0,0.0,0.0,0.5457762083321789,0.4978098627925532,0.4629267796349663,0.0,0.0,0.0
0.2801838149537723,0.0,0.0,0.4787755809268647,0.0,0.0,0.0,0.0,0.4253945966203395,0.0,0.47117842503589313,0.0,0.0,0.5378673645918736,0.0,0.0,0.0,0.0,0.0,0.0,0.0,0.0
0.2804527511366834,0.0,0.0,0.47923513665540224,0.0,0.0,0.0,0.0,0.0,0.0,0.0,0.4753930958460564,0.5266679846579737,0.0,0.0,0.0,0.0,0.0,0.0,0.0,0.0,0.43393798696697916
0.27949937214573894,0.0,0.5325771832405212,0.0,0.0,0.0,0.0,0.0,0.0,0.4691020279938669,0.4700274139242431,0.0,0.0,0.0,0.0,0.0,0.0,0.0,0.44413867468782703,0.0,0.0,0.0
0.2789277710976847,0.0,0.0,0.0,0.0,0.5381508592371846,0.0,0.0,0.0,0.46814267266942683,0.0,0.0,0.0,0.0,0.0,0.0,0.0,0.47662926449182297,0.0,0.0,0.0,0.4315784209951502
0.28310699933322003,0.0,0.0,0.0,0.0,0.0,0.0,0.0,0.0,0.4751569440278491,0.47609427434083945,0.0,0.5316524518909969,0.0,0.0,0.0,0.0,0.0,0.0,0.0,0.42983277889060095,0.0
0.27949937214573894,0.0,0.5325771832405212,0.0,0.0,0.0,0.0,0.0,0.0,0.4691020279938669,0.4700274139242431,0.0,0.0,0.0,0.0,0.0,0.0,0.0,0.44413867468782703,0.0,0.0,0.0
0.0,0.4897168674593623,0.0,0.0,0.0,0.0,0.0,0.4946130124474887,0.0,0.0,0.0,0.0,0.0,0.5590296730511158,0.0,0.0,0.0,0.0,0.0,0.0,0.0,0.45057871930637416
0.28112081245761994,0.0,0.0,0.0,0.0,0.5423820158823167,0.46365415167464646,0.0,0.0,0.4718233970357185,0.0,0.0,0.0,0.0,0.0,0.0,0.0,0.0,0.0,0.0,0.0,0.43497166263463705
0.2816552500386752,0.0,0.0,0.0,0.0,0.0,0.0,0.4783884411655027,0.0,0.47272037848932424,0.0,0.0,0.0,0.0,0.0,0.0,0.5276645299791334,0.0,0.0,0.0,0.0,0.4357985854126903
0.0,0.49490445754859513,0.0,0.0,0.0,0.0,0.0,0.0,0.0,0.0,0.0,0.0,0.0,0.0,0.0,0.0,0.0,0.5028841656917407,0.0,0.5500302456205534,0.4468151997164449,0.0
0.2792810404774389,0.0,0.0,0.4772329280280034,0.0,0.5388324414959492,0.0,0.0,0.4240239414871644,0.0,0.0,0.47340693897836145,0.0,0.0,0.0,0.0,0.0,0.0,0.0,0.0,0.0,0.0
0.0,0.4992418903337477,0.0,0.0,0.0,0.0,0.4896320306980485,0.0,0.45073116948918496,0.0,0.0,0.0,0.0,0.0,0.0,0.0,0.0,0.0,0.0,0.554850810850451,0.0,0.0
0.2797757547155325,0.0,0.0,0.47807829126490237,0.0,0.5397869211852939,0.0,0.0,0.4247750511249244,0.0,0.4704921998861452,0.0,0.0,0.0,0.0,0.0,0.0,0.0,0.0,0.0,0.0,0.0
0.0,0.0,0.0,0.0,0.0,0.0,0.0,0.5003303936171647,0.0,0.0,0.0,0.0,0.0,0.5654916658526739,0.4794401894946601,0.0,0.0,0.0,0.0,0.0,0.44724241499592277,0.0
0.0,0.0,0.0,0.0,0.0,0.0,0.0,0.0,0.45124679104545984,0.0,0.0,0.5038002366644809,0.0,0.0,0.4837328476764996,0.0,0.0,0.0,0.0,0.5554855418341442,0.0,0.0
0.27811803446906597,0.0,0.5299450881366978,0.0,0.48412501593598495,0.0,0.0,0.0,0.0,0.0,0.0,0.47143553729102866,0.0,0.0,0.0,0.0,0.0,0.0,0.0,0.0,0.0,0.43032553443521415
0.28000011434520794,0.0,0.0,0.0,0.0,0.0,0.0,0.0,0.0,0.4699424562906093,0.0,0.0,0.0,0.0,0.0,0.0,0.0,0.4784616749805254,0.44493437943351233,0.5233181129247912,0.0,0.0
