Product,Quantity,UnitPrice,ShippingAddress,PaymentMethod,OrderStatus,TrackingNumber,ItemsInCart,CouponCode,ReferralSource,TotalPrice,Year,Month,Day,DayOfWeek,PricePerItem,LargeCart,HighValueOrder,CouponUsed,WeekendOrder,Fraud
3,5,570.62,596,2,4,359,7,1,3,2853.1,2023,1,4,2,570.62,1,1,1,0,1
4,2,151.35,512,4,4,1074,3,1,4,302.7,2024,8,23,4,151.35,0,0,1,0,0
6,5,550.68,294,1,0,416,8,0,0,2753.4,2024,2,27,1,550.6800000000001,1,1,1,0,1
0,1,273.19,124,2,3,691,5,1,1,273.19,2023,10,15,6,273.19,1,0,1,1,0
5,4,626.01,407,4,1,245,8,1,0,2504.04,2025,5,8,3,626.01,1,1,1,0,0
4,2,245.86,601,1,4,842,4,1,3,491.72,2023,10,23,0,245.86,0,0,1,0,0
2,1,664.42,642,3,3,1148,6,1,1,664.42,2025,6,17,1,664.42,1,0,1,0,0
3,5,149.55,430,0,4,904,9,0,1,747.75,2023,5,12,4,149.55,1,0,1,0,0
4,2,134.28,574,3,0,665,2,0,0,268.56,2025,4,2,2,134.28,0,0,1,0,0
1,4,509.38,2,1,4,312,6,1,2,2037.52,2023,11,21,1,509.38,1,0,1,0,0
6,5,625.97,164,1,3,1184,9,2,3,3129.85,2023,12,29,4,625.97,1,1,1,0,1
3,3,49.14,518,4,3,495,7,1,0,147.42,2024,2,17,5,49.13999999999999,1,0,1,1,0
3,2,180.5,59,2,2,130,6,0,4,361.0,2024,10,15,1,180.5,1,0,1,0,0
2,3,201.49,573,1,3,951,4,0,1,604.47,2023,8,30,2,201.49,0,0,1,0,0
6,2,393.33,636,2,2,910,3,1,3,786.66,2023,3,27,0,393.33,0,0,1,0,0
5,1,473.96,606,0,1,583,3,0,2,473.96,2023,7,17,0,473.96,0,0,1,0,0
5,2,533.81,583,1,2,46,3,0,0,1067.62,2023,1,24,1,533.81,0,0,1,0,0
6,1,423.4,199,2,4,21,3,0,4,423.4,2024,3,2,5,423.4,0,0,1,1,0
1,1,431.44,565,3,2,725,3,1,1,431.44,2025,3,26,2,431.44,0,0,1,0,0
3,5,224.0,122,0,3,636,9,1,2,1120.0,2023,1,23,0,224.0,1,0,1,0,0
0,5,62.51,350,0,2,87,9,2,3,312.55,2023,5,8,0,62.510000000000005,1,0,1,0,0
3,4,342.95,340,0,1,554,6,0,2,1371.8,2024,11,17,6,342.95,1,0,1,1,0
3,2,49.62,382,4,2,880,2,1,2,99.24,2023,1,29,6,49.62,0,0,1,1,0
4,4,273.25,462,2,0,340,5,0,4,1093.0,2025,4,9,2,273.25,1,0,1,0,0
2,2,230.95,616,4,1,237,3,2,4,461.9,2024,10,30,2,230.95,0,0,1,0,0
3,1,399.98,432,2,1,802,3,2,0,399.98,2024,7,24,2,399.98,0,0,1,0,0
2,5,59.55,138,4,1,931,6,0,4,297.75,2024,3,6,2,59.55,1,0,1,0,0
5,1,472.74,556,4,4,1043,6,2,2,472.74,2024,2,22,3,472.74,1,0,1,0,0
4,4,160.07,339,4,2,736,5,0,0,640.28,2023,11,21,1,160.07,1,0,1,0,0
1,3,423.53,597,1,1,644,6,1,4,1270.59,2024,9,20,4,423.53,1,0,1,0,0
3,2,426.7,569,4,2,581,5,1,4,853.4,2025,3,22,5,426.7,1,0,1,1,0
0,3,500.08,651,2,3,272,6,0,1,1500.24,2023,6,30,4,500.08,1,0,1,0,0
6,5,536.72,517,0,1,1190,10,0,0,2683.6,2023,5,1,0,536.72,1,1,1,0,0
0,1,162.77,581,4,0,848,4,2,1,162.77,2023,6,5,0,162.77,0,0,1,0,0
0,4,576.52,594,1,2,593,5,2,1,2306.08,2023,1,7,5,576.52,1,0,1,1,0
3,2,465.15,22,4,4,472,2,1,1,930.3,2024,12,7,5,465.15,0,0,1,1,0
2,2,534.43,261,2,2,530,5,0,1,1068.86,2025,5,8,3,534.43,1,0,1,0,0
2,2,76.74,222,0,3,1120,7,1,3,153.48,2024,10,14,0,76.74,1,0,1,0,0
2,1,245.89,323,2,1,70,3,1,2,245.89,2024,12,19,3,245.89,0,0,1,0,0
5,3,256.46,405,1,1,990,4,1,4,769.38,2025,2,27,3,256.46,0,0,1,0,0
1,2,344.02,119,4,1,908,4,0,3,688.04,2023,8,20,6,344.02,0,0,1,1,0
3,3,611.45,398,3,2,804,4,0,3,1834.35,2023,12,5,1,611.4499999999999,0,0,1,0,0
5,2,151.66,636,0,0,389,6,0,3,303.32,2024,5,6,0,151.66,1,0,1,0,0
0,3,499.21,551,4,0,129,8,0,3,1497.63,2023,12,14,3,499.21,1,0,1,0,0
4,2,550.18,651,3,3,853,3,0,4,1100.36,2025,4,21,0,550.18,0,0,1,0,0
0,1,317.25,44,2,3,477,1,1,1,317.25,2024,2,10,5,317.25,0,0,1,1,0
3,4,550.14,87,2,2,197,4,0,3,2200.56,2024,6,26,2,550.14,0,0,1,0,0
1,2,209.94,157,1,3,410,3,0,0,419.88,2023,7,19,2,209.94,0,0,1,0,0
3,2,80.77,260,2,4,370,4,0,2,161.54,2023,8,26,5,80.77,0,0,1,1,0
5,1,30.44,382,1,4,566,1,1,0,30.44,2023,10,7,5,30.44,0,0,1,1,0
6,1,179.22,246,4,0,65,6,0,3,179.22,2023,7,31,0,179.22,1,0,1,0,0
6,1,388.33,238,0,3,769,2,1,1,388.33,2024,12,30,0,388.33,0,0,1,0,0
6,1,586.44,93,4,3,709,5,1,1,586.44,2024,9,8,6,586.44,1,0,1,1,0
4,4,488.78,294,4,3,1129,5,0,2,1955.12,2024,5,18,5,488.78,1,0,1,1,0
0,1,280.25,377,4,2,14,5,2,0,280.25,2025,3,27,3,280.25,1,0,1,0,0
5,3,344.4,337,4,0,764,3,0,1,1033.2,2025,6,24,1,344.40000000000003,0,0,1,0,0
6,3,479.21,338,0,0,692,5,2,4,1437.63,2023,5,21,6,479.21,1,0,1,1,0
5,5,314.27,529,0,3,549,6,1,3,1571.35,2023,1,22,6,314.27,1,0,1,1,0
4,4,474.69,74,3,0,815,6,1,2,1898.76,2023,1,15,6,474.69,1,0,1,1,0
0,4,593.27,501,4,4,476,5,0,1,2373.08,2024,9,11,2,593.27,1,0,1,0,0
1,1,417.1,383,2,3,181,3,0,4,417.1,2024,8,21,2,417.1,0,0,1,0,0
1,4,122.2,4,0,1,426,7,0,1,488.8,2024,3,24,6,122.2,1,0,1,1,0
1,2,43.15,421,2,2,22,3,2,0,86.3,2023,8,22,1,43.15,0,0,1,0,0
0,1,564.86,503,2,4,708,6,2,4,564.86,2025,2,2,6,564.86,1,0,1,1,0
5,3,130.61,460,2,0,597,4,0,1,391.83,2025,6,25,2,130.61,0,0,1,0,0
3,5,81.7,201,1,1,53,6,0,3,408.5,2023,12,30,5,81.7,1,0,1,1,1
0,5,127.18,435,0,0,78,9,1,4,635.9,2024,11,15,4,127.18,1,0,1,0,0
5,4,12.1,243,2,0,589,8,0,2,48.4,2024,12,9,0,12.1,1,0,1,0,0
0,3,490.92,432,1,2,945,5,0,0,1472.76,2023,12,11,0,490.92,1,0,1,0,0
3,3,478.65,326,4,4,329,4,0,4,1435.95,2023,5,11,3,478.65,0,0,1,0,0
1,1,629.21,200,3,2,231,2,0,3,629.21,2023,5,26,4,629.21,0,0,1,0,0
3,3,434.45,592,1,2,234,4,0,4,1303.35,2025,6,10,1,434.45,0,0,1,0,0
6,4,589.44,606,3,3,1024,5,0,1,2357.76,2024,12,22,6,589.44,1,0,1,1,0
3,4,433.45,23,3,0,919,4,0,1,1733.8,2023,5,3,2,433.45,0,0,1,0,0
4,5,90.87,376,0,2,717,5,0,3,454.35,2023,6,24,5,90.87,1,0,1,1,0
6,3,398.17,586,2,1,71,5,1,0,1194.51,2023,9,26,1,398.17,1,0,1,0,0
2,4,382.88,97,0,0,363,6,2,0,1531.52,2024,3,31,6,382.88,1,0,1,1,0
4,1,583.18,174,1,3,927,5,0,2,583.18,2024,5,24,4,583.18,1,0,1,0,0
5,4,175.36,33,2,1,786,4,0,3,701.44,2024,8,6,1,175.36,0,0,1,0,0
6,2,311.91,3,4,4,43,2,0,1,623.82,2025,3,10,0,311.91,0,0,1,0,0
4,3,589.56,353,4,3,240,6,0,1,1768.68,2023,6,27,1,589.5600000000001,1,0,1,0,0
3,2,394.3,283,0,4,647,6,0,0,788.6,2023,6,8,3,394.3,1,0,1,0,0
6,4,565.2,628,2,4,756,9,1,2,2260.8,2024,1,5,4,565.2,1,0,1,0,0
2,4,540.41,645,1,0,867,6,0,4,2161.64,2023,8,22,1,540.41,1,0,1,0,0
3,2,165.49,624,4,4,317,4,2,3,330.98,2023,8,28,0,165.49,0,0,1,0,0
6,3,146.73,469,0,1,1114,8,0,0,440.19,2024,9,9,0,146.73,1,0,1,0,0
5,5,643.03,247,4,0,1113,5,0,4,3215.15,2024,6,19,2,643.03,1,1,1,0,0
6,3,225.11,584,0,4,474,4,1,1,675.33,2024,10,10,3,225.11,0,0,1,0,0
1,3,114.81,153,3,0,124,7,0,2,344.43,2025,6,5,3,114.81,1,0,1,0,0
5,5,455.33,134,1,0,905,8,0,2,2276.65,2025,2,25,1,455.33,1,0,1,0,0
0,4,182.08,369,3,1,336,4,1,0,728.32,2023,9,18,0,182.08,0,0,1,0,0
2,5,492.75,69,0,4,392,6,2,4,2463.75,2023,3,15,2,492.75,1,0,1,0,0
5,4,48.61,75,4,4,470,7,0,1,194.44,2024,6,10,0,48.61,1,0,1,0,0
1,4,431.01,524,1,3,737,7,0,4,1724.04,2023,1,14,5,431.01,1,0,1,1,0
0,1,531.18,477,3,3,35,6,2,3,531.18,2023,2,11,5,531.18,1,0,1,1,0
5,4,117.51,526,2,3,653,7,0,4,470.04,2023,3,24,4,117.51,1,0,1,0,0
4,2,232.83,3,3,1,993,7,0,3,465.66,2024,6,1,5,232.83,1,0,1,1,0
6,5,619.52,591,2,2,386,9,0,0,3097.6,2025,1,21,1,619.52,1,1,1,0,1
5,2,228.54,310,2,2,585,3,0,0,457.08,2023,1,14,5,228.54,0,0,1,1,0
5,1,201.58,436,2,0,543,2,2,0,201.58,2025,4,12,5,201.58,0,0,1,1,0
4,3,664.79,455,4,1,569,6,0,1,1994.37,2023,2,17,4,664.79,1,0,1,0,0
5,1,381.02,39,0,4,114,6,0,2,381.02,2023,11,25,5,381.02,1,0,1,1,0
2,2,70.34,608,3,0,480,3,0,0,140.68,2023,3,8,2,70.34,0,0,1,0,0
4,4,218.43,296,1,0,1004,9,1,0,873.72,2025,1,25,5,218.43,1,0,1,1,0
4,1,582.04,391,3,1,378,1,0,0,582.04,2024,7,30,1,582.04,0,0,1,0,0
5,3,185.4,500,3,0,791,7,0,1,556.2,2024,10,24,3,185.4,1,0,1,0,0
1,3,465.05,20,1,0,1152,3,1,0,1395.15,2023,9,8,4,465.05,0,0,1,0,0
5,5,670.75,533,3,4,318,8,0,3,3353.75,2023,3,27,0,670.75,1,1,1,0,1
2,5,48.38,302,3,1,236,9,2,0,241.9,2024,12,28,5,48.38,1,0,1,1,0
1,3,592.87,25,3,4,110,3,0,4,1778.61,2023,9,17,6,592.87,0,0,1,1,0
6,1,220.77,204,3,2,287,5,0,3,220.77,2024,4,21,6,220.77,1,0,1,1,0
1,3,309.22,375,4,0,866,7,0,2,927.66,2025,5,7,2,309.22,1,0,1,0,0
3,1,410.6,230,4,0,93,2,2,4,410.6,2023,1,1,6,410.6,0,0,1,1,0
2,5,190.08,363,0,4,858,9,0,3,950.4,2024,1,17,2,190.08,1,0,1,0,0
3,5,498.48,11,4,2,248,8,1,2,2492.4,2025,1,27,0,498.48,1,0,1,0,0
4,5,374.99,17,4,4,185,9,1,1,1874.95,2023,11,27,0,374.99,1,0,1,0,0
5,4,291.35,7,1,0,754,6,2,1,1165.4,2023,3,19,6,291.35,1,0,1,1,0
6,1,535.5,355,3,0,950,5,2,4,535.5,2023,3,8,2,535.5,1,0,1,0,0
5,5,502.71,497,3,4,677,7,0,2,2513.55,2023,10,9,0,502.71,1,1,1,0,0
1,2,534.67,64,2,4,482,7,0,4,1069.34,2025,6,11,2,534.67,1,0,1,0,0
6,4,629.34,642,0,0,745,4,2,3,2517.36,2023,4,11,1,629.34,0,1,1,0,0
1,1,410.78,412,0,0,188,1,0,3,410.78,2023,11,30,3,410.78,0,0,1,0,0
2,2,533.02,351,3,4,258,2,0,1,1066.04,2024,4,15,0,533.02,0,0,1,0,0
1,3,278.04,444,4,1,681,5,0,3,834.12,2023,7,6,3,278.04,1,0,1,0,0
5,4,283.79,335,4,2,988,8,0,2,1135.16,2024,7,28,6,283.79,1,0,1,1,0
4,2,512.65,463,1,4,949,5,1,0,1025.3,2024,11,6,2,512.65,1,0,1,0,0
1,4,275.5,177,3,4,783,8,0,2,1102.0,2025,5,3,5,275.5,1,0,1,1,0
1,3,469.32,187,2,4,855,3,0,2,1407.96,2023,8,10,3,469.32,0,0,1,0,0
6,4,21.07,101,3,1,399,4,0,2,84.28,2023,2,17,4,21.07,0,0,1,0,0
2,4,263.93,232,2,4,835,4,0,1,1055.72,2023,10,27,4,263.93,0,0,1,0,0
1,3,501.3,295,4,0,1031,3,2,1,1503.9,2025,1,22,2,501.3,0,0,1,0,0
6,1,84.8,364,3,2,540,5,0,3,84.8,2023,1,8,6,84.8,1,0,1,1,0
6,4,450.75,347,1,4,44,6,2,0,1803.0,2023,3,28,1,450.75,1,0,1,0,0
0,4,302.05,384,2,0,797,6,1,2,1208.2,2025,6,20,4,302.05,1,0,1,0,0
2,2,199.7,347,0,2,98,4,0,0,399.4,2025,6,23,0,199.7,0,0,1,0,0
5,2,68.81,387,3,4,1013,5,1,4,137.62,2023,8,4,4,68.81,1,0,1,0,0
2,1,44.35,356,3,0,777,1,1,3,44.35,2024,4,27,5,44.35,0,0,1,1,0
3,2,250.98,359,1,1,24,5,0,2,501.96,2024,11,26,1,250.98,1,0,1,0,0
6,1,298.06,269,2,2,280,3,2,2,298.06,2023,12,21,3,298.06,0,0,1,0,0
4,1,583.9,434,0,3,302,1,0,0,583.9,2023,4,10,0,583.9,0,0,1,0,0
0,3,528.14,204,4,1,368,3,0,0,1584.42,2025,5,31,5,528.14,0,0,1,1,0
5,3,684.14,38,0,0,746,3,2,3,2052.42,2023,11,18,5,684.14,0,0,1,1,0
1,5,272.77,342,0,2,915,7,2,0,1363.85,2023,9,6,2,272.77,1,0,1,0,0
0,4,400.07,600,4,4,322,5,0,4,1600.28,2024,6,13,3,400.07,1,0,1,0,0
1,5,219.78,569,1,2,929,8,0,1,1098.9,2023,8,4,4,219.78000000000003,1,0,1,0,1
5,3,146.91,489,1,1,246,6,0,2,440.73,2024,3,2,5,146.91,1,0,1,1,0
6,2,411.49,219,1,3,794,4,0,3,822.98,2025,4,30,2,411.49,0,0,1,0,0
2,2,465.18,567,1,0,82,2,1,2,930.36,2025,5,6,1,465.18,0,0,1,0,0
4,2,319.91,29,1,0,610,3,2,2,639.82,2024,12,15,6,319.91,0,0,1,1,0
2,1,217.56,54,2,1,478,3,0,1,217.56,2023,12,27,2,217.56,0,0,1,0,0
4,2,105.57,637,2,3,251,5,2,2,211.14,2023,12,13,2,105.57,1,0,1,0,0
5,5,444.76,610,2,3,1076,7,0,0,2223.8,2023,12,1,4,444.7600000000001,1,0,1,0,0
0,2,399.04,400,0,0,1062,3,0,4,798.08,2025,1,2,3,399.04,0,0,1,0,0
0,4,534.48,240,4,3,1142,9,2,3,2137.92,2024,12,18,2,534.48,1,0,1,0,0
4,4,408.21,444,1,2,56,9,0,3,1632.84,2023,7,20,3,408.21,1,0,1,0,0
4,1,424.4,246,4,4,138,6,2,4,424.4,2023,2,27,0,424.4,1,0,1,0,0
0,2,269.83,393,4,1,191,4,1,0,539.66,2024,11,8,4,269.83,0,0,1,0,0
3,2,564.58,384,4,3,824,4,2,1,1129.16,2025,2,21,4,564.58,0,0,1,0,0
6,1,331.06,450,1,2,467,5,2,3,331.06,2024,5,16,3,331.06,1,0,1,0,0
5,1,299.35,509,1,0,528,5,2,0,299.35,2023,10,31,1,299.35,1,0,1,0,0
3,4,101.32,98,0,2,946,7,0,4,405.28,2023,2,17,4,101.32,1,0,1,0,0
3,1,211.14,295,1,0,570,1,1,1,211.14,2024,3,29,4,211.14,0,0,1,0,0
0,3,65.86,586,4,2,928,8,2,2,197.58,2023,7,27,3,65.86,1,0,1,0,0
6,1,641.39,126,4,0,86,1,0,4,641.39,2025,6,24,1,641.39,0,0,1,0,0
1,5,536.58,406,3,2,515,5,1,2,2682.9,2023,12,28,3,536.58,1,1,1,0,0
3,2,500.29,89,4,3,255,7,2,2,1000.58,2024,9,14,5,500.29,1,0,1,1,0
0,3,86.29,337,0,1,186,6,2,3,258.87,2025,3,4,1,86.29,1,0,1,0,0
0,2,384.14,86,4,3,441,2,2,0,768.28,2023,5,27,5,384.14,0,0,1,1,0
5,1,594.96,554,0,3,901,6,0,1,594.96,2025,1,4,5,594.96,1,0,1,1,0
5,1,427.82,448,4,1,906,2,2,0,427.82,2024,4,7,6,427.82,0,0,1,1,0
1,4,662.94,312,0,0,788,8,1,3,2651.76,2025,4,4,4,662.94,1,1,1,0,0
6,2,148.22,165,1,1,762,7,2,3,296.44,2023,8,15,1,148.22,1,0,1,0,0
5,1,254.12,187,4,1,421,1,2,0,254.12,2025,4,6,6,254.12,0,0,1,1,0
4,3,664.46,496,4,1,613,4,0,2,1993.38,2024,3,24,6,664.46,0,0,1,1,0
5,4,600.81,484,2,1,638,9,1,0,2403.24,2024,4,16,1,600.81,1,0,1,0,0
0,5,68.34,163,2,2,825,6,2,4,341.7,2025,2,8,5,68.34,1,0,1,1,0
6,4,430.83,327,3,2,1029,8,2,4,1723.32,2025,6,28,5,430.83,1,0,1,1,0
0,5,431.69,178,1,2,41,10,0,1,2158.45,2023,8,5,5,431.69,1,0,1,1,1
0,4,512.06,130,4,1,519,5,1,2,2048.24,2024,4,11,3,512.06,1,0,1,0,0
2,3,539.91,286,1,1,61,8,0,0,1619.73,2024,11,24,6,539.91,1,0,1,1,0
6,5,316.07,627,0,3,111,10,0,2,1580.35,2023,3,18,5,316.07,1,0,1,1,0
5,5,404.39,104,4,4,94,10,0,4,2021.95,2024,8,31,5,404.39,1,0,1,1,0
1,1,600.54,357,2,2,1145,4,2,2,600.54,2025,3,19,2,600.54,0,0,1,0,0
3,5,186.28,113,2,1,85,8,1,0,931.4,2024,4,18,3,186.28,1,0,1,0,0
6,4,214.54,92,3,0,373,7,0,4,858.16,2024,4,4,3,214.54,1,0,1,0,0
2,1,210.7,341,4,4,1153,2,2,4,210.7,2025,2,2,6,210.7,0,0,1,1,0
4,2,133.55,156,0,2,749,7,0,1,267.1,2023,12,7,3,133.55,1,0,1,0,0
0,1,590.87,420,3,3,909,6,0,4,590.87,2023,2,8,2,590.87,1,0,1,0,0
0,2,363.91,595,3,4,119,2,0,4,727.82,2025,3,15,5,363.91,0,0,1,1,0
5,5,429.45,358,3,0,690,5,2,0,2147.25,2023,7,5,2,429.45,1,0,1,0,0
5,3,223.7,442,0,3,922,3,1,0,671.1,2024,8,31,5,223.7,0,0,1,1,0
2,2,488.87,288,4,0,627,4,0,2,977.74,2025,3,8,5,488.87,0,0,1,1,0
1,1,645.46,38,3,0,122,5,1,2,645.46,2023,8,11,4,645.46,1,0,1,0,0
5,1,46.66,234,0,0,941,6,0,2,46.66,2023,7,21,4,46.66,1,0,1,0,0
3,1,249.57,571,0,4,1060,3,0,2,249.57,2024,6,8,5,249.57,0,0,1,1,0
0,3,619.21,492,2,0,728,6,0,0,1857.63,2024,4,22,0,619.21,1,0,1,0,0
1,4,217.13,438,0,1,707,8,2,0,868.52,2025,1,24,4,217.13,1,0,1,0,0
2,5,221.51,441,0,3,1132,5,2,4,1107.55,2023,8,27,6,221.51,1,0,1,1,0
2,4,340.3,594,0,0,1126,8,1,4,1361.2,2024,6,11,1,340.3,1,0,1,0,0
4,1,625.0,181,4,3,148,5,2,2,625.0,2025,1,23,3,625.0,1,0,1,0,0
6,5,433.26,569,1,1,355,9,1,2,2166.3,2025,6,7,5,433.2600000000001,1,0,1,1,0
3,2,674.9,33,4,4,873,4,1,1,1349.8,2023,6,18,6,674.9,0,0,1,1,0
3,3,253.98,384,1,0,552,3,0,0,761.94,2025,2,6,3,253.98,0,0,1,0,0
5,3,356.84,53,4,4,1055,5,1,3,1070.52,2025,1,21,1,356.84,1,0,1,0,0
2,4,413.71,269,3,0,157,9,0,1,1654.84,2023,9,5,1,413.71,1,0,1,0,0
1,3,147.39,367,2,3,624,3,0,0,442.17,2023,3,4,5,147.39,0,0,1,1,0
2,4,229.1,446,3,3,895,8,2,0,916.4,2024,4,16,1,229.1,1,0,1,0,0
4,1,121.96,654,2,1,444,3,0,2,121.96,2025,3,18,1,121.96,0,0,1,0,0
1,2,408.32,358,4,4,244,3,0,1,816.64,2024,10,8,1,408.32,0,0,1,0,0
6,5,187.97,430,0,3,261,9,1,2,939.85,2023,8,29,1,187.97,1,0,1,0,0
0,3,358.48,295,3,1,10,7,0,1,1075.44,2024,12,5,3,358.48,1,0,1,0,0
5,3,193.58,63,3,2,977,7,0,0,580.74,2025,1,3,4,193.58,1,0,1,0,0
3,1,265.38,189,1,0,323,6,2,0,265.38,2023,6,20,1,265.38,1,0,1,0,0
2,1,634.4,152,0,0,582,6,1,0,634.4,2023,4,20,3,634.4,1,0,1,0,0
1,4,305.72,412,4,1,1051,5,0,1,1222.88,2024,8,21,2,305.72,1,0,1,0,0
5,1,303.6,236,0,4,193,5,0,1,303.6,2023,8,10,3,303.6,1,0,1,0,0
3,4,496.0,501,4,0,984,8,2,2,1984.0,2025,4,15,1,496.0,1,0,1,0,0
1,4,321.51,578,0,3,731,9,0,2,1286.04,2024,5,20,0,321.51,1,0,1,0,0
6,3,112.46,557,3,4,13,6,1,3,337.38,2023,4,28,4,112.46,1,0,1,0,0
2,5,61.97,254,0,1,1191,6,1,0,309.85,2025,5,2,4,61.970000000000006,1,0,1,0,0
2,2,373.17,284,1,2,1131,6,1,4,746.34,2023,7,18,1,373.17,1,0,1,0,0
6,5,639.37,326,2,2,520,6,1,2,3196.85,2024,2,23,4,639.37,1,1,1,0,1
0,4,693.36,598,4,4,96,8,0,3,2773.44,2023,5,4,3,693.36,1,1,1,0,0
4,4,692.91,412,1,2,588,9,1,3,2771.64,2024,9,11,2,692.91,1,1,1,0,1
5,4,91.46,290,0,0,101,9,1,4,365.84,2023,9,23,5,91.46,1,0,1,1,0
4,3,273.96,422,2,3,521,8,1,2,821.88,2024,3,13,2,273.96,1,0,1,0,0
1,3,588.05,100,3,1,1104,8,0,3,1764.15,2025,6,27,4,588.0500000000001,1,0,1,0,0
3,2,365.17,177,4,0,1042,4,0,1,730.34,2023,11,2,3,365.17,0,0,1,0,0
0,4,385.92,344,1,0,1094,8,0,3,1543.68,2023,5,17,2,385.92,1,0,1,0,0
6,1,562.61,465,1,1,819,3,2,1,562.61,2025,3,28,4,562.61,0,0,1,0,0
1,4,61.91,611,3,1,192,6,2,0,247.64,2023,12,16,5,61.91,1,0,1,1,0
4,4,41.9,160,3,2,473,9,0,3,167.6,2023,11,5,6,41.9,1,0,1,1,0
5,4,444.44,368,2,0,871,8,2,2,1777.76,2023,5,19,4,444.44,1,0,1,0,0
4,3,311.33,33,0,0,852,3,2,3,933.99,2024,8,24,5,311.33,0,0,1,1,0
5,4,236.41,166,2,2,223,7,1,2,945.64,2024,11,26,1,236.41,1,0,1,0,0
1,1,65.45,505,0,2,254,2,2,2,65.45,2023,2,20,0,65.45,0,0,1,0,0
3,1,318.81,334,2,2,375,3,2,0,318.81,2023,1,1,6,318.81,0,0,1,1,0
3,3,583.72,479,1,4,860,5,0,1,1751.16,2024,3,14,3,583.72,1,0,1,0,0
1,4,384.32,471,1,2,885,6,2,2,1537.28,2024,12,13,4,384.32,1,0,1,0,0
6,3,538.74,253,4,4,823,6,0,0,1616.22,2024,12,11,2,538.74,1,0,1,0,0
6,1,17.24,111,4,2,1112,2,0,3,17.24,2023,7,12,2,17.24,0,0,1,0,0
0,5,615.67,220,4,2,438,6,1,0,3078.35,2023,5,16,1,615.67,1,1,1,0,0
5,2,219.1,26,4,2,1165,4,1,4,438.2,2023,5,9,1,219.1,0,0,1,0,0
0,2,144.66,289,4,0,260,7,0,2,289.32,2025,5,9,4,144.66,1,0,1,0,0
1,2,317.77,525,2,0,538,4,2,1,635.54,2023,2,16,3,317.77,0,0,1,0,0
2,1,223.3,146,4,3,203,1,0,1,223.3,2025,4,20,6,223.3,0,0,1,1,0
1,2,342.11,46,3,4,77,2,2,3,684.22,2024,8,30,4,342.11,0,0,1,0,0
5,2,220.9,481,3,4,987,4,0,0,441.8,2023,7,20,3,220.9,0,0,1,0,0
2,1,670.54,265,0,4,683,6,0,4,670.54,2023,7,2,6,670.54,1,0,1,1,0
5,1,546.19,102,0,2,331,5,0,4,546.19,2024,2,7,2,546.19,1,0,1,0,0
1,3,42.95,153,3,3,782,8,1,0,128.85,2023,4,5,2,42.95,1,0,1,0,0
3,4,14.69,504,0,0,301,9,0,0,58.76,2025,5,15,3,14.69,1,0,1,0,0
4,4,668.36,511,3,0,535,5,0,1,2673.44,2024,9,20,4,668.36,1,1,1,0,0
0,4,413.74,455,3,3,917,7,0,3,1654.96,2024,3,23,5,413.74,1,0,1,1,0
3,3,263.19,471,4,1,326,5,0,3,789.57,2023,12,26,1,263.19,1,0,1,0,0
3,1,263.96,496,3,3,602,2,1,2,263.96,2024,5,13,0,263.96,0,0,1,0,0
0,5,75.81,259,3,3,173,10,2,3,379.05,2025,6,30,0,75.81,1,0,1,0,0
4,1,406.22,433,1,0,393,5,1,4,406.22,2024,4,23,1,406.22,1,0,1,0,0
6,2,103.41,137,4,4,1123,2,0,4,206.82,2024,2,26,0,103.41,0,0,1,0,0
0,4,435.12,384,1,1,586,9,1,3,1740.48,2023,6,11,6,435.12,1,0,1,1,0
3,2,407.79,40,2,4,159,3,0,2,815.58,2023,5,17,2,407.79,0,0,1,0,0
4,5,173.65,256,3,1,206,9,1,0,868.25,2025,5,28,2,173.65,1,0,1,0,0
4,4,249.07,387,1,3,735,5,2,4,996.28,2023,1,10,1,249.07,1,0,1,0,0
4,4,434.85,107,1,2,398,4,2,2,1739.4,2023,3,25,5,434.85,0,0,1,1,0
6,1,436.77,633,0,3,121,5,0,2,436.77,2024,8,3,5,436.77,1,0,1,1,0
5,1,572.13,37,2,0,168,4,1,2,572.13,2023,12,22,4,572.13,0,0,1,0,0
0,4,583.07,352,1,0,497,6,0,4,2332.28,2024,6,8,5,583.07,1,0,1,1,0
0,5,468.51,493,2,1,684,9,0,1,2342.55,2025,4,17,3,468.5100000000001,1,0,1,0,1
4,2,423.88,397,2,1,498,7,1,4,847.76,2023,8,11,4,423.88,1,0,1,0,0
6,4,663.67,23,1,2,247,7,0,2,2654.68,2023,11,25,5,663.67,1,1,1,1,0
5,4,309.91,21,2,4,938,5,2,2,1239.64,2023,6,4,6,309.91,1,0,1,1,0
3,1,542.07,485,0,4,90,6,2,4,542.07,2023,3,28,1,542.07,1,0,1,0,0
0,2,399.32,14,4,2,40,6,2,3,798.64,2023,9,19,1,399.32,1,0,1,0,0
6,2,238.25,631,4,0,1075,7,0,0,476.5,2024,10,27,6,238.25,1,0,1,1,0
4,2,182.4,559,3,0,727,5,1,4,364.8,2023,2,4,5,182.4,1,0,1,1,0
0,2,65.07,183,1,0,1197,4,1,2,130.14,2023,11,4,5,65.07,0,0,1,1,0
5,2,600.57,396,2,3,611,3,2,3,1201.14,2025,3,29,5,600.57,0,0,1,1,0
0,5,90.92,579,1,1,450,9,1,1,454.6,2024,9,9,0,90.92,1,0,1,0,1
2,5,362.46,140,0,1,471,6,0,3,1812.3,2024,11,18,0,362.46,1,0,1,0,0
0,3,55.01,117,4,2,27,7,2,0,165.03,2023,10,20,4,55.01,1,0,1,0,0
6,3,404.62,453,3,1,876,6,0,3,1213.86,2023,3,27,0,404.62,1,0,1,0,0
1,4,654.79,68,0,2,651,9,0,4,2619.16,2023,7,27,3,654.79,1,1,1,0,0
5,4,637.79,195,3,0,831,9,0,2,2551.16,2025,4,22,1,637.79,1,1,1,0,0
2,4,540.33,646,0,4,805,6,0,2,2161.32,2025,2,28,4,540.33,1,0,1,0,0
2,5,208.17,297,1,3,160,6,1,1,1040.85,2023,2,16,3,208.17,1,0,1,0,1
4,1,338.31,631,4,1,1108,3,0,2,338.31,2025,6,10,1,338.31,0,0,1,0,0
3,3,139.45,64,3,3,667,8,2,2,418.35,2025,4,7,0,139.45000000000002,1,0,1,0,0
0,4,655.18,380,4,4,218,5,0,1,2620.72,2023,11,24,4,655.18,1,1,1,0,0
2,4,512.75,314,2,3,660,8,2,2,2051.0,2023,3,12,6,512.75,1,0,1,1,0
0,4,160.49,164,1,4,591,8,2,4,641.96,2023,7,26,2,160.49,1,0,1,0,0
0,3,99.9,113,0,1,59,8,0,1,299.7,2023,5,5,4,99.9,1,0,1,0,0
4,2,345.01,409,1,1,1115,6,0,2,690.02,2024,5,12,6,345.01,1,0,1,1,0
3,1,65.95,63,1,1,267,5,0,1,65.95,2025,1,15,2,65.95,1,0,1,0,0
6,4,463.04,336,3,3,383,9,0,3,1852.16,2023,2,16,3,463.04,1,0,1,0,0
4,2,297.71,77,4,4,767,7,1,4,595.42,2025,4,1,1,297.71,1,0,1,0,0
5,5,107.48,127,2,0,466,9,0,0,537.4,2023,1,25,2,107.48,1,0,1,0,0
1,5,638.8,238,2,0,546,10,2,4,3194.0,2024,6,19,2,638.8,1,1,1,0,1
1,2,493.88,109,1,3,719,7,1,3,987.76,2023,2,22,2,493.88,1,0,1,0,0
5,4,301.17,119,4,0,1166,6,0,0,1204.68,2023,12,19,1,301.17,1,0,1,0,0
3,1,278.66,540,3,0,414,2,0,3,278.66,2024,1,20,5,278.66,0,0,1,1,0
4,1,287.46,568,2,3,315,3,0,1,287.46,2024,9,2,0,287.46,0,0,1,0,0
0,1,583.99,443,0,0,380,2,1,0,583.99,2023,5,11,3,583.99,0,0,1,0,0
0,3,468.74,16,0,2,436,4,0,3,1406.22,2023,5,16,1,468.74,0,0,1,0,0
6,1,30.54,190,2,3,1134,1,0,2,30.54,2024,12,7,5,30.54,0,0,1,1,0
3,5,408.73,159,3,1,875,10,0,3,2043.65,2024,10,18,4,408.73,1,0,1,0,0
2,4,126.89,95,0,2,639,9,0,3,507.56,2023,11,25,5,126.89,1,0,1,1,0
5,2,57.07,96,2,3,730,3,1,3,114.14,2024,6,7,4,57.07,0,0,1,0,0
2,3,557.41,27,4,1,18,4,0,0,1672.23,2023,7,1,5,557.41,0,0,1,1,0
5,3,448.9,484,2,3,1177,7,1,3,1346.7,2023,12,11,0,448.9,1,0,1,0,0
0,4,549.76,378,2,1,361,4,0,1,2199.04,2023,10,3,1,549.76,0,0,1,0,0
5,3,132.48,625,4,4,81,4,0,4,397.44,2024,2,24,5,132.48,0,0,1,1,0
1,5,489.37,123,4,3,324,8,0,3,2446.85,2025,5,17,5,489.37,1,0,1,1,0
5,5,66.31,344,3,2,718,7,0,4,331.55,2025,5,24,5,66.31,1,0,1,1,0
0,2,434.3,634,0,1,175,7,1,3,868.6,2023,7,9,6,434.3,1,0,1,1,0
1,4,153.09,316,4,1,502,4,0,4,612.36,2023,10,4,2,153.09,0,0,1,0,0
6,5,91.67,141,4,0,459,9,0,0,458.35,2025,5,12,0,91.67,1,0,1,0,0
1,4,275.28,1,3,4,1010,9,2,1,1101.12,2023,10,2,0,275.28,1,0,1,0,0
3,2,139.95,168,4,3,171,5,0,3,279.9,2023,4,10,0,139.95,1,0,1,0,0
0,3,148.72,152,2,0,1137,7,1,2,446.16,2024,7,27,5,148.72,1,0,1,1,0
2,2,563.06,225,0,3,506,6,0,3,1126.12,2023,12,2,5,563.06,1,0,1,1,0
5,1,625.51,472,1,4,503,1,0,1,625.51,2024,12,19,3,625.51,0,0,1,0,0
4,4,152.29,27,2,0,440,6,2,2,609.16,2023,8,9,2,152.29,1,0,1,0,0
4,5,231.82,168,2,1,108,6,1,1,1159.1,2024,6,14,4,231.82,1,0,1,0,1
2,1,150.17,226,2,3,701,1,1,4,150.17,2025,1,26,6,150.17,0,0,1,1,0
6,3,70.93,532,2,3,811,5,0,4,212.79,2024,6,13,3,70.92999999999999,1,0,1,0,0
1,3,361.39,404,1,4,668,8,0,4,1084.17,2023,6,29,3,361.39,1,0,1,0,0
2,5,670.48,122,3,3,1176,5,1,1,3352.4,2024,7,1,0,670.48,1,1,1,0,0
4,1,359.99,201,3,0,430,5,1,0,359.99,2023,7,25,1,359.99,1,0,1,0,0
6,5,674.04,320,4,0,1049,7,1,2,3370.2,2023,2,28,1,674.04,1,1,1,0,0
0,4,283.16,146,1,4,694,6,0,2,1132.64,2024,12,25,2,283.16,1,0,1,0,0
1,5,260.53,309,3,2,572,5,1,3,1302.65,2024,6,2,6,260.53000000000003,1,0,1,1,0
5,3,422.13,64,4,1,209,7,1,1,1266.39,2023,4,15,5,422.13000000000005,1,0,1,1,0
1,5,125.02,365,2,2,765,9,1,2,625.1,2024,7,3,2,125.02,1,0,1,0,0
4,1,198.51,508,1,3,544,5,2,3,198.51,2024,4,16,1,198.51,1,0,1,0,0
0,4,224.75,445,4,1,136,7,2,1,899.0,2024,3,26,1,224.75,1,0,1,0,0
6,3,205.86,634,3,4,325,4,0,0,617.58,2025,3,3,0,205.86,0,0,1,0,0
2,1,18.2,244,2,2,2,4,1,3,18.2,2023,12,29,4,18.2,0,0,1,0,0
6,3,502.77,360,2,3,758,8,2,0,1508.31,2023,5,29,0,502.77,1,0,1,0,0
4,5,305.49,429,2,4,705,10,0,4,1527.45,2023,11,8,2,305.49,1,0,1,0,0
5,2,236.33,214,4,2,687,3,1,3,472.66,2024,4,10,2,236.33,0,0,1,0,0
2,5,521.25,514,0,0,208,8,0,0,2606.25,2023,4,23,6,521.25,1,1,1,1,0
6,1,167.15,136,3,4,672,5,2,0,167.15,2024,9,23,0,167.15,1,0,1,0,0
3,5,466.42,374,3,3,1140,5,0,4,2332.1,2025,6,24,1,466.42,1,0,1,0,0
5,1,527.57,588,2,2,704,3,0,1,527.57,2023,2,26,6,527.57,0,0,1,1,0
6,3,623.34,105,4,0,766,3,1,3,1870.02,2025,3,6,3,623.34,0,0,1,0,0
6,5,501.26,114,3,4,350,10,0,4,2506.3,2023,12,7,3,501.2600000000001,1,1,1,0,0
6,1,655.09,553,0,2,449,6,0,4,655.09,2024,12,6,4,655.09,1,0,1,0,0
5,4,264.79,197,1,2,147,5,1,2,1059.16,2024,2,3,5,264.79,1,0,1,1,0
2,3,359.73,560,2,3,839,7,0,0,1079.19,2024,3,13,2,359.73,1,0,1,0,0
0,1,465.33,513,3,1,598,2,0,2,465.33,2023,11,30,3,465.33,0,0,1,0,0
0,2,54.41,282,4,4,652,6,0,3,108.82,2023,6,3,5,54.41,1,0,1,1,0
2,1,64.66,281,2,1,1050,4,0,3,64.66,2025,2,15,5,64.66,0,0,1,1,0
0,5,173.96,650,2,2,640,8,2,3,869.8,2023,8,31,3,173.95999999999998,1,0,1,0,1
6,1,630.82,52,4,1,74,5,0,2,630.82,2025,3,28,4,630.82,1,0,1,0,0
4,1,693.41,648,2,4,20,4,0,3,693.41,2023,7,11,1,693.41,0,0,1,0,0
6,3,433.33,416,1,0,902,4,0,4,1299.99,2025,6,3,1,433.33,0,0,1,0,0
5,5,374.58,577,3,0,979,10,0,3,1872.9,2023,5,6,5,374.58,1,0,1,1,0
2,5,408.56,214,2,1,1180,8,0,3,2042.8,2023,7,8,5,408.56,1,0,1,1,1
6,2,183.67,458,4,0,963,3,1,2,367.34,2024,4,7,6,183.67,0,0,1,1,0
1,4,606.57,143,2,1,177,5,2,4,2426.28,2023,6,9,4,606.57,1,0,1,0,0
4,4,589.57,476,0,2,321,8,0,3,2358.28,2024,6,6,3,589.57,1,0,1,0,0
5,5,659.85,70,1,1,296,9,1,1,3299.25,2024,6,29,5,659.85,1,1,1,1,1
3,4,206.84,149,0,0,657,5,2,3,827.36,2023,6,27,1,206.84,1,0,1,0,0
2,5,113.87,551,1,2,412,6,1,0,569.35,2024,5,24,4,113.87,1,0,1,0,0
4,5,628.74,453,0,0,1014,9,0,1,3143.7,2023,11,24,4,628.74,1,1,1,0,1
4,1,678.38,365,1,0,863,4,1,4,678.38,2025,2,14,4,678.38,0,0,1,0,0
5,3,602.24,362,2,2,387,8,0,4,1806.72,2023,2,10,4,602.24,1,0,1,0,0
2,5,658.77,433,3,2,960,10,0,3,3293.85,2024,4,25,3,658.77,1,1,1,0,1
3,3,271.02,218,1,0,1054,6,0,2,813.06,2023,5,1,0,271.02,1,0,1,0,0
3,5,375.25,84,3,2,857,9,1,0,1876.25,2024,12,22,6,375.25,1,0,1,1,0
4,1,312.11,550,4,0,394,4,2,1,312.11,2025,5,3,5,312.11,0,0,1,1,0
4,5,307.76,59,3,2,958,9,0,2,1538.8,2023,1,5,3,307.76,1,0,1,0,0
0,3,483.53,48,0,3,23,4,0,4,1450.59,2025,2,14,4,483.53,0,0,1,0,0
2,3,341.15,626,0,2,983,4,0,3,1023.45,2023,1,2,0,341.15000000000003,0,0,1,0,0
3,1,571.9,23,3,2,770,1,2,3,571.9,2024,9,16,0,571.9,0,0,1,0,0
3,4,95.03,216,4,4,822,8,0,1,380.12,2025,1,16,3,95.03,1,0,1,0,0
3,5,201.22,170,2,2,141,6,0,1,1006.1,2023,8,24,3,201.22,1,0,1,0,1
3,1,260.26,378,4,2,448,5,2,3,260.26,2024,7,22,0,260.26,1,0,1,0,0
0,5,64.5,35,1,2,1071,8,2,3,322.5,2024,2,1,3,64.5,1,0,1,0,1
4,3,297.67,286,4,4,996,6,0,2,893.01,2024,9,21,5,297.67,1,0,1,1,0
5,4,331.9,21,0,2,561,5,1,3,1327.6,2024,4,20,5,331.9,1,0,1,1,0
0,1,191.76,87,1,3,1171,1,0,3,191.76,2023,6,7,2,191.76,0,0,1,0,0
5,4,263.09,121,2,4,1087,8,1,2,1052.36,2025,1,30,3,263.09,1,0,1,0,0
0,4,393.8,524,1,2,455,7,1,0,1575.2,2023,1,20,4,393.8,1,0,1,0,0
0,3,553.57,34,1,3,461,4,0,1,1660.71,2024,11,24,6,553.57,0,0,1,1,0
0,5,191.63,460,3,1,726,6,0,1,958.15,2023,10,31,1,191.63,1,0,1,0,0
6,1,93.02,193,4,3,293,4,0,0,93.02,2023,4,28,4,93.02,0,0,1,0,0
5,2,39.53,574,1,4,592,3,2,2,79.06,2024,6,27,3,39.53,0,0,1,0,0
5,3,633.97,39,0,2,507,7,2,1,1901.91,2023,12,28,3,633.97,1,0,1,0,0
1,4,697.5,331,0,4,384,7,0,4,2790.0,2023,12,17,6,697.5,1,1,1,1,0
5,5,508.69,560,0,1,259,10,0,2,2543.45,2023,7,14,4,508.69,1,1,1,0,0
2,2,527.46,297,2,0,954,3,0,4,1054.92,2025,1,16,3,527.46,0,0,1,0,0
4,1,627.2,70,4,1,481,1,2,0,627.2,2024,2,28,2,627.2,0,0,1,0,0
5,1,75.01,590,1,3,194,3,0,2,75.01,2024,7,14,6,75.01,0,0,1,1,0
1,5,529.55,182,3,4,327,10,0,1,2647.75,2023,7,5,2,529.55,1,1,1,0,1
4,3,127.41,517,3,1,330,7,1,4,382.23,2025,4,25,4,127.41,1,0,1,0,0
6,5,287.13,475,4,4,953,10,1,0,1435.65,2023,12,1,4,287.13,1,0,1,0,0
3,1,427.06,643,4,0,1011,1,2,4,427.06,2023,9,28,3,427.06,0,0,1,0,0
4,5,53.93,446,3,4,1186,7,1,3,269.65,2024,9,4,2,53.92999999999999,1,0,1,0,0
6,5,423.93,154,2,3,282,5,0,1,2119.65,2024,1,7,6,423.93,1,0,1,1,0
1,4,160.22,144,2,3,650,9,2,3,640.88,2024,9,28,5,160.22,1,0,1,1,0
5,1,538.68,70,2,3,60,6,0,4,538.68,2025,4,9,2,538.68,1,0,1,0,0
5,5,337.38,542,3,4,924,5,0,4,1686.9,2023,4,9,6,337.38,1,0,1,1,0
6,1,620.21,453,4,3,1175,1,0,4,620.21,2024,11,10,6,620.21,0,0,1,1,0
3,2,99.1,243,0,1,579,6,0,3,198.2,2023,3,9,3,99.1,1,0,1,0,0
3,4,451.97,362,4,0,716,7,2,0,1807.88,2025,1,26,6,451.97,1,0,1,1,0
6,4,66.1,341,0,3,522,9,2,2,264.4,2023,12,10,6,66.1,1,0,1,1,0
6,4,547.32,107,0,3,836,8,0,3,2189.28,2023,8,13,6,547.32,1,0,1,1,0
5,3,412.53,313,4,2,269,6,2,2,1237.59,2025,1,1,2,412.53,1,0,1,0,0
1,5,84.13,468,4,1,25,9,1,2,420.65,2023,6,28,2,84.13,1,0,1,0,0
6,2,518.23,62,2,4,550,5,0,0,1036.46,2024,1,18,3,518.23,1,0,1,0,0
1,2,39.51,637,4,4,150,5,0,1,79.02,2024,6,19,2,39.51,1,0,1,0,0
6,5,133.01,103,1,3,273,10,0,1,665.05,2025,4,11,4,133.01,1,0,1,0,1
6,1,118.8,18,4,1,1022,6,1,0,118.8,2023,10,8,6,118.8,1,0,1,1,0
1,2,139.57,488,0,1,981,4,2,1,279.14,2025,5,4,6,139.57,0,0,1,1,0
0,1,184.15,397,3,4,713,5,0,1,184.15,2025,4,6,6,184.15,1,0,1,1,0
2,2,644.05,394,3,0,214,5,2,4,1288.1,2023,7,18,1,644.05,1,0,1,0,0
2,5,55.41,614,4,0,536,5,0,2,277.05,2023,10,24,1,55.41,1,0,1,0,0
5,1,310.93,545,4,0,743,3,0,1,310.93,2023,1,11,2,310.93,0,0,1,0,0
6,2,216.66,560,2,2,874,6,0,3,433.32,2024,4,17,2,216.66,1,0,1,0,0
4,1,452.7,242,2,4,1078,5,0,3,452.7,2024,11,29,4,452.7,1,0,1,0,0
0,2,288.21,470,2,0,563,5,0,0,576.42,2023,10,15,6,288.21,1,0,1,1,0
4,4,206.6,583,3,3,213,6,2,4,826.4,2023,6,5,0,206.6,1,0,1,0,0
5,4,685.2,68,3,0,1155,6,2,2,2740.8,2024,7,20,5,685.2,1,1,1,1,0
0,5,22.94,168,0,2,703,10,0,0,114.7,2023,4,12,2,22.94,1,0,1,0,0
2,2,301.88,276,3,3,201,5,2,0,603.76,2023,3,9,3,301.88,1,0,1,0,0
3,5,57.45,150,0,0,196,10,0,1,287.25,2025,3,16,6,57.45,1,0,1,1,0
1,1,161.24,196,1,2,817,3,2,3,161.24,2024,12,18,2,161.24,0,0,1,0,0
0,4,262.58,569,4,0,615,8,2,0,1050.32,2024,11,26,1,262.58,1,0,1,0,0
5,4,515.19,302,1,2,1068,9,1,1,2060.76,2024,12,19,3,515.19,1,0,1,0,0
4,1,450.07,237,3,4,434,6,0,2,450.07,2023,6,7,2,450.07,1,0,1,0,0
5,1,52.54,393,2,0,641,6,2,1,52.54,2024,10,6,6,52.54,1,0,1,1,0
6,2,424.32,402,1,3,894,6,0,4,848.64,2023,9,4,0,424.32,1,0,1,0,0
3,3,631.64,481,1,3,48,3,0,1,1894.92,2023,8,26,5,631.64,0,0,1,1,0
5,5,327.68,200,1,3,1001,6,0,1,1638.4,2023,10,22,6,327.68,1,0,1,1,1
5,1,414.47,1,2,3,1169,3,0,3,414.47,2023,5,27,5,414.47,0,0,1,1,0
2,4,221.33,393,4,2,850,5,0,2,885.32,2023,2,11,5,221.33,1,0,1,1,0
4,1,512.39,615,4,1,143,2,0,3,512.39,2024,4,18,3,512.39,0,0,1,0,0
6,3,459.34,239,3,2,229,3,1,3,1378.02,2025,1,3,4,459.34,0,0,1,0,0
6,1,146.32,155,4,4,342,4,2,1,146.32,2024,9,8,6,146.32,0,0,1,1,0
1,4,83.6,634,2,2,279,4,1,1,334.4,2024,11,5,1,83.6,0,0,1,0,0
5,2,328.54,268,3,3,916,6,0,0,657.08,2023,12,13,2,328.54,1,0,1,0,0
0,5,314.94,401,0,2,425,8,1,3,1574.7,2024,5,6,0,314.94,1,0,1,0,0
0,2,69.64,503,0,3,633,6,0,1,139.28,2024,5,14,1,69.64,1,0,1,0,0
5,1,135.17,348,4,4,675,6,0,3,135.17,2024,6,8,5,135.17,1,0,1,1,0
4,1,487.21,90,0,1,274,3,1,4,487.21,2024,3,23,5,487.21,0,0,1,1,0
2,5,509.58,116,4,1,511,6,0,3,2547.9,2023,10,18,2,509.58,1,1,1,0,1
5,2,416.81,180,0,3,458,2,0,1,833.62,2024,4,7,6,416.81,0,0,1,1,0
2,2,160.0,538,0,2,36,4,1,3,320.0,2023,9,4,0,160.0,0,0,1,0,0
6,3,253.05,131,4,2,501,3,0,3,759.15,2024,8,26,0,253.05,0,0,1,0,0
3,5,615.1,45,3,3,1122,10,2,3,3075.5,2024,1,15,0,615.1,1,1,1,0,1
3,1,183.18,391,2,0,100,6,1,0,183.18,2023,4,1,5,183.18,1,0,1,1,0
5,1,75.78,345,0,2,144,5,1,2,75.78,2023,7,23,6,75.78,1,0,1,1,0
6,1,675.57,279,0,4,533,1,2,1,675.57,2025,5,2,4,675.57,0,0,1,0,0
2,1,109.29,419,2,0,872,5,0,2,109.29,2024,11,27,2,109.29,1,0,1,0,0
4,1,639.83,552,2,2,298,2,1,4,639.83,2024,3,26,1,639.83,0,0,1,0,0
1,5,62.81,114,1,4,799,9,1,1,314.05,2023,6,26,0,62.81,1,0,1,0,1
1,4,615.83,319,4,3,773,4,2,3,2463.32,2025,5,25,6,615.83,0,0,1,1,0
3,4,510.58,69,1,3,676,7,2,0,2042.32,2024,7,2,1,510.58,1,0,1,0,0
1,1,334.39,237,1,3,376,2,0,3,334.39,2024,7,24,2,334.39,0,0,1,0,0
2,1,144.25,267,0,3,1118,2,2,4,144.25,2024,10,6,6,144.25,0,0,1,1,0
6,1,401.82,220,1,4,490,5,0,2,401.82,2024,6,8,5,401.82,1,0,1,1,0
4,1,252.68,447,4,0,297,1,0,4,252.68,2025,3,31,0,252.68,0,0,1,0,0
2,5,662.78,82,2,4,57,9,1,3,3313.9,2023,5,26,4,662.78,1,1,1,0,1
6,4,434.42,452,4,0,826,6,0,2,1737.68,2023,3,14,1,434.42,1,0,1,0,0
5,5,513.49,207,3,0,729,8,0,2,2567.45,2024,2,26,0,513.49,1,1,1,0,0
4,1,432.47,569,0,1,1167,4,0,4,432.47,2023,7,18,1,432.47,0,0,1,0,0
1,1,45.94,341,0,0,442,2,2,0,45.94,2024,8,30,4,45.94,0,0,1,0,0
4,1,418.36,653,1,1,654,5,0,0,418.36,2025,6,21,5,418.36,1,0,1,1,0
0,5,676.98,567,0,0,95,5,0,1,3384.9,2023,11,26,6,676.98,1,1,1,1,0
6,4,263.62,411,0,4,313,5,1,0,1054.48,2023,9,29,4,263.62,1,0,1,0,0
1,5,551.27,211,4,0,230,7,0,4,2756.35,2025,4,19,5,551.27,1,1,1,1,0
0,3,508.12,487,1,0,1009,8,0,4,1524.36,2023,1,6,4,508.12,1,0,1,0,0
0,2,14.93,249,4,4,828,4,0,1,29.86,2025,2,25,1,14.93,0,0,1,0,0
5,3,229.34,214,1,4,982,6,1,4,688.02,2023,11,15,2,229.34,1,0,1,0,0
6,2,438.62,185,0,0,1085,3,1,1,877.24,2025,4,19,5,438.62,0,0,1,1,0
4,2,513.59,549,4,3,115,4,0,4,1027.18,2024,1,15,0,513.59,0,0,1,0,0
4,2,253.74,271,4,4,45,5,1,2,507.48,2025,3,5,2,253.74,1,0,1,0,0
6,3,62.77,583,3,4,1033,6,0,4,188.31,2024,11,1,4,62.77,1,0,1,0,0
3,4,25.29,607,1,2,153,8,0,2,101.16,2023,2,18,5,25.29,1,0,1,1,0
0,1,335.1,20,2,2,1107,6,0,4,335.1,2023,6,16,4,335.1,1,0,1,0,0
2,4,484.85,152,2,1,629,5,2,4,1939.4,2023,4,23,6,484.85,1,0,1,1,0
3,3,381.41,645,4,2,169,6,0,3,1144.23,2025,3,2,6,381.41,1,0,1,1,0
4,5,347.92,638,0,2,558,6,2,2,1739.6,2023,1,18,2,347.92,1,0,1,0,0
0,4,15.01,468,0,0,1063,6,0,1,60.04,2024,5,29,2,15.01,1,0,1,0,0
0,3,404.79,466,0,4,772,6,1,3,1214.37,2023,8,1,1,404.79,1,0,1,0,0
5,4,611.26,331,0,4,868,5,1,4,2445.04,2023,2,3,4,611.26,1,0,1,0,0
5,3,346.52,79,1,2,1101,3,1,2,1039.56,2023,3,9,3,346.52,0,0,1,0,0
0,1,36.65,329,4,0,1149,1,2,0,36.65,2024,12,5,3,36.65,0,0,1,0,0
6,3,149.34,352,3,0,989,7,2,0,448.02,2023,9,5,1,149.34,1,0,1,0,0
0,5,467.81,315,4,0,689,10,0,1,2339.05,2024,7,22,0,467.81000000000006,1,0,1,0,0
4,5,420.7,271,0,2,607,5,2,1,2103.5,2023,1,5,3,420.7,1,0,1,0,0
2,5,606.52,3,2,4,42,6,1,3,3032.6,2023,10,25,2,606.52,1,1,1,0,1
4,1,420.26,192,1,2,706,4,0,1,420.26,2025,1,28,1,420.26,0,0,1,0,0
2,3,505.79,255,2,2,702,3,0,4,1517.37,2023,7,19,2,505.79,0,0,1,0,0
4,4,493.73,610,2,2,335,6,1,1,1974.92,2025,6,5,3,493.73,1,0,1,0,0
5,3,201.21,106,4,0,742,3,1,2,603.63,2025,3,14,4,201.21,0,0,1,0,0
5,3,112.29,251,3,4,897,6,0,2,336.87,2024,10,24,3,112.29,1,0,1,0,0
6,4,132.56,146,0,3,294,8,2,3,530.24,2023,7,12,2,132.56,1,0,1,0,0
5,3,539.46,301,1,4,127,4,1,1,1618.38,2023,4,6,3,539.46,0,0,1,0,0
2,5,508.59,51,0,3,405,8,2,1,2542.95,2024,4,7,6,508.59,1,1,1,1,1
1,4,203.46,89,1,2,125,7,1,4,813.84,2024,2,4,6,203.46,1,0,1,1,0
3,3,565.25,456,2,3,733,7,1,0,1695.75,2023,5,20,5,565.25,1,0,1,1,0
6,3,136.84,285,4,2,1133,4,0,1,410.52,2023,8,31,3,136.84,0,0,1,0,0
3,2,464.5,495,4,0,334,2,2,3,929.0,2025,6,11,2,464.5,0,0,1,0,0
5,2,434.97,331,4,4,1154,7,0,0,869.94,2023,6,11,6,434.97,1,0,1,1,0
3,2,43.67,425,0,3,620,4,2,3,87.34,2023,7,25,1,43.67,0,0,1,0,0
4,1,171.59,320,1,2,1020,5,2,0,171.59,2023,7,5,2,171.59,1,0,1,0,0
4,1,558.27,632,4,1,187,1,0,4,558.27,2025,5,14,2,558.27,0,0,1,0,0
2,2,425.03,333,0,3,281,2,2,2,850.06,2023,2,15,2,425.03,0,0,1,0,0
5,1,376.76,205,2,1,534,5,1,0,376.76,2024,12,16,0,376.76,1,0,1,0,0
3,5,575.24,119,0,1,721,7,2,0,2876.2,2024,3,15,4,575.24,1,1,1,0,0
1,3,568.02,540,4,2,695,3,0,3,1704.06,2024,9,27,4,568.02,0,0,1,0,0
6,3,94.88,310,3,4,347,8,0,4,284.64,2025,2,9,6,94.88,1,0,1,1,0
5,3,304.15,279,3,4,720,3,2,3,912.45,2023,4,16,6,304.15000000000003,0,0,1,1,0
4,3,553.52,45,3,4,879,4,0,1,1660.56,2023,3,14,1,553.52,0,0,1,0,0
3,3,166.99,77,0,3,241,8,0,1,500.97,2024,4,7,6,166.99,1,0,1,1,0
6,4,198.35,607,0,0,1028,7,0,2,793.4,2024,4,9,1,198.35,1,0,1,0,0
5,4,403.58,154,4,2,646,9,1,4,1614.32,2025,6,13,4,403.58,1,0,1,0,0
2,4,464.29,605,2,3,739,5,1,0,1857.16,2025,5,10,5,464.29,1,0,1,1,0
3,3,635.98,618,0,3,224,5,0,4,1907.94,2023,3,10,4,635.98,1,0,1,0,0
4,1,528.06,647,1,4,356,2,0,1,528.06,2024,2,25,6,528.06,0,0,1,1,0
0,1,515.32,453,3,0,968,1,0,0,515.32,2024,4,20,5,515.32,0,0,1,1,0
1,4,657.79,394,1,3,663,6,2,2,2631.16,2025,2,18,1,657.79,1,1,1,0,0
4,1,153.0,3,1,3,1098,4,0,4,153.0,2023,10,25,2,153.0,0,0,1,0,0
3,1,668.48,45,2,4,105,1,1,0,668.48,2023,12,3,6,668.48,0,0,1,1,0
1,2,46.5,524,0,3,697,7,2,2,93.0,2024,2,29,3,46.5,1,0,1,0,0
0,5,653.47,624,1,0,869,10,1,4,3267.35,2024,8,19,0,653.47,1,1,1,0,1
0,1,628.89,419,1,3,820,2,1,4,628.89,2025,2,26,2,628.89,0,0,1,0,0
6,2,675.1,602,0,2,523,4,0,2,1350.2,2024,4,7,6,675.1,0,0,1,1,0
0,4,89.41,370,4,2,68,9,0,2,357.64,2024,7,18,3,89.41,1,0,1,0,0
1,5,320.01,440,3,1,73,6,0,4,1600.05,2024,7,2,1,320.01,1,0,1,0,0
2,2,41.0,191,4,1,408,7,0,0,82.0,2025,5,3,5,41.0,1,0,1,1,0
1,1,565.85,435,3,3,699,1,0,1,565.85,2023,3,5,6,565.85,0,0,1,1,0
0,3,648.59,576,2,0,816,4,1,0,1945.77,2024,6,6,3,648.59,0,0,1,0,0
3,3,68.12,163,4,0,463,3,0,0,204.36,2024,7,24,2,68.12,0,0,1,0,0
0,1,616.1,19,0,3,551,6,0,0,616.1,2024,6,9,6,616.1,1,0,1,1,0
6,3,247.47,201,4,1,622,4,1,1,742.41,2025,3,23,6,247.47,0,0,1,1,0
4,3,490.74,0,0,4,1135,3,2,0,1472.22,2024,5,24,4,490.74,0,0,1,0,0
1,3,531.72,266,3,1,103,7,1,2,1595.16,2025,2,18,1,531.72,1,0,1,0,0
2,5,648.65,536,4,2,947,7,0,4,3243.25,2024,1,29,0,648.65,1,1,1,0,0
5,5,456.06,555,0,2,670,10,0,3,2280.3,2023,8,7,0,456.06000000000006,1,0,1,0,0
6,1,17.98,601,0,0,139,6,0,0,17.98,2023,11,14,1,17.98,1,0,1,0,0
1,5,269.86,178,0,4,1119,6,2,1,1349.3,2024,3,9,5,269.86,1,0,1,1,0
5,5,31.96,193,1,3,1147,5,0,4,159.8,2024,3,10,6,31.96,1,0,1,1,0
3,2,98.47,621,0,3,859,3,0,3,196.94,2023,12,19,1,98.47,0,0,1,0,0
3,1,158.68,596,1,3,896,6,2,3,158.68,2024,3,1,4,158.68,1,0,1,0,0
4,1,613.98,223,4,1,204,4,0,1,613.98,2023,8,20,6,613.98,0,0,1,1,0
5,3,426.12,591,4,1,711,5,2,3,1278.36,2024,1,5,4,426.12,1,0,1,0,0
3,4,629.88,324,2,0,604,8,2,3,2519.52,2025,2,25,1,629.88,1,1,1,0,1
2,4,228.91,342,0,4,948,4,0,2,915.64,2023,10,29,6,228.91,0,0,1,1,0
2,1,120.98,177,2,1,865,6,2,0,120.98,2023,5,18,3,120.98,1,0,1,0,0
0,4,425.18,333,4,3,252,8,2,1,1700.72,2023,9,30,5,425.18,1,0,1,1,0
4,2,333.83,516,3,0,861,4,0,4,667.66,2023,8,23,2,333.83,0,0,1,0,0
2,2,492.9,368,0,3,741,5,0,3,985.8,2025,5,30,4,492.9,1,0,1,0,0
6,1,92.04,164,0,4,1045,2,0,1,92.04,2023,1,7,5,92.04,0,0,1,1,0
2,1,654.27,599,3,2,964,2,1,1,654.27,2023,1,28,5,654.27,0,0,1,1,0
6,1,56.2,24,2,2,388,1,2,1,56.2,2023,6,29,3,56.2,0,0,1,0,0
4,4,628.12,274,4,1,285,6,2,3,2512.48,2024,7,16,1,628.12,1,1,1,0,0
1,3,157.4,251,2,0,1,7,2,0,472.2,2024,4,15,0,157.4,1,0,1,0,0
3,4,588.85,303,3,2,1106,7,0,0,2355.4,2023,1,31,1,588.85,1,0,1,0,0
5,2,494.78,71,4,4,1044,2,0,2,989.56,2023,1,31,1,494.78,0,0,1,0,0
2,3,663.93,591,3,3,232,6,0,0,1991.79,2023,10,6,4,663.93,1,0,1,0,0
2,1,132.68,531,2,3,789,1,1,4,132.68,2023,12,12,1,132.68,0,0,1,0,0
1,5,364.28,449,1,0,1192,5,2,2,1821.4,2025,4,8,1,364.28,1,0,1,0,0
6,5,307.98,82,4,2,413,10,0,1,1539.9,2023,5,14,6,307.98,1,0,1,1,0
4,4,162.71,49,0,0,577,7,0,0,650.84,2024,4,18,3,162.71,1,0,1,0,0
0,5,492.94,40,0,4,567,10,0,0,2464.7,2024,9,30,0,492.94,1,0,1,0,0
2,2,343.99,149,4,1,834,4,0,2,687.98,2023,3,10,4,343.99,0,0,1,0,0
1,5,250.68,411,0,4,49,8,1,3,1253.4,2025,3,22,5,250.68,1,0,1,1,0
1,2,362.14,17,2,2,52,2,1,3,724.28,2024,12,27,4,362.14,0,0,1,0,0
6,1,214.08,549,3,3,374,2,2,2,214.08,2024,11,23,5,214.08,0,0,1,1,0
5,1,70.32,170,0,3,800,4,2,1,70.32,2023,11,11,5,70.32,0,0,1,1,0
0,5,421.42,302,2,0,264,7,0,3,2107.1,2023,1,25,2,421.42,1,0,1,0,1
0,5,384.69,124,1,2,1162,6,0,0,1923.45,2024,1,24,2,384.69,1,0,1,0,0
0,5,448.15,306,3,3,674,7,1,2,2240.75,2023,6,7,2,448.15,1,0,1,0,0
2,5,79.08,458,0,2,411,8,0,1,395.4,2024,5,29,2,79.08,1,0,1,0,0
6,4,185.41,624,4,3,443,9,2,2,741.64,2023,1,22,6,185.41,1,0,1,1,0
3,5,566.07,350,1,1,397,6,1,3,2830.35,2024,10,10,3,566.0699999999999,1,1,1,0,1
6,2,187.88,225,4,4,781,4,2,1,375.76,2023,6,4,6,187.88,0,0,1,1,0
3,2,255.99,169,1,1,723,4,1,3,511.98,2023,11,14,1,255.99,0,0,1,0,0
2,1,627.34,606,4,1,1017,1,0,4,627.34,2024,11,11,0,627.34,0,0,1,0,0
6,3,474.14,331,3,4,316,8,2,2,1422.42,2024,2,19,0,474.14,1,0,1,0,0
0,3,154.37,651,3,1,249,4,0,3,463.11,2025,6,15,6,154.37,0,0,1,1,0
0,4,145.05,379,4,1,238,6,1,2,580.2,2025,3,21,4,145.05,1,0,1,0,0
6,4,67.08,577,0,3,921,8,2,2,268.32,2023,8,20,6,67.08,1,0,1,1,0
3,1,522.08,575,3,3,1183,5,0,4,522.08,2024,11,10,6,522.08,1,0,1,1,0
3,5,514.6,173,3,1,1084,10,0,3,2573.0,2023,6,12,0,514.6,1,1,1,0,1
3,4,577.82,501,1,1,485,9,0,2,2311.28,2024,12,10,1,577.82,1,0,1,0,0
2,2,500.8,572,0,1,986,3,0,4,1001.6,2025,2,10,0,500.8,0,0,1,0,0
5,2,461.13,55,3,3,227,4,0,0,922.26,2023,9,10,6,461.13,0,0,1,1,0
2,1,605.28,264,3,4,524,3,0,4,605.28,2024,11,18,0,605.28,0,0,1,0,0
4,3,204.27,602,4,3,79,4,0,2,612.81,2024,4,23,1,204.27,0,0,1,0,0
3,1,489.8,384,3,4,275,4,0,1,489.8,2023,8,2,2,489.8,0,0,1,0,0
4,5,72.64,359,1,0,32,7,0,0,363.2,2024,2,21,2,72.64,1,0,1,0,0
5,2,385.16,278,4,2,978,7,1,0,770.32,2025,1,10,4,385.16,1,0,1,0,0
1,3,606.41,395,2,3,320,7,0,1,1819.23,2023,6,12,0,606.41,1,0,1,0,0
1,2,211.82,427,3,0,250,4,2,0,423.64,2024,11,25,0,211.82,0,0,1,0,0
1,5,495.35,514,1,2,635,5,0,1,2476.75,2024,4,26,4,495.35,1,0,1,0,0
0,3,556.99,18,4,0,314,4,0,1,1670.97,2023,6,30,4,556.99,0,0,1,0,0
5,1,72.31,256,3,0,955,1,0,1,72.31,2023,5,26,4,72.31,0,0,1,0,0
3,5,24.82,307,1,4,856,10,0,4,124.1,2023,10,2,0,24.82,1,0,1,0,0
6,4,26.04,638,4,2,715,5,1,3,104.16,2024,3,5,1,26.04,1,0,1,0,0
6,1,657.07,491,0,2,527,4,1,2,657.07,2024,10,4,4,657.07,0,0,1,0,0
0,3,32.62,109,2,1,942,6,0,1,97.86,2025,6,22,6,32.62,1,0,1,1,0
3,2,228.91,566,2,4,1136,4,1,4,457.82,2024,5,10,4,228.91,0,0,1,0,0
2,3,274.75,479,0,0,576,3,1,2,824.25,2024,11,6,2,274.75,0,0,1,0,0
5,4,634.05,129,0,4,609,6,1,2,2536.2,2025,5,31,5,634.05,1,1,1,1,0
2,5,543.16,483,4,0,844,6,1,3,2715.8,2024,7,24,2,543.1600000000001,1,1,1,0,1
0,3,449.13,499,0,3,557,5,2,4,1347.39,2025,1,27,0,449.13000000000005,1,0,1,0,0
1,5,389.62,377,0,3,970,7,0,1,1948.1,2024,6,16,6,389.62,1,0,1,1,0
1,1,305.17,427,3,3,333,3,2,4,305.17,2023,4,21,4,305.17,0,0,1,0,0
0,3,445.12,168,3,0,961,8,0,2,1335.36,2023,6,2,4,445.12,1,0,1,0,0
2,2,230.36,41,4,3,67,4,2,0,460.72,2024,12,19,3,230.36,0,0,1,0,0
4,1,96.81,497,3,0,28,3,0,4,96.81,2024,3,8,4,96.81,0,0,1,0,0
3,5,460.14,109,1,3,553,10,2,1,2300.7,2025,3,7,4,460.14,1,0,1,0,1
6,3,601.6,640,1,0,843,7,1,1,1804.8,2024,10,17,3,601.6,1,0,1,0,0
6,3,184.47,521,4,0,870,4,0,4,553.41,2024,2,8,3,184.47,0,0,1,0,0
6,1,411.34,215,2,3,1170,5,0,3,411.34,2024,9,3,1,411.34,1,0,1,0,0
2,1,532.89,466,3,2,486,2,0,4,532.89,2024,7,16,1,532.89,0,0,1,0,0
6,3,136.34,548,2,3,1059,8,1,4,409.02,2024,3,27,2,136.34,1,0,1,0,0
4,5,476.01,33,1,1,965,7,2,2,2380.05,2023,10,22,6,476.0100000000001,1,0,1,1,0
1,5,236.38,22,1,3,1046,7,0,1,1181.9,2024,11,2,5,236.38,1,0,1,1,1
5,3,396.0,120,3,0,152,4,0,3,1188.0,2023,6,16,4,396.0,0,0,1,0,0
6,5,341.96,458,2,1,1035,6,0,0,1709.8,2024,1,16,1,341.96,1,0,1,0,0
6,1,672.89,300,1,2,423,1,2,0,672.89,2023,9,24,6,672.89,0,0,1,1,0
6,2,657.48,470,4,4,107,5,1,4,1314.96,2024,3,1,4,657.48,1,0,1,0,0
0,3,498.68,555,4,3,278,4,0,0,1496.04,2023,8,6,6,498.68,0,0,1,1,0
5,5,558.63,544,0,2,628,8,0,4,2793.15,2023,3,26,6,558.63,1,1,1,1,0
4,3,19.73,527,4,2,1091,3,0,4,59.19,2023,7,7,4,19.73,0,0,1,0,0
3,5,248.84,30,2,0,311,10,0,3,1244.2,2023,6,23,4,248.84,1,0,1,0,1
0,3,46.11,183,3,3,289,5,2,4,138.33,2024,8,31,5,46.11000000000001,1,0,1,1,0
2,5,678.16,259,3,1,364,7,2,1,3390.8,2023,5,2,1,678.1600000000001,1,1,1,0,1
2,5,601.72,590,3,0,580,5,2,3,3008.6,2024,4,10,2,601.72,1,1,1,0,0
5,2,259.32,13,3,1,276,2,2,4,518.64,2024,4,25,3,259.32,0,0,1,0,0
0,3,63.68,238,0,3,390,6,0,1,191.04,2023,12,13,2,63.68,1,0,1,0,0
2,4,371.07,165,0,0,1095,7,2,1,1484.28,2023,10,5,3,371.07,1,0,1,0,0
0,4,306.35,480,3,4,183,7,2,4,1225.4,2024,9,29,6,306.35,1,0,1,1,0
6,4,578.27,321,4,1,890,9,2,0,2313.08,2023,10,15,6,578.27,1,0,1,1,0
0,1,529.19,207,0,0,99,5,0,4,529.19,2023,1,20,4,529.19,1,0,1,0,0
0,2,587.49,391,3,3,190,6,1,4,1174.98,2024,2,27,1,587.49,1,0,1,0,0
5,4,567.57,504,2,2,483,9,2,2,2270.28,2024,6,30,6,567.57,1,0,1,1,0
0,5,85.22,305,1,0,7,7,0,0,426.1,2024,4,29,0,85.22,1,0,1,0,0
2,1,438.37,391,0,0,877,4,1,4,438.37,2024,8,26,0,438.37,0,0,1,0,0
0,2,366.23,619,0,4,688,2,2,0,732.46,2023,11,15,2,366.23,0,0,1,0,0
2,2,150.05,444,1,0,787,4,1,1,300.1,2023,1,2,0,150.05,0,0,1,0,0
0,4,498.51,494,2,4,424,4,1,2,1994.04,2023,10,27,4,498.51,0,0,1,0,0
1,3,339.39,406,0,3,771,7,0,2,1018.17,2025,4,24,3,339.39,1,0,1,0,0
3,2,575.83,60,4,1,464,3,2,4,1151.66,2025,1,18,5,575.83,0,0,1,1,0
3,2,642.98,40,2,3,299,7,0,0,1285.96,2023,12,23,5,642.98,1,0,1,1,0
1,2,372.23,299,3,1,1116,7,1,0,744.46,2023,5,18,3,372.23,1,0,1,0,0
0,3,646.34,234,2,2,891,5,0,2,1939.02,2024,11,12,1,646.34,1,0,1,0,0
0,5,341.84,161,4,4,1128,8,0,3,1709.2,2024,6,5,2,341.84000000000003,1,0,1,0,0
5,3,690.3,458,1,4,37,6,2,2,2070.9,2024,2,25,6,690.3000000000001,1,0,1,1,0
6,3,382.37,546,2,3,210,8,0,3,1147.11,2023,6,12,0,382.37,1,0,1,0,0
0,2,132.6,116,2,0,814,4,2,0,265.2,2023,3,14,1,132.6,0,0,1,0,0
3,2,189.06,522,3,4,992,7,1,1,378.12,2024,1,18,3,189.06,1,0,1,0,0
6,4,87.79,309,0,0,307,6,0,3,351.16,2023,12,24,6,87.79,1,0,1,1,0
5,2,46.36,409,3,3,75,4,1,2,92.72,2025,4,18,4,46.36,0,0,1,0,0
4,2,642.04,621,3,1,587,4,2,0,1284.08,2024,10,26,5,642.04,0,0,1,1,0
0,2,651.57,600,2,4,574,7,2,1,1303.14,2024,10,19,5,651.57,1,0,1,1,0
6,3,424.89,12,2,0,1007,6,0,2,1274.67,2025,2,28,4,424.89,1,0,1,0,0
2,3,438.89,641,0,3,995,3,0,1,1316.67,2023,1,28,5,438.89,0,0,1,1,0
3,1,72.6,605,2,0,1023,6,0,3,72.6,2024,4,15,0,72.6,1,0,1,0,0
2,4,194.75,65,0,4,469,5,0,1,779.0,2024,12,19,3,194.75,1,0,1,0,0
6,4,231.26,110,4,4,295,6,2,2,925.04,2023,5,2,1,231.26,1,0,1,0,0
3,4,327.12,483,1,0,456,4,0,0,1308.48,2024,8,31,5,327.12,0,0,1,1,0
2,1,466.42,53,3,2,401,5,1,0,466.42,2023,5,3,2,466.42,1,0,1,0,0
3,2,253.67,637,0,3,199,3,2,1,507.34,2024,7,5,4,253.67,0,0,1,0,0
1,1,257.0,502,2,0,732,5,0,4,257.0,2023,2,5,6,257.0,1,0,1,1,0
1,4,539.2,458,1,2,156,8,0,2,2156.8,2024,4,18,3,539.2,1,0,1,0,0
0,5,50.74,450,3,0,1036,7,2,2,253.7,2023,6,15,3,50.74,1,0,1,0,0
4,2,624.16,640,2,4,821,2,1,3,1248.32,2023,5,9,1,624.16,0,0,1,0,0
6,2,372.92,25,1,1,1130,7,1,0,745.84,2023,2,21,1,372.92,1,0,1,0,0
2,4,358.75,543,3,1,618,9,1,1,1435.0,2024,1,9,1,358.75,1,0,1,0,0
1,3,342.02,576,2,2,1061,5,0,0,1026.06,2024,8,6,1,342.02,1,0,1,0,0
2,2,422.34,641,1,0,437,4,0,3,844.68,2025,6,23,0,422.34,0,0,1,0,0
6,5,22.07,59,4,0,903,7,0,3,110.35,2025,4,3,3,22.07,1,0,1,0,0
0,3,163.13,254,3,4,132,5,2,1,489.39,2024,11,24,6,163.13,1,0,1,1,0
6,3,360.66,144,4,3,740,5,0,3,1081.98,2023,2,2,3,360.66,1,0,1,0,0
3,3,463.39,424,1,3,92,3,0,1,1390.17,2023,8,27,6,463.39,0,0,1,1,0
6,1,155.27,322,2,4,479,6,0,0,155.27,2024,1,30,1,155.27,1,0,1,0,0
3,3,509.42,249,1,0,1088,5,0,2,1528.26,2023,7,23,6,509.42,1,0,1,1,0
1,4,652.48,561,0,2,182,5,0,3,2609.92,2025,5,18,6,652.48,1,1,1,1,0
5,4,34.84,132,1,4,710,8,0,0,139.36,2024,9,22,6,34.84,1,0,1,1,0
1,1,234.37,386,2,4,5,5,0,0,234.37,2025,2,7,4,234.37,1,0,1,0,0
1,3,53.6,304,0,2,637,4,2,1,160.8,2023,10,9,0,53.6,0,0,1,0,0
6,1,332.09,221,3,3,793,5,0,3,332.09,2023,9,13,2,332.09,1,0,1,0,0
3,4,593.22,41,1,0,344,8,2,1,2372.88,2024,3,6,2,593.22,1,0,1,0,0
6,2,444.84,482,4,4,612,7,0,1,889.68,2023,8,29,1,444.84,1,0,1,0,0
3,1,24.48,22,3,3,1038,1,0,3,24.48,2024,7,12,4,24.48,0,0,1,0,0
2,3,239.08,212,0,4,616,8,0,2,717.24,2024,11,24,6,239.08,1,0,1,1,0
1,5,196.84,154,1,1,784,5,2,3,984.2,2023,1,23,0,196.84,1,0,1,0,0
3,1,176.58,413,2,3,4,4,0,4,176.58,2025,3,12,2,176.58,0,0,1,0,0
5,4,666.52,374,0,4,288,8,0,0,2666.08,2023,10,2,0,666.52,1,1,1,0,0
5,5,101.3,327,4,4,504,7,0,0,506.5,2024,11,23,5,101.3,1,0,1,1,0
0,4,151.2,622,3,2,367,9,2,1,604.8,2023,7,2,6,151.2,1,0,1,1,0
5,5,94.85,483,0,4,452,6,2,0,474.25,2025,2,4,1,94.85,1,0,1,0,0
2,2,388.22,51,0,1,499,2,2,3,776.44,2023,1,4,2,388.22,0,0,1,0,0
2,3,614.15,570,3,0,980,3,0,1,1842.45,2023,11,13,0,614.15,0,0,1,0,0
2,2,92.91,328,0,3,256,3,2,3,185.82,2024,9,25,2,92.91,0,0,1,0,0
3,3,92.22,11,1,1,1064,5,0,0,276.66,2024,6,23,6,92.22,1,0,1,1,0
5,3,562.55,41,2,3,428,6,0,0,1687.65,2024,6,9,6,562.5500000000001,1,0,1,1,0
1,1,92.79,490,0,2,487,3,2,0,92.79,2023,3,22,2,92.79,0,0,1,0,0
1,4,30.27,509,4,1,1018,9,0,2,121.08,2023,6,3,5,30.27,1,0,1,1,0
3,2,49.08,228,2,3,126,7,0,3,98.16,2025,3,30,6,49.08,1,0,1,1,0
1,5,228.09,626,3,3,1160,9,0,1,1140.45,2025,3,2,6,228.09,1,0,1,1,0
0,4,650.04,645,3,0,102,6,1,1,2600.16,2024,11,1,4,650.04,1,1,1,0,0
5,1,665.11,483,0,2,131,3,0,3,665.11,2025,3,4,1,665.11,0,0,1,0,0
1,1,386.03,539,4,2,354,4,0,2,386.03,2024,12,7,5,386.03,0,0,1,1,0
2,5,21.54,9,3,3,113,10,0,2,107.7,2024,7,22,0,21.54,1,0,1,0,0
6,2,475.78,381,4,4,1067,2,2,2,951.56,2024,7,4,3,475.78,0,0,1,0,0
6,2,68.4,649,3,2,9,7,0,0,136.8,2024,1,9,1,68.4,1,0,1,0,0
6,4,532.49,386,4,0,277,6,1,1,2129.96,2025,6,21,5,532.49,1,0,1,1,0
2,1,51.73,127,2,2,184,1,0,1,51.73,2023,4,21,4,51.73,0,0,1,0,0
5,3,653.63,128,4,1,1144,7,0,0,1960.89,2024,7,26,4,653.63,1,0,1,0,0
0,3,454.29,565,1,2,205,4,2,2,1362.87,2024,6,13,3,454.29,0,0,1,0,0
0,3,122.11,431,4,1,270,4,2,0,366.33,2023,10,16,0,122.11,0,0,1,0,0
2,4,64.74,437,3,0,1090,8,1,2,258.96,2023,4,8,5,64.74,1,0,1,1,0
2,2,681.06,428,2,4,1008,3,0,1,1362.12,2024,1,21,6,681.06,0,0,1,1,0
1,5,128.95,145,0,2,1178,10,0,3,644.75,2023,9,21,3,128.95,1,0,1,0,0
1,2,118.59,564,1,1,600,2,0,0,237.18,2024,3,18,0,118.59,0,0,1,0,0
5,1,95.1,297,3,2,517,1,2,3,95.1,2024,11,15,4,95.1,0,0,1,0,0
1,3,54.95,201,0,3,529,8,1,4,164.85,2023,12,9,5,54.95,1,0,1,1,0
5,3,136.97,159,1,3,117,4,0,4,410.91,2024,10,18,4,136.97,0,0,1,0,0
0,2,194.85,192,3,3,460,5,0,4,389.7,2023,3,12,6,194.85,1,0,1,1,0
2,4,583.02,167,4,1,1121,4,0,1,2332.08,2024,10,25,4,583.02,0,0,1,0,0
0,5,95.75,196,4,4,1099,8,1,3,478.75,2024,9,29,6,95.75,1,0,1,1,0
1,4,325.76,515,3,4,926,8,2,0,1303.04,2024,7,29,0,325.76,1,0,1,0,0
4,4,186.41,509,3,2,1100,6,1,2,745.64,2023,9,8,4,186.41,1,0,1,0,0
4,1,474.6,220,2,1,1093,4,1,0,474.6,2025,2,22,5,474.6,0,0,1,1,0
5,5,584.46,147,1,3,496,8,0,0,2922.3,2024,6,7,4,584.46,1,1,1,0,1
2,1,132.05,482,4,1,407,2,0,2,132.05,2025,3,7,4,132.05,0,0,1,0,0
6,4,494.84,424,0,3,1026,8,1,0,1979.36,2023,12,4,0,494.84,1,0,1,0,0
5,4,224.61,380,1,3,123,6,2,1,898.44,2024,1,23,1,224.61,1,0,1,0,0
3,4,44.07,182,2,2,51,6,0,0,176.28,2024,6,28,4,44.07,1,0,1,0,0
3,5,418.53,425,1,2,744,6,0,2,2092.65,2024,2,9,4,418.53,1,0,1,0,0
4,4,532.87,629,0,2,207,9,0,3,2131.48,2024,1,3,2,532.87,1,0,1,0,0
4,2,485.37,118,1,4,451,5,1,0,970.74,2025,6,4,2,485.37,1,0,1,0,0
4,4,386.73,295,0,1,634,4,1,1,1546.92,2024,6,13,3,386.73,0,0,1,0,0
1,2,377.47,237,0,2,882,7,0,2,754.94,2024,7,20,5,377.47,1,0,1,1,0
3,5,332.64,609,3,1,1019,10,0,4,1663.2,2025,1,23,3,332.64,1,0,1,0,0
2,3,699.93,443,0,3,493,7,1,2,2099.79,2024,11,30,5,699.93,1,0,1,1,0
3,1,576.35,323,3,3,1016,1,2,3,576.35,2024,9,30,0,576.35,0,0,1,0,0
6,2,461.37,72,0,1,1181,5,1,2,922.74,2024,6,12,2,461.37,1,0,1,0,0
5,4,111.3,186,2,2,1056,7,0,0,445.2,2023,3,2,3,111.3,1,0,1,0,0
1,3,661.89,325,4,0,884,6,2,4,1985.67,2025,2,24,0,661.89,1,0,1,0,0
6,2,259.58,604,2,1,217,7,0,3,519.16,2025,3,12,2,259.58,1,0,1,0,0
6,3,70.81,106,1,4,358,8,0,4,212.43,2024,7,15,0,70.81,1,0,1,0,0
2,1,518.39,652,2,2,1040,4,0,3,518.39,2025,4,13,6,518.39,0,0,1,1,0
6,4,145.41,385,1,3,6,7,0,0,581.64,2023,1,14,5,145.41,1,0,1,1,0
6,2,599.86,252,3,2,892,7,0,1,1199.72,2023,1,24,1,599.86,1,0,1,0,0
4,4,429.37,140,1,1,309,8,0,2,1717.48,2024,10,3,3,429.37,1,0,1,0,0
4,2,241.49,547,2,3,840,7,0,3,482.98,2024,4,24,2,241.49,1,0,1,0,0
5,2,452.05,639,1,3,560,3,2,0,904.1,2025,5,31,5,452.05,0,0,1,1,0
1,3,336.71,399,1,2,658,4,0,0,1010.13,2023,6,13,1,336.71,0,0,1,0,0
4,1,283.69,74,3,4,1105,6,0,2,283.69,2024,6,27,3,283.69,1,0,1,0,0
1,1,157.72,358,2,1,1072,2,0,2,157.72,2024,2,22,3,157.72,0,0,1,0,0
6,3,624.84,586,1,0,614,8,2,1,1874.52,2023,3,26,6,624.84,1,0,1,1,0
1,3,308.01,188,0,2,1089,3,0,1,924.03,2023,7,24,0,308.01,0,0,1,0,0
1,1,39.56,130,2,0,849,5,0,2,39.56,2025,2,18,1,39.56,1,0,1,0,0
1,4,37.76,85,2,1,776,7,0,2,151.04,2023,6,2,4,37.76,1,0,1,0,0
4,3,76.96,369,0,3,1159,8,0,0,230.88,2024,9,17,1,76.96,1,0,1,0,0
2,1,569.96,310,4,1,266,4,0,0,569.96,2023,4,6,3,569.96,0,0,1,0,0
2,5,627.43,496,1,0,58,10,0,0,3137.15,2024,3,10,6,627.4300000000001,1,1,1,1,1
2,2,534.91,128,2,3,1146,5,1,2,1069.82,2023,10,6,4,534.91,1,0,1,0,0
5,2,278.88,281,2,2,1199,3,0,4,557.76,2023,1,22,6,278.88,0,0,1,1,0
6,2,323.22,298,1,1,934,7,0,3,646.44,2025,4,18,4,323.22,1,0,1,0,0
6,5,653.46,47,0,0,242,9,2,0,3267.3,2023,9,4,0,653.46,1,1,1,0,0
5,4,678.55,339,0,1,1179,5,0,0,2714.2,2023,7,6,3,678.55,1,1,1,0,0
1,1,314.38,90,4,3,774,6,0,2,314.38,2024,2,11,6,314.38,1,0,1,1,0
4,3,692.44,121,2,0,959,8,0,2,2077.32,2024,6,12,2,692.44,1,0,1,0,0
3,1,604.87,257,4,1,212,4,0,3,604.87,2024,7,28,6,604.87,0,0,1,1,0
4,2,512.33,227,0,0,505,7,0,1,1024.66,2025,6,28,5,512.33,1,0,1,1,0
0,3,20.54,112,1,0,409,3,0,3,61.62,2025,4,15,1,20.54,0,0,1,0,0
4,2,625.22,340,4,0,163,5,0,2,1250.44,2023,3,4,5,625.22,1,0,1,1,0
6,1,21.19,272,0,3,8,5,2,2,21.19,2023,8,21,0,21.19,1,0,1,0,0
0,5,64.49,382,4,0,404,7,0,1,322.45,2025,3,21,4,64.49,1,0,1,0,0
2,4,246.85,151,1,4,608,8,2,2,987.4,2023,4,28,4,246.85,1,0,1,0,0
4,3,588.74,459,2,2,219,8,0,0,1766.22,2023,12,1,4,588.74,1,0,1,0,0
2,4,184.48,401,4,0,851,4,2,2,737.92,2024,3,31,6,184.48,0,0,1,1,0
4,5,524.26,601,3,1,537,5,0,4,2621.3,2024,1,10,2,524.26,1,1,1,0,0
3,2,493.63,49,4,3,525,6,1,4,987.26,2024,8,11,6,493.63,1,0,1,1,0
5,1,438.34,128,3,3,475,5,0,1,438.34,2025,5,26,0,438.34,1,0,1,0,0
2,1,325.81,93,1,2,997,1,2,4,325.81,2025,5,16,4,325.81,0,0,1,0,0
0,1,176.1,171,1,2,564,1,1,3,176.1,2023,7,29,5,176.1,0,0,1,1,0
0,5,45.31,473,4,0,1194,8,0,4,226.55,2023,8,23,2,45.31,1,0,1,0,0
1,4,221.96,67,0,1,345,7,0,2,887.84,2024,3,17,6,221.96,1,0,1,1,0
0,2,601.43,464,4,2,427,5,0,3,1202.86,2023,11,2,3,601.43,1,0,1,0,0
6,5,691.28,61,4,1,878,10,1,0,3456.4,2023,8,17,3,691.28,1,1,1,0,0
2,4,417.89,142,3,2,1151,4,0,2,1671.56,2024,9,14,5,417.89,0,0,1,1,0
0,4,409.28,616,0,2,1097,8,0,0,1637.12,2024,1,13,5,409.28,1,0,1,1,0
1,2,356.35,457,2,3,1070,6,2,1,712.7,2023,6,16,4,356.35,1,0,1,0,0
0,5,170.22,470,2,1,803,8,0,4,851.1,2024,4,15,0,170.22,1,0,1,0,0
5,4,384.85,644,4,1,893,9,0,3,1539.4,2023,3,9,3,384.85,1,0,1,0,0
2,4,115.77,349,4,2,396,7,1,3,463.08,2024,11,20,2,115.77,1,0,1,0,0
4,3,579.55,557,3,3,50,8,2,1,1738.65,2025,4,29,1,579.5500000000001,1,0,1,0,0
2,2,438.76,231,2,3,837,2,0,1,877.52,2023,2,27,0,438.76,0,0,1,0,0
4,5,488.35,625,2,3,1047,9,0,0,2441.75,2025,5,19,0,488.35,1,0,1,0,0
2,4,328.56,493,2,3,907,4,0,0,1314.24,2023,4,16,6,328.56,0,0,1,1,0
6,1,68.39,224,4,3,1193,3,2,1,68.39,2025,3,28,4,68.39,0,0,1,0,0
5,4,595.62,451,2,2,626,8,0,1,2382.48,2023,5,3,2,595.62,1,0,1,0,0
0,5,644.64,76,3,0,319,6,0,0,3223.2,2024,2,17,5,644.64,1,1,1,1,0
3,5,397.81,87,2,3,453,5,1,4,1989.05,2023,8,20,6,397.81,1,0,1,1,0
0,3,236.5,585,4,1,19,8,0,0,709.5,2024,1,1,0,236.5,1,0,1,0,0
2,5,472.01,58,3,0,63,10,1,0,2360.05,2024,10,15,1,472.0100000000001,1,0,1,0,0
0,5,253.75,453,4,2,54,9,2,3,1268.75,2023,9,1,4,253.75,1,0,1,0,0
3,3,676.21,115,4,1,818,5,1,2,2028.63,2024,11,10,6,676.21,1,0,1,1,0
1,3,134.05,66,1,4,932,3,0,2,402.15,2024,2,13,1,134.04999999999998,0,0,1,0,0
1,5,217.43,460,2,4,578,10,1,3,1087.15,2024,4,9,1,217.43,1,0,1,0,1
6,1,553.56,389,1,0,88,5,0,4,553.56,2023,5,31,2,553.56,1,0,1,0,0
2,2,28.55,547,3,4,447,7,1,0,57.1,2023,11,5,6,28.55,1,0,1,1,0
4,2,255.26,493,1,0,1032,6,0,2,510.52,2024,1,26,4,255.26,1,0,1,0,0
2,5,292.54,117,2,0,339,8,0,0,1462.7,2025,3,15,5,292.54,1,0,1,1,0
0,4,147.51,635,2,2,146,4,2,3,590.04,2024,12,11,2,147.51,0,0,1,0,0
5,3,569.84,589,3,0,899,8,2,3,1709.52,2024,8,4,6,569.84,1,0,1,1,0
6,5,574.79,284,1,2,372,8,2,4,2873.95,2024,2,21,2,574.79,1,1,1,0,1
0,4,598.19,235,1,1,1185,7,2,0,2392.76,2023,10,5,3,598.19,1,0,1,0,0
4,4,390.84,543,1,0,631,9,2,4,1563.36,2023,3,2,3,390.84,1,0,1,0,0
4,2,398.45,392,2,0,362,7,1,2,796.9,2024,9,28,5,398.45,1,0,1,1,0
4,5,623.81,52,0,3,97,6,0,0,3119.05,2023,5,27,5,623.8100000000001,1,1,1,1,0
2,4,174.49,114,1,1,603,5,1,1,697.96,2024,12,14,5,174.49,1,0,1,1,0
4,1,479.56,592,3,3,454,1,1,2,479.56,2025,3,15,5,479.56,0,0,1,1,0
2,4,653.13,630,1,4,975,8,2,3,2612.52,2024,10,7,0,653.13,1,1,1,0,1
3,3,481.1,403,1,3,30,3,0,1,1443.3,2023,8,29,1,481.1,0,0,1,0,0
1,5,271.69,318,4,3,1041,7,0,3,1358.45,2025,3,26,2,271.69,1,0,1,0,0
5,3,463.81,130,4,3,290,8,2,0,1391.43,2025,3,8,5,463.81,1,0,1,1,0
6,2,639.88,236,0,1,632,5,2,3,1279.76,2023,5,25,3,639.88,1,0,1,0,0
0,4,404.58,293,0,4,714,5,0,3,1618.32,2024,7,24,2,404.58,1,0,1,0,0
3,1,76.93,418,2,1,785,6,2,3,76.93,2023,2,5,6,76.93,1,0,1,1,0
6,4,190.64,537,0,1,809,5,1,0,762.56,2024,12,11,2,190.64,1,0,1,0,0
5,2,88.73,30,4,2,671,5,0,2,177.46,2023,12,18,0,88.73,1,0,1,0,0
0,5,485.71,573,4,2,64,10,1,4,2428.55,2024,3,12,1,485.71,1,0,1,0,0
4,5,78.29,291,1,4,1150,5,2,4,391.45,2025,3,14,4,78.28999999999999,1,0,1,0,0
5,5,22.14,253,0,3,165,10,0,3,110.7,2024,4,11,3,22.14,1,0,1,0,0
1,1,679.65,206,2,4,854,6,0,2,679.65,2024,3,26,1,679.65,1,0,1,0,0
4,1,178.44,161,1,0,630,2,0,2,178.44,2023,2,2,3,178.44,0,0,1,0,0
0,5,655.55,129,4,1,643,5,0,0,3277.75,2025,6,14,5,655.55,1,1,1,1,0
1,4,577.08,200,4,2,792,8,0,1,2308.32,2024,4,11,3,577.08,1,0,1,0,0
0,3,197.97,325,4,0,1066,5,0,2,593.91,2023,8,24,3,197.97,1,0,1,0,0
0,3,411.95,411,1,1,1037,7,0,4,1235.85,2024,1,14,6,411.95,1,0,1,1,0
5,2,443.22,454,1,1,541,5,0,1,886.44,2024,9,19,3,443.22,1,0,1,0,0
2,3,364.14,212,4,2,1030,7,2,4,1092.42,2025,5,7,2,364.14,1,0,1,0,0
1,3,430.06,311,3,0,145,8,0,3,1290.18,2025,5,13,1,430.06,1,0,1,0,0
0,1,320.92,558,4,3,881,5,0,1,320.92,2024,12,4,2,320.92,1,0,1,0,0
4,3,107.36,498,3,1,795,5,0,2,322.08,2023,10,8,6,107.36,1,0,1,1,0
1,2,359.86,390,2,0,432,4,0,4,719.72,2024,7,4,3,359.86,0,0,1,0,0
5,4,434.23,409,4,4,1065,8,0,0,1736.92,2024,11,18,0,434.23,1,0,1,0,0
0,2,645.85,383,4,4,104,5,0,4,1291.7,2023,1,1,6,645.85,1,0,1,1,0
5,4,214.35,403,2,0,34,7,2,4,857.4,2025,6,9,0,214.35,1,0,1,0,0
3,3,638.5,564,2,0,69,4,0,3,1915.5,2025,4,27,6,638.5,0,0,1,1,0
2,1,365.57,33,4,0,142,5,1,0,365.57,2023,12,12,1,365.57,1,0,1,0,0
1,3,568.05,373,3,2,798,6,1,2,1704.15,2024,10,24,3,568.0500000000001,1,0,1,0,0
5,3,490.01,568,0,3,1127,4,1,1,1470.03,2023,10,16,0,490.01,0,0,1,0,0
2,3,372.6,180,1,1,775,7,2,4,1117.8,2025,6,13,4,372.6,1,0,1,0,0
3,5,240.61,481,1,4,1124,10,0,0,1203.05,2023,5,25,3,240.61,1,0,1,0,0
4,1,586.62,551,2,4,1138,5,0,1,586.62,2024,6,3,0,586.62,1,0,1,0,0
4,3,257.84,63,4,1,1015,4,0,3,773.52,2024,3,10,6,257.84,0,0,1,1,0
6,5,435.66,565,4,2,813,9,0,1,2178.3,2023,8,20,6,435.66,1,0,1,1,0
0,5,261.33,41,1,3,847,5,1,4,1306.65,2024,8,28,2,261.33000000000004,1,0,1,0,0
5,1,422.54,553,0,1,140,1,1,2,422.54,2024,1,23,1,422.54,0,0,1,0,0
1,5,330.45,91,3,4,439,10,0,2,1652.25,2023,3,19,6,330.45,1,0,1,1,0
1,3,120.82,490,1,4,807,5,1,4,362.46,2023,12,2,5,120.82,1,0,1,1,0
4,1,14.06,265,1,2,862,5,1,4,14.06,2024,5,20,0,14.06,1,0,1,0,0
1,1,491.11,354,1,1,621,4,1,1,491.11,2023,5,3,2,491.11,0,0,1,0,0
3,4,677.37,43,0,2,883,8,1,2,2709.48,2023,4,30,6,677.37,1,1,1,1,0
1,5,189.25,423,2,0,379,10,2,0,946.25,2024,7,26,4,189.25,1,0,1,0,0
5,4,142.58,176,0,1,734,4,0,1,570.32,2024,5,26,6,142.58,0,0,1,1,0
3,4,316.32,148,2,1,418,7,0,1,1265.28,2024,6,29,5,316.32,1,0,1,1,0
1,2,533.95,484,4,1,89,5,2,2,1067.9,2024,3,17,6,533.95,1,0,1,1,0
4,4,470.09,317,2,1,832,4,0,2,1880.36,2025,6,1,6,470.09,0,0,1,1,0
6,3,324.3,439,2,2,161,8,0,0,972.9,2024,5,16,3,324.3,1,0,1,0,0
0,4,629.34,53,0,4,1069,7,0,0,2517.36,2023,7,10,0,629.34,1,1,1,0,0
1,3,136.84,248,0,1,228,3,1,1,410.52,2024,5,12,6,136.84,0,0,1,1,0
0,2,488.9,381,0,1,1109,7,0,1,977.8,2023,10,31,1,488.9,1,0,1,0,0
2,5,133.39,75,1,1,750,6,0,4,666.95,2023,8,3,3,133.39,1,0,1,0,0
0,5,608.91,72,3,2,155,6,1,2,3044.55,2024,6,9,6,608.9100000000001,1,1,1,1,0
6,1,524.06,120,2,2,1156,3,0,0,524.06,2024,7,25,3,524.06,0,0,1,0,0
1,2,330.69,209,4,0,606,5,1,2,661.38,2023,6,1,3,330.69,1,0,1,0,0
4,2,547.67,599,3,4,1006,3,0,3,1095.34,2025,4,8,1,547.67,0,0,1,0,0
2,4,233.7,289,4,4,693,8,1,1,934.8,2025,3,12,2,233.7,1,0,1,0,0
6,2,448.85,202,1,2,492,6,0,3,897.7,2023,1,3,1,448.85,1,0,1,0,0
4,2,274.12,310,0,1,1092,6,0,4,548.24,2025,6,28,5,274.12,1,0,1,1,0
5,5,561.48,250,4,1,200,9,0,1,2807.4,2025,5,13,1,561.48,1,1,1,0,1
0,1,595.54,507,3,4,547,4,0,3,595.54,2024,5,15,2,595.54,0,0,1,0,0
2,4,515.59,203,1,4,343,7,0,2,2062.36,2024,4,7,6,515.59,1,0,1,1,0
4,1,460.13,486,1,3,162,1,0,2,460.13,2023,10,25,2,460.13,0,0,1,0,0
0,3,171.66,541,2,1,1034,7,0,2,514.98,2024,12,19,3,171.66,1,0,1,0,0
2,2,266.95,520,1,2,619,3,0,3,533.9,2024,7,23,1,266.95,0,0,1,0,0
3,5,650.72,175,1,0,91,8,2,0,3253.6,2024,10,27,6,650.72,1,1,1,1,1
2,3,439.53,607,2,2,994,5,0,2,1318.59,2023,8,11,4,439.53,1,0,1,0,0
3,3,654.54,587,0,3,371,7,1,4,1963.62,2023,11,11,5,654.54,1,0,1,1,0
1,1,394.53,270,0,4,391,2,0,4,394.53,2024,6,4,1,394.53,0,0,1,0,0
3,1,678.01,425,0,2,596,4,0,4,678.01,2023,3,21,1,678.01,0,0,1,0,0
6,3,575.01,536,4,0,357,8,2,3,1725.03,2023,5,23,1,575.01,1,0,1,0,0
0,3,154.64,519,2,2,685,6,2,1,463.92,2023,11,9,3,154.64,1,0,1,0,0
1,3,147.29,2,3,4,755,3,0,2,441.87,2024,10,18,4,147.29,0,0,1,0,0
2,4,481.48,181,3,1,369,5,1,3,1925.92,2024,9,3,1,481.48,1,0,1,0,0
3,3,158.37,454,0,4,753,6,0,4,475.11,2025,3,5,2,158.37,1,0,1,0,0
5,2,323.37,326,4,2,976,3,1,3,646.74,2025,4,23,2,323.37,0,0,1,0,0
2,5,73.83,647,2,2,760,9,0,3,369.15,2025,2,7,4,73.83,1,0,1,0,1
6,1,458.63,526,2,3,913,4,2,4,458.63,2024,4,28,6,458.63,0,0,1,1,0
3,4,180.25,503,2,0,887,7,0,1,721.0,2024,7,13,5,180.25,1,0,1,1,0
3,3,473.49,76,1,2,601,7,0,0,1420.47,2023,5,17,2,473.49,1,0,1,0,0
3,4,237.43,116,0,0,395,8,2,4,949.72,2025,2,5,2,237.43,1,0,1,0,0
2,1,442.39,1,3,2,952,6,0,1,442.39,2023,11,23,3,442.39,1,0,1,0,0
3,1,62.12,31,0,3,930,2,0,0,62.12,2024,9,3,1,62.12,0,0,1,0,0
1,5,298.39,347,3,0,562,7,2,4,1491.95,2024,8,4,6,298.39,1,0,1,1,0
1,2,697.93,163,1,0,225,2,1,2,1395.86,2025,5,6,1,697.93,0,0,1,0,0
6,2,291.85,340,0,4,886,5,0,3,583.7,2024,5,27,0,291.85,1,0,1,0,0
5,3,308.98,174,0,1,216,3,1,3,926.94,2024,5,31,4,308.98,0,0,1,0,0
1,5,396.86,355,0,0,431,9,1,3,1984.3,2024,8,13,1,396.86,1,0,1,0,0
1,2,139.69,153,4,3,991,7,0,0,279.38,2024,1,22,0,139.69,1,0,1,0,0
5,5,475.95,288,1,3,682,8,2,1,2379.75,2023,2,16,3,475.95,1,0,1,0,1
1,1,626.6,615,3,3,539,4,2,1,626.6,2025,2,10,0,626.6,0,0,1,0,0
2,4,502.99,603,2,4,265,4,2,4,2011.96,2024,2,16,4,502.99,0,0,1,0,0
5,5,578.83,47,0,3,55,6,0,4,2894.15,2024,6,21,4,578.83,1,1,1,0,0
2,5,383.82,523,1,3,116,7,0,2,1919.1,2025,1,20,0,383.82,1,0,1,0,0
2,5,368.25,430,4,1,109,5,0,3,1841.25,2025,6,24,1,368.25,1,0,1,0,0
5,2,374.6,64,4,4,179,3,0,4,749.2,2025,2,7,4,374.6,0,0,1,0,0
6,2,428.09,634,1,3,1172,6,0,3,856.18,2025,3,12,2,428.09,1,0,1,0,0
6,1,438.93,32,3,0,1058,3,1,4,438.93,2023,7,24,0,438.93,0,0,1,0,0
1,2,563.82,275,1,2,923,3,0,3,1127.64,2024,6,17,0,563.82,0,0,1,0,0
5,3,649.93,523,1,2,1198,7,2,1,1949.79,2023,2,11,5,649.93,1,0,1,1,0
5,5,268.43,647,0,3,590,5,1,0,1342.15,2025,3,22,5,268.43,1,0,1,1,0
3,5,502.47,144,4,4,1158,10,2,0,2512.35,2024,12,20,4,502.47,1,1,1,0,0
1,1,26.95,411,0,1,62,1,2,0,26.95,2024,3,20,2,26.95,0,0,1,0,0
2,4,64.69,386,2,4,0,7,2,2,258.76,2023,2,14,1,64.69,1,0,1,0,0
2,3,247.11,511,2,3,112,3,2,4,741.33,2024,5,9,3,247.11,0,0,1,0,0
6,2,536.25,327,2,2,830,3,0,0,1072.5,2024,10,16,2,536.25,0,0,1,0,0
4,2,456.04,199,2,3,233,4,0,0,912.08,2024,12,16,0,456.04,0,0,1,0,0
5,2,40.23,377,1,0,1021,4,1,2,80.46,2024,1,1,0,40.23,0,0,1,0,0
2,2,72.39,50,4,1,76,7,2,3,144.78,2023,3,26,6,72.39,1,0,1,1,0
3,2,394.16,111,4,4,429,2,0,4,788.32,2023,1,26,3,394.16,0,0,1,0,0
2,4,119.84,422,3,4,998,8,0,4,479.36,2025,6,1,6,119.84,1,0,1,1,0
4,3,692.71,214,1,1,686,3,0,3,2078.13,2023,11,24,4,692.71,0,0,1,0,0
0,4,56.66,450,4,1,435,4,1,3,226.64,2024,1,12,4,56.66,0,0,1,0,0
0,2,298.53,313,2,0,465,5,2,0,597.06,2024,1,16,1,298.53,1,0,1,0,0
0,3,331.46,425,1,0,1073,6,2,4,994.38,2023,7,12,2,331.46,1,0,1,0,0
2,2,521.4,80,0,1,565,7,1,3,1042.8,2025,4,16,2,521.4,1,0,1,0,0
5,4,305.32,417,4,0,1083,4,1,2,1221.28,2023,3,27,0,305.32,0,0,1,0,0
5,5,111.7,360,1,0,956,9,0,0,558.5,2023,7,17,0,111.7,1,0,1,0,0
6,1,479.76,557,1,2,599,1,0,0,479.76,2023,9,29,4,479.76,0,0,1,0,0
3,3,193.49,179,3,3,827,6,0,1,580.47,2023,12,27,2,193.49,1,0,1,0,0
2,2,426.22,248,4,1,1174,7,2,2,852.44,2024,12,16,0,426.22,1,0,1,0,0
6,5,276.44,374,3,4,253,10,0,4,1382.2,2023,8,20,6,276.44,1,0,1,1,0
4,2,404.96,320,0,4,135,4,1,0,809.92,2024,5,4,5,404.96,0,0,1,1,0
4,4,465.66,14,4,3,738,9,0,0,1862.64,2023,9,7,3,465.66,1,0,1,0,0
4,2,594.07,452,3,0,911,2,0,2,1188.14,2024,6,21,4,594.07,0,0,1,0,0
1,5,110.38,154,0,2,1117,10,0,4,551.9,2023,11,9,3,110.38,1,0,1,0,0
2,1,596.24,565,1,3,900,4,0,3,596.24,2024,5,31,4,596.24,0,0,1,0,0
5,2,306.24,352,4,3,377,4,0,0,612.48,2024,7,22,0,306.24,0,0,1,0,0
3,3,503.39,88,4,2,457,5,0,1,1510.17,2025,2,27,3,503.39,1,0,1,0,0
4,1,131.61,628,0,4,1048,2,0,1,131.61,2023,2,6,0,131.61,0,0,1,0,0
0,3,443.44,98,3,4,623,3,0,2,1330.32,2024,10,22,1,443.44,0,0,1,0,0
0,1,408.13,46,3,4,211,3,2,3,408.13,2023,1,23,0,408.13,0,0,1,0,0
4,2,160.98,198,2,1,1003,3,1,4,321.96,2024,4,11,3,160.98,0,0,1,0,0
3,5,643.89,535,0,3,180,8,2,1,3219.45,2023,1,12,3,643.89,1,1,1,0,1
1,3,158.66,314,3,1,810,7,2,0,475.98,2023,5,13,5,158.66,1,0,1,1,0
6,2,143.82,540,1,3,864,6,1,3,287.64,2024,4,13,5,143.82,1,0,1,1,0
2,3,379.07,149,3,2,655,3,2,2,1137.21,2023,12,11,0,379.07,0,0,1,0,0
4,1,601.36,309,4,4,940,1,0,1,601.36,2024,11,11,0,601.36,0,0,1,0,0
4,2,142.08,525,3,1,263,4,1,4,284.16,2024,9,6,4,142.08,0,0,1,0,0
0,5,530.34,627,4,4,415,9,0,2,2651.7,2024,3,11,0,530.3399999999999,1,1,1,0,0
4,5,364.42,475,1,0,422,10,1,4,1822.1,2023,8,20,6,364.42,1,0,1,1,0
2,4,578.28,485,3,0,166,5,0,0,2313.12,2025,6,18,2,578.28,1,0,1,0,0
3,5,280.52,133,1,0,39,7,2,1,1402.6,2025,5,20,1,280.52,1,0,1,0,1
6,5,638.92,287,1,3,763,5,0,2,3194.6,2025,5,6,1,638.92,1,1,1,0,0
3,4,412.2,403,1,4,838,6,2,4,1648.8,2024,2,8,3,412.2,1,0,1,0,0
1,1,440.34,414,3,4,202,2,2,1,440.34,2025,6,5,3,440.34,0,0,1,0,0
1,1,627.15,99,0,1,1012,5,1,3,627.15,2024,9,7,5,627.15,1,0,1,1,0
3,2,605.26,601,0,0,752,4,2,4,1210.52,2024,5,27,0,605.26,0,0,1,0,0
2,1,90.27,506,0,1,284,5,1,1,90.27,2024,6,9,6,90.27,1,0,1,1,0
1,5,230.77,31,4,2,526,10,2,4,1153.85,2025,6,9,0,230.77,1,0,1,0,0
1,5,266.78,123,3,0,545,5,0,0,1333.9,2023,9,27,2,266.78000000000003,1,0,1,0,0
1,1,105.92,631,3,3,957,6,1,0,105.92,2023,5,18,3,105.92,1,0,1,0,0
6,3,589.3,392,1,3,508,6,2,4,1767.9,2024,4,4,3,589.3000000000001,1,0,1,0,0
0,4,649.47,366,0,2,1196,8,1,2,2597.88,2023,1,28,5,649.47,1,1,1,1,0
5,4,107.49,649,0,1,666,5,0,2,429.96,2024,6,25,1,107.49,1,0,1,0,0
3,3,669.06,140,0,1,542,7,1,1,2007.18,2023,5,31,2,669.0600000000001,1,0,1,0,0
0,3,69.65,6,0,1,939,7,2,3,208.95,2023,10,14,5,69.64999999999999,1,0,1,1,0
4,4,136.83,277,2,2,605,8,1,0,547.32,2023,11,26,6,136.83,1,0,1,1,0
3,1,304.11,431,3,4,417,2,1,4,304.11,2024,9,6,4,304.11,0,0,1,0,0
3,4,296.28,8,3,4,662,5,1,0,1185.12,2024,11,24,6,296.28,1,0,1,1,0
1,1,77.64,430,1,4,790,1,0,1,77.64,2025,2,28,4,77.64,0,0,1,0,0
1,1,243.71,611,3,1,974,6,1,2,243.71,2024,7,20,5,243.71,1,0,1,1,0
2,4,644.96,310,1,2,778,7,0,0,2579.84,2024,9,7,5,644.96,1,1,1,1,0
4,5,283.73,239,3,2,575,8,0,3,1418.65,2025,6,5,3,283.73,1,0,1,0,0
1,2,629.56,508,3,0,559,5,2,3,1259.12,2025,2,4,1,629.56,1,0,1,0,0
2,4,246.11,332,1,2,308,4,1,3,984.44,2023,3,23,3,246.11,0,0,1,0,0
4,2,418.26,582,2,2,761,2,1,2,836.52,2023,11,19,6,418.26,0,0,1,1,0
1,5,127.18,359,2,0,796,10,0,2,635.9,2024,5,9,3,127.18,1,0,1,0,0
5,3,586.21,600,3,2,1052,4,2,4,1758.63,2024,8,27,1,586.21,0,0,1,0,0
3,3,267.45,343,3,1,310,5,2,3,802.35,2024,4,6,5,267.45,1,0,1,1,0
6,4,615.65,628,2,1,700,9,2,2,2462.6,2024,6,27,3,615.65,1,0,1,0,0
3,2,113.29,618,0,2,1025,5,1,1,226.58,2023,11,18,5,113.29,1,0,1,1,0
3,4,473.86,1,2,1,1096,7,1,1,1895.44,2024,4,28,6,473.86,1,0,1,1,0
2,3,444.75,495,0,1,385,6,1,1,1334.25,2023,11,27,0,444.75,1,0,1,0,0
4,2,183.67,479,2,0,174,6,1,2,367.34,2023,5,19,4,183.67,1,0,1,0,0
5,1,483.38,394,0,2,433,6,0,2,483.38,2023,12,24,6,483.38,1,0,1,1,0
5,5,260.93,346,4,1,555,9,1,0,1304.65,2023,6,21,2,260.93,1,0,1,0,0
5,2,253.68,17,3,4,120,6,0,4,507.36,2023,12,8,4,253.68,1,0,1,0,0
6,4,699.88,608,0,2,306,5,2,4,2799.52,2025,6,19,3,699.88,1,1,1,0,0
5,5,319.97,346,0,4,66,7,1,2,1599.85,2023,1,11,2,319.97,1,0,1,0,0
0,4,246.91,138,4,2,80,8,1,4,987.64,2025,6,9,0,246.91,1,0,1,0,0
5,3,392.85,231,1,3,16,6,0,2,1178.55,2023,3,2,3,392.85,1,0,1,0,0
6,5,420.98,543,0,1,1081,7,1,1,2104.9,2024,5,27,0,420.98,1,0,1,0,0
3,2,73.26,526,0,2,656,4,2,1,146.52,2024,3,20,2,73.26,0,0,1,0,0
3,3,410.88,112,0,1,33,8,0,3,1232.64,2023,1,13,4,410.88000000000005,1,0,1,0,0
6,2,176.46,425,1,1,1141,2,0,0,352.92,2023,9,2,5,176.46,0,0,1,1,0
3,3,659.57,310,1,0,332,6,1,0,1978.71,2023,3,31,4,659.57,1,0,1,0,0
4,2,478.36,396,4,4,167,3,0,2,956.72,2024,12,3,1,478.36,0,0,1,0,0
5,4,30.05,141,4,3,31,6,0,1,120.2,2024,12,3,1,30.05,1,0,1,0,0
2,4,300.56,529,0,0,513,9,0,1,1202.24,2025,4,26,5,300.56,1,0,1,1,0
6,5,226.45,45,2,3,158,6,0,0,1132.25,2024,2,4,6,226.45,1,0,1,1,0
5,2,349.4,566,4,4,846,2,1,3,698.8,2024,1,26,4,349.4,0,0,1,0,0
6,5,268.78,408,2,1,680,7,2,0,1343.9,2023,12,29,4,268.78000000000003,1,0,1,0,0
0,2,680.85,613,3,1,969,6,0,4,1361.7,2024,8,25,6,680.85,1,0,1,1,0
2,3,182.48,78,0,1,137,3,0,3,547.44,2023,7,8,5,182.48,0,0,1,1,0
1,1,277.09,136,0,3,300,2,1,4,277.09,2024,4,6,5,277.09,0,0,1,1,0
6,2,26.5,149,4,1,491,3,1,3,53.0,2024,4,22,0,26.5,0,0,1,0,0
4,3,315.27,148,1,0,1157,4,1,0,945.81,2023,10,23,0,315.27,0,0,1,0,0
6,3,450.98,212,1,4,751,8,1,4,1352.94,2025,2,24,0,450.98,1,0,1,0,0
2,5,233.67,134,0,4,286,10,0,4,1168.35,2024,9,23,0,233.67,1,0,1,0,0
0,3,367.75,447,0,2,1103,7,0,1,1103.25,2024,1,29,0,367.75,1,0,1,0,0
0,1,23.53,54,3,1,1182,2,0,3,23.53,2025,5,17,5,23.53,0,0,1,1,0
3,1,677.48,497,4,1,47,1,2,1,677.48,2023,5,1,0,677.48,0,0,1,0,0
2,4,554.83,639,0,3,898,6,0,2,2219.32,2024,5,21,1,554.83,1,0,1,0,0
1,4,440.31,368,0,0,985,6,0,3,1761.24,2023,2,17,4,440.31,1,0,1,0,0
1,1,87.06,535,1,4,400,4,0,0,87.06,2025,3,1,5,87.06,0,0,1,1,0
4,4,245.28,56,1,1,38,6,2,0,981.12,2023,10,2,0,245.28,1,0,1,0,0
4,5,664.51,28,2,2,106,8,1,0,3322.55,2023,2,28,1,664.51,1,1,1,0,1
0,1,618.68,646,4,1,673,6,2,4,618.68,2023,4,20,3,618.68,1,0,1,0,0
3,1,370.85,162,3,1,262,2,0,4,370.85,2024,12,24,1,370.85,0,0,1,0,0
5,4,517.98,467,0,0,889,8,0,1,2071.92,2024,6,16,6,517.98,1,0,1,1,0
2,4,506.11,580,0,0,1161,5,0,4,2024.44,2023,11,12,6,506.11,1,0,1,1,0
4,3,413.83,326,3,4,516,8,1,1,1241.49,2024,5,31,4,413.83,1,0,1,0,0
5,1,249.81,221,0,2,573,1,1,2,249.81,2023,12,13,2,249.81,0,0,1,0,0
6,3,362.53,229,2,3,243,5,0,1,1087.59,2025,3,15,5,362.53,1,0,1,1,0
1,2,299.23,57,1,0,914,2,2,3,598.46,2025,6,28,5,299.23,0,0,1,1,0
6,1,536.07,599,2,1,748,5,0,2,536.07,2023,11,15,2,536.07,1,0,1,0,0
3,4,558.9,611,3,4,1163,9,2,2,2235.6,2023,2,11,5,558.9,1,0,1,1,0
6,2,409.75,226,2,4,780,2,2,1,819.5,2024,12,9,0,409.75,0,0,1,0,0
6,2,179.96,414,3,4,1125,5,0,3,359.92,2025,1,11,5,179.96,1,0,1,1,0
5,1,38.49,83,1,1,548,4,0,4,38.49,2025,6,22,6,38.49,0,0,1,1,0
2,5,316.4,410,3,3,833,7,0,0,1582.0,2024,9,20,4,316.4,1,0,1,0,0
6,3,547.15,262,4,4,84,4,2,3,1641.45,2024,10,7,0,547.15,0,0,1,0,0
0,4,540.34,210,3,4,808,6,2,4,2161.36,2023,6,23,4,540.34,1,0,1,0,0
3,4,73.65,563,2,4,149,9,0,2,294.6,2024,9,9,0,73.65,1,0,1,0,0
1,5,391.86,350,1,4,446,6,0,3,1959.3,2024,7,18,3,391.86,1,0,1,0,1
2,5,69.7,440,4,3,514,9,0,3,348.5,2023,8,20,6,69.7,1,0,1,1,0
3,5,26.43,510,3,4,722,5,0,1,132.15,2025,3,5,2,26.43,1,0,1,0,0
6,1,531.74,280,4,4,198,1,2,2,531.74,2023,9,11,0,531.74,0,0,1,0,0
4,2,496.62,417,4,2,351,2,1,3,993.24,2024,9,15,6,496.62,0,0,1,1,0
5,1,660.66,247,2,1,468,3,2,3,660.66,2023,11,29,2,660.66,0,0,1,0,0
3,4,274.82,599,2,1,1082,9,2,0,1099.28,2023,10,23,0,274.82,1,0,1,0,0
4,2,486.35,484,4,2,510,6,1,4,972.7,2024,6,14,4,486.35,1,0,1,0,0
2,3,428.88,312,2,4,943,3,2,1,1286.64,2024,9,24,1,428.88000000000005,0,0,1,0,0
1,2,412.14,21,1,3,222,2,0,3,824.28,2023,9,8,4,412.14,0,0,1,0,0
1,1,265.64,361,1,3,17,3,2,3,265.64,2024,9,22,6,265.64,0,0,1,1,0
6,2,273.43,513,0,4,1111,7,2,4,546.86,2024,5,7,1,273.43,1,0,1,0,0
2,5,131.7,517,0,4,26,8,0,2,658.5,2025,1,29,2,131.7,1,0,1,0,0
0,5,85.52,141,3,0,724,5,0,1,427.6,2023,8,23,2,85.52000000000001,1,0,1,0,0
1,2,320.68,165,1,4,625,5,0,4,641.36,2024,6,19,2,320.68,1,0,1,0,0
2,4,198.81,396,0,3,1143,9,0,4,795.24,2025,2,12,2,198.81,1,0,1,0,0
5,5,666.8,276,2,1,918,7,1,4,3334.0,2023,10,30,0,666.8,1,1,1,0,1
1,1,355.09,413,2,0,128,5,1,3,355.09,2023,12,20,2,355.09,1,0,1,0,0
4,2,316.2,200,4,3,352,2,0,3,632.4,2023,6,6,1,316.2,0,0,1,0,0
2,1,133.39,263,2,4,164,2,1,4,133.39,2024,8,3,5,133.39,0,0,1,1,0
3,1,454.23,111,3,3,29,3,0,1,454.23,2023,2,25,5,454.23,0,0,1,1,0
1,4,491.29,283,2,2,12,6,0,0,1965.16,2024,9,6,4,491.29,1,0,1,0,0
4,2,255.14,84,0,4,484,2,0,2,510.28,2025,6,24,1,255.14,0,0,1,0,0
3,1,392.61,633,3,0,72,4,1,4,392.61,2023,2,26,6,392.61,0,0,1,1,0
6,4,362.06,137,2,3,15,4,0,1,1448.24,2024,10,11,4,362.06,0,0,1,0,0
4,1,222.73,15,4,3,944,4,0,2,222.73,2024,5,10,4,222.73,0,0,1,0,0
3,2,552.63,367,2,1,419,7,2,3,1105.26,2024,8,31,5,552.63,1,0,1,1,0
2,4,686.61,56,0,4,556,6,0,4,2746.44,2023,5,8,0,686.61,1,1,1,0,0
5,3,305.16,11,1,0,489,8,1,4,915.48,2025,3,7,4,305.16,1,0,1,0,0
1,1,41.09,556,4,3,1057,4,2,0,41.09,2023,3,18,5,41.09,0,0,1,1,0
4,5,634.0,32,3,1,1188,8,0,0,3170.0,2024,6,20,3,634.0,1,1,1,0,0
2,5,464.74,241,3,1,304,7,0,4,2323.7,2023,1,20,4,464.74,1,0,1,0,0
3,4,425.6,281,1,2,1000,5,0,2,1702.4,2023,4,21,4,425.6,1,0,1,0,0
0,3,573.22,57,2,2,645,5,1,0,1719.66,2023,10,6,4,573.22,1,0,1,0,0
0,1,123.28,569,1,1,1187,3,1,0,123.28,2024,7,9,1,123.28,0,0,1,0,0
4,1,70.82,22,3,2,403,1,2,3,70.82,2023,1,8,6,70.82,0,0,1,1,0
5,2,646.69,219,2,4,1079,7,2,3,1293.38,2023,5,21,6,646.69,1,0,1,1,0
6,2,513.42,217,4,2,1080,5,2,3,1026.84,2023,12,23,5,513.42,1,0,1,1,0
2,4,693.07,308,4,4,500,8,1,3,2772.28,2025,3,23,6,693.07,1,1,1,1,0
1,3,491.43,81,3,4,151,6,2,3,1474.29,2023,11,30,3,491.43,1,0,1,0,0
6,2,599.74,243,3,4,757,2,0,3,1199.48,2025,3,15,5,599.74,0,0,1,1,0
3,2,650.25,651,3,3,346,6,0,3,1300.5,2023,2,25,5,650.25,1,0,1,1,0
2,3,209.48,18,2,2,617,4,0,0,628.44,2024,10,8,1,209.48,0,0,1,0,0
2,5,209.2,597,2,1,488,6,2,0,1046.0,2023,8,21,0,209.2,1,0,1,0,0
4,4,197.36,330,3,3,172,9,0,3,789.44,2023,6,9,4,197.36,1,0,1,0,0
5,4,648.91,371,1,4,584,6,1,3,2595.64,2023,6,28,2,648.91,1,1,1,0,1
4,2,441.54,213,4,1,1102,2,1,0,883.08,2024,4,23,1,441.54,0,0,1,0,0
6,2,464.92,478,2,3,512,2,0,1,929.84,2025,5,3,5,464.92,0,0,1,1,0
3,5,506.45,172,3,4,1195,7,2,2,2532.25,2024,12,26,3,506.45,1,1,1,0,0
3,4,255.86,42,1,1,1086,7,0,0,1023.44,2023,6,17,5,255.86,1,0,1,1,0
2,2,125.23,121,0,0,659,3,0,0,250.46,2024,9,19,3,125.23,0,0,1,0,0
2,5,38.11,233,2,0,925,6,2,3,190.55,2023,8,17,3,38.11,1,0,1,0,1
3,3,161.97,574,0,2,999,4,1,0,485.91,2025,6,8,6,161.97,0,0,1,1,0
0,4,347.17,652,2,4,1002,8,0,3,1388.68,2024,6,3,0,347.17,1,0,1,0,0
2,4,276.32,23,4,1,215,5,0,2,1105.28,2023,4,24,0,276.32,1,0,1,0,0
6,4,314.76,534,4,4,698,8,0,3,1259.04,2024,7,25,3,314.76,1,0,1,0,0
6,3,475.69,559,3,0,178,3,0,2,1427.07,2024,1,8,0,475.69,0,0,1,0,0
0,1,372.8,573,0,0,841,6,1,1,372.8,2023,3,12,6,372.8,1,0,1,1,0
6,2,63.21,129,4,0,937,4,1,2,126.42,2025,6,30,0,63.21,0,0,1,0,0
2,1,634.94,258,4,0,518,5,2,3,634.94,2023,3,20,0,634.94,1,0,1,0,0
5,4,77.47,267,3,3,283,7,1,3,309.88,2024,4,8,0,77.47,1,0,1,0,0
0,3,84.31,581,1,4,338,3,1,0,252.93,2024,2,25,6,84.31,0,0,1,1,0
3,4,234.45,184,4,0,1077,9,0,3,937.8,2023,5,6,5,234.45,1,0,1,1,0
1,1,356.81,335,4,1,935,1,2,3,356.81,2023,10,13,4,356.81,0,0,1,0,0
1,4,209.99,50,0,1,936,8,0,2,839.96,2023,3,19,6,209.99,1,0,1,1,0
6,3,659.88,367,3,0,920,3,0,2,1979.64,2023,3,16,3,659.88,0,0,1,0,0
2,2,336.32,334,4,3,1053,3,0,2,672.64,2025,6,20,4,336.32,0,0,1,0,0
5,2,531.49,334,1,1,669,7,2,1,1062.98,2023,10,14,5,531.49,1,0,1,1,0
0,3,588.44,542,3,4,1139,8,2,2,1765.32,2024,5,20,0,588.4399999999999,1,0,1,0,0
4,3,251.48,182,1,3,1189,4,0,0,754.44,2024,5,24,4,251.48,0,0,1,0,0
2,1,684.65,107,1,1,195,1,0,0,684.65,2024,11,24,6,684.65,0,0,1,1,0
6,1,195.86,119,4,2,962,3,0,1,195.86,2025,5,10,5,195.86,0,0,1,1,0
4,3,50.34,209,3,3,420,3,0,3,151.02,2023,5,28,6,50.34,0,0,1,1,0
3,5,678.19,467,4,3,291,8,0,1,3390.95,2023,6,7,2,678.1899999999999,1,1,1,0,1
6,3,554.25,530,2,4,845,6,2,4,1662.75,2023,4,14,4,554.25,1,0,1,0,0
0,4,576.87,562,3,3,382,5,0,3,2307.48,2023,5,9,1,576.87,1,0,1,0,0
1,4,408.36,43,3,0,759,4,0,4,1633.44,2023,10,16,0,408.36,0,0,1,0,0
4,5,190.11,158,0,1,341,7,1,2,950.55,2024,7,22,0,190.11,1,0,1,0,0
5,3,602.75,589,1,4,305,6,1,0,1808.25,2025,3,15,5,602.75,1,0,1,1,0
3,3,646.79,247,0,0,11,5,2,2,1940.37,2023,8,17,3,646.79,1,0,1,0,0
0,4,418.71,97,0,2,353,8,0,3,1674.84,2023,6,11,6,418.71,1,0,1,1,0
2,2,323.45,310,1,3,226,5,0,3,646.9,2025,2,16,6,323.45,1,0,1,1,0
4,1,694.5,68,1,2,402,3,2,1,694.5,2024,7,18,3,694.5,0,0,1,0,0
0,2,337.32,611,1,0,257,4,1,0,674.64,2024,12,2,0,337.32,0,0,1,0,0
5,2,467.91,236,3,3,888,5,2,1,935.82,2024,4,9,1,467.91,1,0,1,0,0
1,4,38.28,612,2,0,571,4,2,1,153.12,2024,6,8,5,38.28,0,0,1,1,0
5,2,73.41,334,4,4,1164,2,1,2,146.82,2023,12,28,3,73.41,0,0,1,0,0
6,3,668.33,490,3,2,328,4,2,1,2004.99,2023,9,24,6,668.33,0,0,1,1,0
5,4,410.21,528,0,2,648,5,2,3,1640.84,2024,7,29,0,410.21,1,0,1,0,0
1,4,294.41,65,2,2,594,4,0,3,1177.64,2023,12,18,0,294.41,0,0,1,0,0
0,3,501.82,339,3,0,235,4,0,0,1505.46,2025,3,1,5,501.82,0,0,1,1,0
5,2,552.83,574,1,0,365,3,0,4,1105.66,2024,6,24,0,552.83,0,0,1,0,0
0,3,498.66,199,0,0,220,6,0,0,1495.98,2025,2,16,6,498.66,1,0,1,1,0
4,4,695.1,273,2,3,972,8,0,0,2780.4,2024,8,23,4,695.1,1,1,1,0,0
0,1,381.61,10,2,2,531,5,0,0,381.61,2023,4,3,0,381.61,1,0,1,0,0
1,5,507.94,135,4,0,1039,9,0,1,2539.7,2023,2,16,3,507.94,1,1,1,0,1
1,3,571.53,511,2,1,642,6,0,1,1714.59,2025,5,12,0,571.53,1,0,1,0,0
3,5,421.44,131,0,2,1110,5,1,3,2107.2,2024,10,3,3,421.44,1,0,1,0,0
0,2,588.3,94,4,2,170,2,0,0,1176.6,2025,1,2,3,588.3,0,0,1,0,0
4,1,355.15,245,0,3,747,2,1,0,355.15,2024,6,25,1,355.15,0,0,1,0,0
0,2,695.29,617,1,2,239,6,0,3,1390.58,2024,7,25,3,695.29,1,0,1,0,0
1,4,302.65,14,1,0,912,8,1,4,1210.6,2023,2,20,0,302.65,1,0,1,0,0
0,2,608.04,620,0,0,806,4,0,2,1216.08,2023,1,29,6,608.04,0,0,1,1,0
6,2,344.18,310,1,4,406,7,0,4,688.36,2023,11,9,3,344.18,1,0,1,0,0
3,4,696.71,125,2,4,349,4,0,3,2786.84,2024,12,16,0,696.71,0,1,1,0,0
3,3,198.63,355,0,2,768,8,1,3,595.89,2025,6,11,2,198.63,1,0,1,0,0
5,4,534.57,406,1,1,679,6,0,1,2138.28,2023,8,13,6,534.57,1,0,1,1,0
2,4,690.78,636,1,4,1173,9,0,4,2763.12,2023,7,19,2,690.78,1,1,1,0,0
3,3,301.55,100,2,1,154,5,0,2,904.65,2024,5,29,2,301.55,1,0,1,0,0
3,4,27.42,401,2,2,134,4,1,4,109.68,2023,4,20,3,27.42,0,0,1,0,0
1,4,466.7,552,2,3,664,8,0,3,1866.8,2024,2,23,4,466.7,1,0,1,0,0
1,1,541.64,249,2,4,812,5,1,0,541.64,2024,9,4,2,541.64,1,0,1,0,0
4,1,11.39,514,0,0,337,6,2,0,11.39,2023,10,16,0,11.39,1,0,1,0,0
4,2,224.37,108,2,1,303,3,2,4,448.74,2025,3,11,1,224.37,0,0,1,0,0
2,3,306.29,623,1,3,118,7,2,3,918.87,2024,6,11,1,306.29,1,0,1,0,0
6,5,315.57,169,2,1,712,6,2,0,1577.85,2024,1,8,0,315.57,1,0,1,0,0
0,3,223.79,372,2,2,696,3,0,2,671.37,2023,7,14,4,223.79,0,0,1,0,0
0,3,324.47,628,0,1,348,4,2,0,973.41,2023,7,31,0,324.47,0,0,1,0,0
5,2,92.87,183,1,2,271,5,0,1,185.74,2023,10,17,1,92.87,1,0,1,0,0
2,2,331.42,139,1,1,967,6,2,2,662.84,2023,4,8,5,331.42,1,0,1,1,0
0,1,525.43,388,0,0,221,2,1,3,525.43,2024,12,23,0,525.43,0,0,1,0,0
5,2,697.19,465,0,3,381,7,0,0,1394.38,2023,8,3,3,697.19,1,0,1,0,0
4,4,518.4,426,1,1,933,7,1,1,2073.6,2023,8,28,0,518.4,1,0,1,0,0
1,3,131.96,456,1,2,292,8,0,3,395.88,2025,2,4,1,131.96,1,0,1,0,0
3,1,208.36,428,4,4,268,4,0,0,208.36,2024,10,4,4,208.36,0,0,1,0,0
5,3,222.34,5,1,3,568,5,2,0,667.02,2023,11,27,0,222.34,1,0,1,0,0
5,3,91.74,190,2,3,189,8,0,4,275.22,2024,9,10,1,91.74,1,0,1,0,0
6,2,213.83,194,2,0,595,2,2,0,427.66,2023,8,13,6,213.83,0,0,1,1,0
5,1,127.55,237,0,4,445,3,1,4,127.55,2023,4,27,3,127.55,0,0,1,0,0
3,1,70.24,253,1,0,3,4,0,2,70.24,2024,9,8,6,70.24,0,0,1,1,0
2,5,518.55,577,1,0,494,6,2,3,2592.75,2023,1,8,6,518.55,1,1,1,1,1
0,4,298.36,440,2,2,509,8,0,2,1193.44,2023,10,31,1,298.36,1,0,1,0,0
1,3,158.74,136,4,2,462,7,0,3,476.22,2023,7,27,3,158.74,1,0,1,0,0
0,2,420.29,427,3,3,1168,3,1,2,840.58,2025,6,14,5,420.29,0,0,1,1,0
1,1,281.52,256,3,4,971,6,2,4,281.52,2023,4,5,2,281.52,1,0,1,0,0
2,1,204.08,635,3,3,1005,4,0,2,204.08,2023,9,27,2,204.08,0,0,1,0,0
0,1,343.31,474,3,3,133,6,1,2,343.31,2024,7,8,0,343.31,1,0,1,0,0
3,1,163.32,415,0,4,973,6,2,1,163.32,2023,11,18,5,163.32,1,0,1,1,0
1,2,184.6,334,3,1,649,7,2,0,369.2,2024,3,13,2,184.6,1,0,1,0,0
5,2,371.29,593,3,4,176,5,2,1,742.58,2023,10,7,5,371.29,1,0,1,1,0
6,5,389.22,36,0,0,661,7,0,4,1946.1,2024,8,17,5,389.22,1,0,1,1,0
1,3,616.39,461,1,4,966,6,0,3,1849.17,2025,6,8,6,616.39,1,0,1,1,0
1,4,376.43,499,3,2,779,5,2,3,1505.72,2025,2,10,0,376.43,1,0,1,0,0
0,3,432.85,654,4,2,83,4,0,3,1298.55,2024,2,28,2,432.85,0,0,1,0,0
6,1,687.89,174,0,3,366,1,0,0,687.89,2025,6,16,0,687.89,0,0,1,0,0
5,3,189.44,442,0,2,678,4,0,0,568.32,2023,11,19,6,189.44000000000003,0,0,1,1,0
1,1,107.04,208,1,0,360,6,0,2,107.04,2024,6,20,3,107.04,1,0,1,0,0
3,2,662.53,475,4,0,801,5,0,1,1325.06,2024,3,4,0,662.53,1,0,1,0,0
6,2,436.84,124,4,1,1027,2,0,3,873.68,2023,7,13,3,436.84,0,0,1,0,0
0,4,262.52,292,2,0,829,4,2,3,1050.08,2024,8,22,3,262.52,0,0,1,0,0
6,4,560.58,73,3,3,532,6,1,4,2242.32,2023,6,11,6,560.58,1,0,1,1,0
3,5,214.01441585391115,132,2,1,186,7,0,1,1070.0720792695556,2023,7,23,3,214.01441585391115,1,0,1,0,1
3,5,662.4506772562733,361,2,1,940,8,0,3,3312.253386281366,2023,6,27,1,662.4506772562733,1,1,1,0,1
0,5,63.429421808493814,85,1,3,898,8,1,1,317.1471090424691,2023,4,16,1,63.429421808493814,1,0,1,0,1
3,5,225.72095623950474,201,1,1,121,6,1,1,1128.6047811975238,2023,4,14,3,225.72095623950474,1,0,1,0,1
3,4,483.79430001312113,138,1,2,560,9,2,1,2331.193896128615,2025,2,9,3,483.79430001312113,1,0,1,0,1
3,5,639.8672498707989,544,0,2,214,8,1,0,3199.3362493539944,2023,1,13,2,639.8672498707989,1,1,1,0,1
3,5,248.09723184510315,32,2,0,308,9,0,2,1240.4861592255158,2023,6,23,3,248.09723184510315,1,0,1,0,1
2,5,279.68448635576476,106,1,3,1024,6,0,1,1398.422431778824,2023,10,11,5,279.68448635576476,1,0,1,1,1
2,5,636.1444405496599,491,1,0,98,9,0,0,3180.7222027482994,2023,3,9,5,636.14444054966,1,1,1,0,1
4,5,657.3638341088782,98,1,0,240,8,1,0,3286.819170544391,2024,7,28,5,657.3638341088782,1,1,1,1,1
2,5,658.4132208749792,431,2,2,951,9,0,2,3292.0661043748955,2024,3,24,3,658.4132208749792,1,1,1,0,1
1,5,527.753702985508,170,2,3,333,9,0,1,2638.7685149275403,2023,6,5,2,527.753702985508,1,1,1,0,1
3,5,616.3799542710159,59,2,3,1129,9,2,3,3081.8997713550793,2023,2,16,0,616.3799542710159,1,1,1,0,1
3,5,637.2656236391751,41,1,2,188,7,1,1,3186.3281181958755,2023,7,27,3,637.2656236391751,1,1,1,0,1
3,5,258.78742099950455,143,1,0,66,6,1,1,1293.9371049975227,2024,5,21,1,258.78742099950455,1,0,1,0,1
2,4,575.5164656267758,239,2,0,797,8,1,2,2528.516687909231,2024,2,20,1,575.5164656267758,1,1,1,0,1
1,5,225.56642155335905,378,1,2,969,7,0,1,1127.8321077667954,2023,9,3,4,225.56642155335908,1,0,1,0,1
4,4,685.4186393631169,405,1,2,587,8,1,3,2741.6745574524675,2023,8,13,2,685.4186393631169,1,1,1,0,1
3,4,633.8081968016043,333,1,0,599,7,1,3,2535.232787206417,2024,2,25,1,633.8081968016043,1,1,1,0,1
5,5,618.9823039786003,591,2,2,385,8,0,0,3094.9115198930012,2024,1,20,1,618.9823039786003,1,1,1,0,1
3,5,648.58517711136,525,0,3,195,8,1,1,3242.9258855568005,2023,1,11,2,648.58517711136,1,1,1,0,1
2,5,661.5742248206881,91,1,3,60,8,1,2,3307.8711241034407,2023,5,26,4,661.5742248206881,1,1,1,0,1
5,4,568.6166142682835,308,1,0,437,8,0,0,2755.70024498526,2024,2,24,1,568.6166142682835,1,1,1,0,1
3,5,116.06511747034827,294,1,2,344,9,0,1,580.3255873517413,2024,6,10,2,116.06511747034827,1,0,1,0,1
0,5,449.69833895782074,416,2,0,516,8,0,1,2248.491694789104,2024,2,20,2,449.6983389578208,1,0,1,0,1
2,5,492.36102688176607,70,0,3,454,8,2,1,2461.8051344088303,2024,3,7,5,492.36102688176607,1,0,1,0,1
4,5,665.3917686326537,303,2,1,925,7,0,3,3326.9588431632683,2023,8,29,0,665.3917686326537,1,1,1,0,1
0,5,424.73396945378556,285,1,0,288,7,0,2,2123.6698472689277,2023,1,23,2,424.73396945378556,1,0,1,0,1
3,5,567.9754058882589,453,1,2,381,6,1,3,2839.877029441295,2023,6,7,2,567.9754058882589,1,1,1,0,1
1,5,471.36055065017626,414,1,1,683,8,0,1,2356.8027532508813,2024,3,16,3,471.3605506501763,1,0,1,0,1
1,5,464.16665880678266,293,1,2,616,9,1,1,2320.8332940339133,2025,3,11,3,464.1666588067827,1,0,1,0,1
1,5,73.31243504613889,621,1,2,761,9,0,2,366.56217523069444,2024,2,7,3,73.31243504613889,1,0,1,0,1
3,5,616.9075002183786,64,2,3,1132,9,2,3,3084.537501091893,2023,2,17,0,616.9075002183786,1,1,1,0,1
3,5,540.9276215491498,139,3,1,1093,10,0,3,2704.638107745749,2023,4,12,0,540.9276215491498,1,1,1,0,1
5,5,621.5378035373353,586,1,2,368,8,0,0,3107.6890176866764,2024,1,20,1,621.5378035373353,1,1,1,0,1
0,5,427.6143721642198,227,1,1,129,8,0,1,2138.071860821099,2023,5,12,3,427.6143721642198,1,0,1,0,1
3,5,663.529496367948,361,1,0,905,7,1,4,3317.64748183974,2023,9,27,0,663.529496367948,1,1,1,0,1
3,5,660.990636149143,74,1,2,202,9,1,1,3304.953180745715,2023,5,27,4,660.990636149143,1,1,1,0,1
4,5,635.439154566079,241,1,2,1119,9,1,3,3177.1957728303946,2023,9,27,3,635.439154566079,1,1,1,0,1
2,5,61.12537056787202,499,2,1,818,7,0,3,305.6268528393601,2024,4,10,3,61.12537056787202,1,0,1,0,1
2,5,674.324976605765,194,2,1,291,7,1,0,3371.624883028825,2023,4,9,1,674.324976605765,1,1,1,0,1
0,4,516.4565312501118,442,2,0,660,8,0,1,2395.1316300138333,2025,3,19,2,516.4565312501118,1,0,1,0,1
1,5,642.7471867545423,549,0,0,931,9,0,2,3213.735933772711,2023,9,21,1,642.7471867545423,1,1,1,0,1
3,5,636.9038371764742,16,2,2,75,7,1,1,3184.519185882371,2023,5,26,1,636.9038371764742,1,1,1,0,1
1,5,122.9171934153215,620,1,2,816,8,0,2,614.5859670766075,2024,4,5,4,122.9171934153215,1,0,1,0,1
5,5,575.4008564207296,275,1,2,379,8,1,3,2877.0042821036477,2024,2,20,2,575.4008564207296,1,1,1,0,1
4,5,349.309568777635,203,1,2,1048,6,0,1,1746.5478438881748,2023,9,18,5,349.309568777635,1,0,1,1,1
4,4,667.5212424808598,384,1,2,541,8,1,3,2793.63055013362,2024,7,13,2,667.5212424808598,1,1,1,0,1
3,5,572.1448553044968,595,2,3,359,7,0,2,2860.724276522484,2023,1,4,1,572.1448553044968,1,1,1,0,1
1,4,515.8224335916884,461,1,1,657,8,0,1,2408.926406971843,2024,4,19,2,515.8224335916885,1,0,1,0,1
1,5,48.79589340882028,152,1,0,984,6,2,3,243.9794670441014,2023,5,10,3,48.79589340882028,1,0,1,0,1
2,5,277.27554542727864,149,1,0,66,7,1,1,1386.377727136393,2024,4,19,1,277.27554542727864,1,0,1,0,1
2,5,281.6982383694729,110,1,3,1023,6,0,1,1408.4911918473645,2023,10,11,5,281.6982383694729,1,0,1,1,1
1,5,211.9032352190296,362,1,3,328,7,1,1,1059.516176095148,2023,2,13,2,211.9032352190296,1,0,1,0,1
5,5,649.8585732938362,395,2,2,452,6,0,2,3249.2928664691813,2023,2,24,2,649.8585732938362,1,1,1,0,1
4,4,511.2134844774056,296,1,2,664,8,2,1,2411.7696012824463,2023,2,18,2,511.2134844774056,1,0,1,0,1
2,5,676.2081859851206,238,2,1,356,7,1,1,3381.0409299256035,2023,5,4,1,676.2081859851207,1,1,1,0,1
1,5,398.17833606616415,345,1,3,463,6,0,2,1990.8916803308207,2023,6,17,3,398.17833606616415,1,0,1,0,1
2,5,660.9526442876851,390,2,1,948,9,0,3,3304.7632214384253,2023,5,26,2,660.9526442876851,1,1,1,0,1
2,5,652.5811392106266,481,2,1,173,9,0,0,3262.905696053133,2023,4,8,4,652.5811392106266,1,1,1,0,1
4,5,662.380488368049,533,2,3,274,8,0,2,3311.902441840245,2023,2,22,0,662.380488368049,1,1,1,0,1
1,5,443.30348544926295,192,1,1,427,8,1,1,2216.5174272463146,2024,2,14,3,443.30348544926295,1,0,1,0,1
2,4,550.6709690530499,526,1,0,516,6,1,3,2593.462101876061,2023,2,12,5,550.6709690530499,1,1,1,0,1
2,5,646.5068929786321,233,1,0,85,8,1,0,3232.5344648931605,2024,8,23,6,646.5068929786321,1,1,1,1,1
3,5,569.7587419857605,309,1,1,416,6,0,2,2848.7937099288024,2024,9,9,3,569.7587419857605,1,1,1,0,1
3,5,660.2998643330825,72,1,1,101,8,1,0,3301.499321665413,2023,4,27,2,660.2998643330825,1,1,1,0,1
0,4,512.426060794799,447,2,0,662,8,0,1,2390.7115249355866,2025,3,19,2,512.4260607947991,1,0,1,0,1
3,4,600.0152915565649,358,1,2,473,6,1,3,2734.1730398208433,2023,8,17,2,600.0152915565648,1,1,1,0,1
1,5,218.27828865780907,499,1,3,704,9,0,2,1091.3914432890454,2023,5,7,2,218.27828865780907,1,0,1,0,1
3,5,646.3498944895534,534,0,3,192,8,1,1,3231.749472447767,2023,1,13,2,646.3498944895534,1,1,1,0,1
2,5,504.58384273114564,55,0,3,417,8,2,1,2522.919213655728,2024,3,7,5,504.58384273114564,1,0,1,0,1
5,5,639.2920133803761,313,2,1,523,6,1,2,3196.460066901881,2024,2,22,3,639.2920133803761,1,1,1,0,1
3,5,629.9706302400116,461,0,0,1006,9,0,1,3149.8531512000577,2023,10,23,3,629.9706302400116,1,1,1,0,1
3,5,638.2351587563438,369,1,1,1043,9,1,3,3191.1757937817188,2023,10,24,2,638.2351587563438,1,1,1,0,1
2,5,194.25540906848934,261,1,3,180,6,0,1,971.2770453424466,2023,2,15,3,194.25540906848934,1,0,1,0,1
5,5,556.5325302316862,270,2,0,298,8,0,0,2782.6626511584313,2024,3,19,1,556.5325302316863,1,1,1,0,1
2,4,614.595384055932,297,2,0,592,7,1,3,2523.1257971778277,2024,3,24,1,614.595384055932,1,1,1,0,1
1,5,44.72404530568384,201,1,1,891,6,1,2,223.6202265284192,2023,7,19,2,44.72404530568384,1,0,1,0,1
2,5,240.97284188352518,81,1,0,281,9,0,2,1204.8642094176257,2023,5,21,3,240.97284188352518,1,0,1,0,1
0,5,81.32840043823826,420,1,2,569,9,1,1,406.64200219119135,2023,7,14,0,81.32840043823826,1,0,1,0,1
4,5,352.5686714617961,204,1,2,1056,6,0,1,1762.8433573089806,2023,9,17,5,352.5686714617961,1,0,1,1,1
3,4,683.4048019181621,398,1,1,590,8,1,3,2733.6192076726484,2024,7,13,1,683.4048019181621,1,1,1,0,1
3,5,668.4978878960865,431,3,2,348,7,0,1,3342.489439480432,2023,5,10,2,668.4978878960864,1,1,1,0,1
3,5,663.6632948128973,54,2,2,82,8,1,1,3318.316474064487,2023,3,27,2,663.6632948128973,1,1,1,0,1
5,5,564.4242976706189,257,3,1,238,8,0,1,2822.1214883530947,2024,4,14,1,564.4242976706189,1,1,1,0,1
1,5,638.8070292354419,239,2,0,545,9,1,3,3194.0351461772098,2024,5,19,2,638.8070292354419,1,1,1,0,1
5,5,622.3858400278548,587,2,2,382,8,0,0,3111.929200139274,2024,1,21,0,622.3858400278548,1,1,1,0,1
3,5,611.1376054574652,50,3,2,1120,10,1,3,3055.688027287326,2023,1,14,0,611.1376054574652,1,1,1,0,1
2,5,678.1811672551755,405,3,2,312,7,0,1,3390.9058362758774,2023,5,5,1,678.1811672551754,1,1,1,0,1
0,5,462.7802835299108,482,1,1,666,8,0,1,2313.901417649554,2024,4,17,3,462.7802835299109,1,0,1,0,1
1,5,222.77755072911373,470,1,2,950,7,0,1,1113.8877536455689,2023,8,3,4,222.77755072911376,1,0,1,0,1
3,4,657.1124121182678,362,1,0,597,8,1,3,2628.449648473071,2024,5,18,1,657.1124121182678,1,1,1,0,1
3,5,229.8212982379572,178,1,1,112,6,1,1,1149.1064911897859,2023,5,14,3,229.8212982379572,1,0,1,0,1
0,5,215.95436831087534,466,2,3,580,9,1,3,1079.7718415543768,2023,4,9,1,215.95436831087534,1,0,1,0,1
1,5,532.5031418124337,377,4,0,903,6,0,2,2662.5157090621688,2023,5,21,2,532.5031418124338,1,1,1,0,1
3,5,649.0169525581804,353,2,2,1026,9,0,3,3245.0847627909016,2023,6,26,3,649.0169525581804,1,1,1,0,1
5,5,551.8435425531552,298,1,0,414,7,0,0,2759.217712765776,2024,2,25,1,551.8435425531552,1,1,1,0,1
4,5,669.4962431805637,531,2,3,310,8,0,2,3347.481215902819,2023,3,26,0,669.4962431805637,1,1,1,0,1
1,5,81.96430591389432,642,1,2,769,8,0,2,409.82152956947164,2024,2,6,4,81.9643059138943,1,0,1,0,1
3,4,651.1288160057055,507,1,4,789,7,1,3,2604.515264022822,2023,8,16,0,651.1288160057055,1,1,1,0,1
2,5,207.21119642437571,279,1,2,157,6,0,1,1036.0559821218785,2023,2,17,3,207.21119642437571,1,0,1,0,1
5,5,624.2802519620762,145,1,3,1174,9,2,3,3121.401259810381,2023,10,26,3,624.2802519620762,1,1,1,0,1
3,5,270.41089700765366,100,1,0,125,7,1,1,1352.0544850382682,2024,5,20,1,270.41089700765366,1,0,1,0,1
5,5,554.0914254454354,345,1,0,406,7,0,0,2770.4571272271774,2023,1,23,1,554.0914254454356,1,1,1,0,1
1,5,217.08730930253455,453,1,3,562,9,1,2,1085.4365465126727,2023,3,9,1,217.08730930253455,1,0,1,0,1
3,5,647.9625232700324,320,0,1,126,8,2,0,3239.812616350162,2023,6,20,4,647.9625232700324,1,1,1,0,1
2,5,46.32591566791675,328,2,0,887,6,1,3,231.62957833958376,2023,6,14,3,46.32591566791675,1,0,1,0,1
5,5,580.3872505984435,164,1,2,486,8,0,0,2901.9362529922178,2024,5,9,3,580.3872505984435,1,1,1,0,1
5,5,628.0862130448032,199,1,2,1159,9,1,3,3140.431065224016,2023,11,28,3,628.0862130448032,1,1,1,0,1
3,5,666.379041616313,279,2,1,411,6,1,1,3331.895208081565,2023,4,8,1,666.3790416163131,1,1,1,0,1
2,4,561.6828787307902,328,2,2,1046,9,0,3,2586.431858568114,2023,7,10,0,561.6828787307902,1,1,1,0,1
2,5,237.64626459807474,103,1,0,269,8,0,2,1188.2313229903737,2023,4,21,3,237.64626459807474,1,0,1,0,1
5,5,562.3498928960339,252,3,1,211,8,0,1,2811.7494644801695,2024,4,13,1,562.3498928960339,1,1,1,0,1
1,5,79.21831187352512,625,1,1,662,9,0,2,396.0915593676256,2024,4,7,2,79.21831187352512,1,0,1,0,1
1,5,495.50614427046185,538,1,0,581,7,1,2,2477.5307213523092,2023,2,12,4,495.5061442704619,1,0,1,0,1
3,5,635.0245833598859,448,0,0,1002,9,0,1,3175.1229167994293,2023,9,24,3,635.0245833598859,1,1,1,0,1
6,5,567.1048771543077,287,1,1,386,8,1,2,2835.524385771539,2024,2,22,1,567.1048771543078,1,1,1,0,1
5,5,569.8106142203766,271,2,1,307,8,1,2,2849.053071101883,2024,3,18,1,569.8106142203766,1,1,1,0,1
3,5,662.937633148177,44,1,1,104,8,1,0,3314.6881657408853,2023,2,27,1,662.937633148177,1,1,1,0,1
3,5,660.9755208586258,74,1,2,204,9,1,1,3304.8776042931295,2023,5,27,4,660.9755208586258,1,1,1,0,1
3,5,568.1014066198517,334,1,1,391,6,1,3,2840.5070330992585,2024,8,12,2,568.1014066198517,1,1,1,0,1
4,5,670.9308097913339,526,3,3,319,7,0,2,3354.6540489566696,2023,3,26,0,670.9308097913339,1,1,1,0,1
0,5,422.7540845650375,285,1,0,235,7,0,2,2113.7704228251873,2023,1,22,2,422.7540845650375,1,0,1,0,1
5,5,626.8384300450214,166,1,2,1178,8,1,3,3134.1921502251066,2023,11,29,3,626.8384300450214,1,1,1,0,1
0,5,640.6381264617228,286,1,0,586,10,1,4,3203.190632308614,2024,6,19,1,640.6381264617228,1,1,1,0,1
2,5,486.29065190630536,112,2,1,530,7,0,2,2431.453259531527,2023,6,12,2,486.29065190630536,1,0,1,0,1
0,5,167.8588486520963,649,2,2,647,8,1,3,839.2942432604814,2023,7,29,3,167.85884865209627,1,0,1,0,1
4,5,663.5723298787053,36,1,1,144,8,1,0,3317.8616493935265,2023,2,28,1,663.5723298787053,1,1,1,0,1
0,5,90.81090037726555,578,1,0,450,8,1,1,454.0545018863278,2023,8,9,0,90.81090037726555,1,0,1,0,1
2,5,638.9999057348075,268,2,0,536,8,1,3,3194.9995286740373,2024,4,20,2,638.9999057348075,1,1,1,0,1
0,5,457.5468965257668,448,2,0,586,8,0,1,2287.734482628834,2024,3,18,2,457.54689652576684,1,0,1,0,1
4,5,654.9729580663108,382,2,2,427,6,0,1,3274.8647903315536,2023,3,16,3,654.9729580663108,1,1,1,0,1
2,5,219.51905842018743,235,1,2,135,6,1,1,1097.595292100937,2023,3,15,3,219.51905842018743,1,0,1,0,1
2,5,642.5031635787462,288,3,2,1020,10,0,3,3212.515817893731,2024,2,21,1,642.5031635787462,1,1,1,0,1
0,5,84.24888840018056,535,1,0,510,8,1,1,421.2444420009028,2023,8,10,0,84.24888840018056,1,0,1,0,1
5,5,620.3354038729201,590,2,2,384,8,0,0,3101.6770193646003,2024,1,21,0,620.3354038729201,1,1,1,0,1
1,5,71.66799095135596,505,1,2,832,8,0,3,358.3399547567798,2024,2,5,3,71.66799095135596,1,0,1,0,1
5,5,652.479521624411,412,2,2,435,6,0,2,3262.3976081220544,2023,2,24,2,652.479521624411,1,1,1,0,1
3,5,675.0551039030586,494,3,3,302,8,0,1,3375.2755195152927,2023,4,15,1,675.0551039030586,1,1,1,0,1
2,5,473.1139310094452,110,1,2,541,8,1,1,2365.5696550472258,2024,4,9,3,473.1139310094452,1,0,1,0,1
5,5,564.6581238101761,258,3,1,241,8,0,1,2823.2906190508807,2024,4,14,1,564.6581238101761,1,1,1,0,1
2,5,455.8624423395524,130,1,2,521,9,1,1,2279.312211697762,2024,2,8,3,455.8624423395524,1,0,1,0,1
4,5,558.7468935883312,247,1,2,356,8,1,2,2793.734467941656,2023,3,15,2,558.7468935883312,1,1,1,0,1
2,5,48.3701767818838,351,2,0,877,6,1,3,241.850883909419,2023,6,14,3,48.3701767818838,1,0,1,0,1
4,5,351.64540078248046,204,1,2,1054,6,0,1,1758.2270039124023,2023,9,17,5,351.64540078248046,1,0,1,1,1
5,5,121.02358629362911,125,1,2,221,9,0,1,605.1179314681456,2024,5,15,4,121.02358629362911,1,0,1,0,1
4,5,561.6732077404309,254,3,1,208,8,0,1,2808.3660387021546,2024,5,12,1,561.6732077404309,1,1,1,0,1
2,5,279.2268208220375,135,1,0,41,6,1,1,1396.1341041101875,2024,4,19,1,279.2268208220375,1,0,1,0,1
3,5,280.13104530683745,131,1,0,42,7,1,1,1400.6552265341872,2024,5,20,1,280.13104530683745,1,0,1,0,1
0,5,63.532936596013606,80,1,3,915,8,1,1,317.66468298006805,2023,4,15,1,63.532936596013606,1,0,1,0,1
4,4,599.4413295449532,312,1,0,531,8,1,1,2609.4063162377065,2024,2,25,1,599.4413295449532,1,1,1,0,1
2,5,544.0427569309654,214,2,3,341,9,0,1,2720.2137846548276,2023,5,10,2,544.0427569309654,1,1,1,0,1
5,5,559.1228580110574,259,3,0,247,8,0,0,2795.614290055287,2024,4,16,1,559.1228580110574,1,1,1,0,1
5,5,551.450097379006,296,1,0,415,7,0,0,2757.2504868950305,2024,2,26,1,551.4500973790061,1,1,1,0,1
1,5,525.07179150215,154,2,3,343,9,0,1,2625.35895751075,2023,6,5,2,525.07179150215,1,1,1,0,1
0,5,652.1583405960791,589,1,0,840,10,1,4,3260.7917029803957,2024,7,19,0,652.1583405960791,1,1,1,0,1
2,5,646.2300493031786,441,1,1,982,9,0,2,3231.150246515893,2023,6,24,3,646.2300493031786,1,1,1,0,1
3,5,565.5151530317104,337,1,1,373,6,0,2,2827.575765158552,2024,9,10,2,565.5151530317103,1,1,1,0,1
3,4,623.5087075297538,315,2,0,630,8,1,3,2522.475731447855,2024,2,24,0,623.5087075297538,1,1,1,0,1
2,5,544.4741302542084,213,3,2,267,9,0,1,2722.370651271042,2023,6,8,1,544.4741302542084,1,1,1,0,1
1,5,499.2051059161038,544,1,0,567,7,1,2,2496.025529580519,2023,2,11,4,499.20510591610383,1,0,1,0,1
0,5,404.66315196795756,373,1,3,485,6,0,2,2023.315759839788,2024,6,17,3,404.6631519679576,1,0,1,0,1
1,5,509.5655165468646,116,4,0,515,6,0,2,2547.827582734323,2023,9,17,2,509.5655165468646,1,1,1,0,1
1,5,536.9472774251733,197,3,3,297,9,0,1,2684.7363871258667,2023,6,6,1,536.9472774251733,1,1,1,0,1
2,5,207.77198583023912,289,1,2,158,6,0,1,1038.8599291511955,2023,2,16,3,207.77198583023912,1,0,1,0,1
3,5,550.2932175023263,226,3,2,244,9,0,1,2751.4660875116315,2024,5,10,1,550.2932175023263,1,1,1,0,1
3,5,359.4062480301979,205,1,2,1071,6,0,1,1797.0312401509893,2023,8,16,5,359.4062480301979,1,0,1,1,1
2,5,485.48731998465615,112,2,1,531,7,0,2,2427.436599923281,2023,6,12,2,485.48731998465615,1,0,1,0,1
1,5,536.915287088148,197,3,3,297,9,0,1,2684.57643544074,2023,6,6,1,536.915287088148,1,1,1,0,1
3,5,579.2522207650694,595,2,3,363,7,0,2,2896.2611038253467,2023,1,7,1,579.2522207650694,1,1,1,0,1
2,5,518.6419831927842,155,3,0,490,6,0,2,2593.209915963921,2023,8,19,1,518.6419831927842,1,1,1,0,1
1,5,223.28602581395103,379,2,3,528,10,0,3,1116.4301290697554,2023,4,11,1,223.28602581395103,1,0,1,0,1
3,4,609.1470390314423,397,1,3,606,6,0,2,2539.8550344150094,2023,5,25,2,609.1470390314423,1,0,1,0,1
5,5,578.1757112561422,236,1,2,415,8,1,2,2890.8785562807116,2024,3,16,2,578.1757112561422,1,1,1,0,1
5,5,572.1731973122719,278,1,2,369,8,1,3,2860.8659865613595,2023,2,20,2,572.1731973122719,1,1,1,0,1
2,5,508.6205883961606,53,0,2,408,7,1,1,2543.102941980803,2023,4,7,5,508.6205883961606,1,1,1,0,1
5,5,545.9035998719968,273,1,0,427,7,0,0,2729.517999359984,2023,2,25,1,545.9035998719969,1,1,1,0,1
2,4,618.2213859392115,336,2,0,609,8,1,2,2506.734321557057,2025,2,24,1,618.2213859392116,1,0,1,0,1
5,5,550.7583686094713,294,1,0,415,7,0,0,2753.791843047357,2024,2,26,1,550.7583686094714,1,1,1,0,1
1,5,215.81972999222756,431,1,3,505,9,1,2,1079.0986499611379,2023,3,10,1,215.81972999222756,1,0,1,0,1
0,5,647.657129582698,471,1,0,741,10,1,4,3238.28564791349,2024,7,19,0,647.657129582698,1,1,1,0,1
3,5,272.8609949103056,108,1,0,104,7,1,1,1364.304974551528,2024,5,20,1,272.8609949103056,1,0,1,0,1
3,5,464.9459140285695,163,1,3,592,9,2,1,2324.7295701428475,2024,2,9,3,464.9459140285695,1,0,1,0,1
2,5,672.190377793077,269,2,1,388,6,1,1,3360.9518889653855,2023,4,5,1,672.1903777930771,1,1,1,0,1
2,4,613.9090485991863,353,2,0,648,7,1,3,2555.6682742268417,2024,2,24,1,613.9090485991863,1,1,1,0,1
4,5,342.08459590047687,233,1,3,876,6,0,1,1710.4229795023844,2023,9,21,5,342.08459590047687,1,0,1,0,1
3,5,645.4186743092386,454,0,2,160,8,2,0,3227.0933715461924,2023,3,15,3,645.4186743092386,1,1,1,0,1
2,4,573.4186611276228,236,2,0,805,8,1,2,2528.8638561460107,2024,2,20,1,573.4186611276228,1,1,1,0,1
3,4,599.7908557977133,358,1,2,473,6,1,3,2734.808932106696,2023,8,17,2,599.7908557977132,1,1,1,0,1
0,5,655.6955430984597,543,1,0,907,10,0,3,3278.477715492298,2024,6,21,1,655.6955430984597,1,1,1,0,1
3,5,251.73830300876088,39,1,0,286,9,0,2,1258.6915150438044,2023,5,22,3,251.73830300876088,1,0,1,0,1
2,5,674.7975260705776,248,2,0,330,7,2,0,3373.987630352888,2023,5,5,1,674.7975260705778,1,1,1,0,1
2,5,647.8373416039593,61,2,4,53,8,1,3,3239.186708019797,2023,6,25,3,647.8373416039593,1,1,1,0,1
2,5,659.8100048179009,412,2,1,954,9,0,3,3299.0500240895044,2023,4,25,2,659.8100048179009,1,1,1,0,1
2,5,678.1866624423961,443,3,2,299,7,0,1,3390.93331221198,2023,5,6,1,678.186662442396,1,1,1,0,1
1,5,224.5652033410096,552,1,2,932,7,0,1,1122.826016705048,2023,8,4,4,224.56520334100964,1,0,1,0,1
2,5,502.7635893976039,115,3,1,516,6,0,2,2513.8179469880197,2023,9,16,2,502.7635893976039,1,0,1,0,1
2,5,221.95151199365506,265,1,2,136,6,1,1,1109.7575599682752,2023,2,16,2,221.95151199365506,1,0,1,0,1
3,5,644.5174824572568,19,2,2,83,7,1,1,3222.5874122862842,2023,4,26,1,644.5174824572568,1,1,1,0,1
4,5,658.6860289745615,533,1,3,256,8,0,2,3293.4301448728074,2023,2,20,1,658.6860289745615,1,1,1,0,1
2,5,611.4138751126159,9,2,4,43,6,1,3,3057.0693755630796,2023,9,25,2,611.4138751126159,1,1,1,0,1
2,5,630.2062018259699,13,2,3,68,6,1,1,3151.0310091298493,2023,6,26,1,630.2062018259699,1,1,1,0,1
2,5,233.68275801310918,129,1,1,254,8,0,2,1168.413790065546,2023,4,20,3,233.68275801310918,1,0,1,0,1
2,5,496.73777293088943,114,3,1,521,7,0,2,2483.6888646544476,2023,8,15,2,496.73777293088943,1,0,1,0,1
1,5,487.3210067426522,86,0,2,304,8,1,1,2436.6050337132606,2023,5,6,5,487.3210067426522,1,0,1,1,1
2,4,569.2338509299761,219,3,0,557,6,0,3,2533.8270466384647,2023,6,21,1,569.2338509299761,1,1,1,0,1
1,5,397.3938356221742,330,1,3,454,6,0,2,1986.9691781108709,2024,6,17,3,397.3938356221742,1,0,1,0,1
2,5,508.8079813699303,65,0,2,428,7,1,1,2544.0399068496513,2023,5,9,5,508.8079813699303,1,1,1,0,1
2,4,594.6171981582228,404,1,0,569,7,2,3,2542.7149607372075,2024,1,19,2,594.6171981582228,1,1,1,0,1
2,5,656.2729078087182,412,2,2,977,9,0,3,3281.364539043591,2023,4,25,3,656.2729078087182,1,1,1,0,1
4,5,660.5433757805328,63,1,1,267,8,1,0,3302.7168789026637,2023,5,28,4,660.5433757805328,1,1,1,0,1
3,5,657.1896357155954,534,1,3,248,8,1,1,3285.9481785779767,2023,1,19,1,657.1896357155954,1,1,1,0,1
2,5,635.7421991596027,44,2,4,49,7,1,3,3178.7109957980138,2023,7,25,3,635.7421991596027,1,1,1,0,1
1,5,517.1331328335365,104,1,3,373,8,1,1,2585.6656641676823,2023,5,6,4,517.1331328335365,1,1,1,0,1
0,5,67.73821804784406,195,1,3,737,9,1,1,338.69109023922033,2023,6,23,0,67.73821804784406,1,0,1,0,1
4,5,587.6278702664173,594,2,3,368,7,0,1,2938.1393513320863,2023,1,9,1,587.6278702664173,1,1,1,0,1
5,5,627.3667463621356,572,1,2,319,8,0,0,3136.833731810678,2024,1,18,1,627.3667463621356,1,1,1,0,1
3,5,102.52438387250453,107,1,3,501,9,0,1,512.6219193625227,2024,4,17,2,102.52438387250453,1,0,1,0,1
0,5,421.05426399915194,223,1,2,149,8,0,1,2105.2713199957598,2023,7,8,4,421.05426399915194,1,0,1,0,1
0,5,640.5804981001698,284,1,0,585,10,1,4,3202.902490500849,2024,6,19,1,640.5804981001698,1,1,1,0,1
5,5,559.2922010333548,258,3,0,243,8,0,0,2796.461005166774,2024,4,15,1,559.2922010333549,1,1,1,0,1
3,5,564.5022939210822,315,2,1,329,7,0,2,2822.5114696054106,2024,8,11,2,564.5022939210821,1,1,1,0,1
5,5,630.8709192857089,204,1,2,1150,9,1,3,3154.354596428544,2023,10,28,3,630.8709192857089,1,1,1,0,1
2,5,655.3139717459985,71,2,4,55,8,1,3,3276.5698587299926,2023,5,25,3,655.3139717459985,1,1,1,0,1
3,5,571.4332048582105,290,1,1,425,6,0,2,2857.1660242910525,2024,8,9,3,571.4332048582105,1,1,1,0,1
5,5,624.1983348793132,144,1,3,1173,9,2,3,3120.9916743965655,2023,10,26,3,624.1983348793132,1,1,1,0,1
1,5,523.2090018365882,142,2,3,350,9,0,1,2616.0450091829407,2023,6,5,3,523.2090018365882,1,1,1,0,1
3,4,591.2073952255582,410,1,3,615,6,0,2,2514.686827924814,2023,5,24,2,591.2073952255582,1,0,1,0,1
2,5,106.97264709092289,397,1,1,382,9,0,1,534.8632354546145,2024,7,9,1,106.97264709092289,1,0,1,0,1
4,4,644.2041976507819,359,1,3,588,6,1,3,2576.8167906031276,2023,5,27,1,644.2041976507819,1,1,1,0,1
5,5,124.87197204741238,118,1,2,238,9,0,1,624.3598602370619,2024,5,14,4,124.87197204741238,1,0,1,0,1
5,5,144.78116028355387,110,1,2,253,9,0,1,723.9058014177693,2024,4,11,4,144.78116028355387,1,0,1,0,1
4,5,557.3879638409053,241,3,1,216,9,0,1,2786.9398192045264,2024,5,11,1,557.3879638409053,1,1,1,0,1
3,5,199.22504282421272,168,1,2,144,6,0,1,996.1252141210637,2023,7,23,3,199.22504282421272,1,0,1,0,1
5,5,623.7648457887367,581,1,2,350,8,0,0,3118.8242289436835,2024,1,19,1,623.7648457887367,1,1,1,0,1
2,4,652.586169159262,596,1,4,924,7,1,3,2610.344676637048,2023,9,9,0,652.586169159262,1,1,1,0,1
1,5,522.5259088147284,138,1,3,353,9,0,1,2612.6295440736417,2023,5,5,3,522.5259088147284,1,1,1,0,1
4,5,634.3829291936353,232,1,2,1126,9,1,3,3171.914645968176,2023,9,27,3,634.3829291936353,1,1,1,0,1
2,5,500.80118303645946,60,0,3,428,8,2,1,2504.005915182297,2024,3,7,5,500.80118303645946,1,0,1,0,1
2,5,246.5718691205235,28,1,0,444,9,0,2,1232.8593456026176,2023,6,19,4,246.5718691205235,1,0,1,0,1
3,4,682.3294172366765,397,1,1,590,8,1,3,2729.317668946706,2024,7,13,1,682.3294172366765,1,1,1,0,1
3,5,575.1276683761382,250,1,1,445,6,0,1,2875.6383418806913,2024,8,8,3,575.1276683761382,1,1,1,0,1
0,5,421.76822158471896,301,1,0,266,7,0,2,2108.841107923595,2023,1,24,2,421.76822158471896,1,0,1,0,1
3,4,635.3423356743186,337,1,1,598,7,1,3,2541.3693426972745,2024,3,25,1,635.3423356743186,1,1,1,0,1
3,5,605.2761912554622,181,1,1,515,8,0,1,3026.380956277311,2024,6,11,3,605.2761912554622,1,1,1,0,1
5,5,640.1003525689754,328,2,2,515,6,0,1,3200.501762844877,2023,2,22,3,640.1003525689754,1,1,1,0,1
4,4,676.7097951887333,396,1,2,586,7,1,3,2706.8391807549333,2023,7,17,2,676.7097951887333,1,1,1,0,1
3,5,588.989740103052,78,3,2,1112,10,1,3,2944.9487005152596,2023,2,14,0,588.989740103052,1,1,1,0,1
0,5,196.80536401252226,420,1,2,788,7,1,2,984.0268200626113,2023,9,20,3,196.80536401252226,1,0,1,0,1
2,5,482.8831228268481,112,2,2,533,8,1,1,2414.4156141342405,2024,6,12,3,482.8831228268481,1,0,1,0,1
1,5,232.72543355950899,142,1,2,1020,7,0,1,1163.627167797545,2023,10,2,4,232.72543355950899,1,0,1,0,1
2,5,513.8875089454125,168,3,0,1079,9,0,2,2569.4375447270622,2023,5,12,0,513.8875089454125,1,1,1,0,1
3,5,582.3057355676508,594,2,3,365,7,0,2,2911.528677838254,2023,1,8,1,582.3057355676508,1,1,1,0,1
4,5,655.6617638633129,118,1,0,201,8,1,0,3278.3088193165645,2024,7,28,5,655.6617638633129,1,1,1,1,1
4,5,666.3066834114403,288,1,0,916,7,1,4,3331.533417057202,2023,9,29,0,666.3066834114403,1,1,1,0,1
1,5,441.4162631238006,154,1,2,216,10,0,1,2207.081315619003,2023,6,5,4,441.4162631238006,1,0,1,0,1
0,4,536.3353460896105,543,1,2,790,8,0,1,2441.7310675106282,2024,6,13,1,536.3353460896105,1,0,1,0,1
4,5,475.44428910499454,301,1,2,682,8,1,1,2377.2214455249728,2023,2,16,3,475.44428910499454,1,0,1,0,1
3,5,658.5654608738205,25,2,2,99,7,1,0,3292.827304369103,2023,2,27,1,658.5654608738205,1,1,1,0,1
2,5,71.58780156408604,621,2,1,770,8,0,3,357.93900782043016,2024,2,7,3,71.58780156408604,1,0,1,0,1
3,5,652.2733894990001,534,0,3,223,8,1,1,3261.3669474950007,2023,1,16,2,652.2733894990001,1,1,1,0,1
2,4,645.6699586102043,620,1,3,966,7,1,3,2619.526211464382,2024,9,8,0,645.6699586102043,1,1,1,0,1
4,4,662.1523969456599,383,1,3,585,6,1,3,2648.6095877826397,2023,6,22,2,662.1523969456599,1,1,1,0,1
4,5,672.9211996604791,513,3,3,310,8,0,2,3364.6059983023956,2023,3,21,0,672.921199660479,1,1,1,0,1
2,5,659.3108253297942,422,2,1,957,9,0,3,3296.5541266489713,2023,4,25,2,659.3108253297942,1,1,1,0,1
0,5,68.854422001909,434,1,0,648,7,1,1,344.272110009545,2023,8,12,1,68.854422001909,1,0,1,0,1
2,5,625.9793807841734,30,2,4,47,7,1,3,3129.896903920867,2023,8,25,2,625.9793807841734,1,1,1,0,1
4,5,573.2092177090904,402,1,2,367,7,1,3,2866.0460885454518,2023,1,14,2,573.2092177090904,1,1,1,0,1
1,5,213.10395016506376,572,1,2,921,8,0,1,1065.5197508253189,2023,7,4,4,213.10395016506376,1,0,1,0,1
1,5,221.91248901787054,498,1,2,944,7,0,1,1109.5624450893529,2023,8,3,4,221.91248901787057,1,0,1,0,1
5,4,554.4506639138988,297,1,0,420,8,0,0,2753.8835612022044,2024,2,26,1,554.4506639138989,1,1,1,0,1
0,5,90.63305382573408,567,1,1,437,8,0,1,453.1652691286704,2023,9,9,0,90.63305382573408,1,0,1,0,1
5,5,554.5328583094764,308,1,0,411,7,0,0,2772.664291547382,2024,4,22,1,554.5328583094764,1,1,1,0,1
1,5,221.51600880250317,404,2,3,543,10,0,3,1107.5800440125158,2023,4,10,1,221.51600880250317,1,0,1,0,1
3,5,663.5776484017339,360,1,0,906,7,1,4,3317.8882420086693,2023,9,27,0,663.5776484017339,1,1,1,0,1
4,4,691.8281756758126,410,1,2,587,8,1,3,2767.3127027032506,2023,8,11,2,691.8281756758126,1,1,1,0,1
5,5,551.0204814580312,295,1,0,415,7,0,0,2755.1024072901564,2024,2,26,1,551.0204814580313,1,1,1,0,1
3,5,648.1555848118951,345,2,2,1032,9,0,3,3240.777924059475,2023,6,26,3,648.1555848118951,1,1,1,0,1
4,5,563.7228722439575,298,2,1,296,7,0,1,2818.614361219787,2024,7,11,1,563.7228722439573,1,1,1,0,1
0,5,401.00467254871563,310,1,3,353,6,0,2,2005.023362743578,2023,7,15,3,401.00467254871563,1,0,1,0,1
3,4,592.3058110019172,356,1,1,456,6,1,3,2756.016257843313,2023,8,15,2,592.305811001917,1,1,1,0,1
2,4,592.195920620251,548,2,1,902,6,1,3,2669.7471684854095,2024,8,16,1,592.1959206202511,1,1,1,0,1
3,5,625.0077322719181,341,0,0,1043,9,0,1,3125.03866135959,2023,8,21,2,625.0077322719181,1,1,1,0,1
5,5,626.0643163948271,164,1,2,1183,9,1,3,3130.3215819741354,2023,11,28,3,626.0643163948271,1,1,1,0,1
2,5,480.7884840933329,84,0,3,489,9,2,1,2403.9424204666643,2024,3,7,4,480.7884840933329,1,0,1,0,1
4,5,109.84933178164435,147,1,2,173,8,0,1,549.2466589082218,2024,7,19,4,109.84933178164435,1,0,1,0,1
1,5,251.3188548747994,51,1,3,1038,6,0,1,1256.594274373997,2023,10,5,5,251.3188548747994,1,0,1,1,1
3,5,671.1519675221226,480,3,3,268,8,0,1,3355.7598376106125,2023,4,8,2,671.1519675221225,1,1,1,0,1
4,4,643.0807727566217,356,1,2,590,6,1,3,2572.323091026487,2023,4,27,1,643.0807727566217,1,1,1,0,1
3,5,269.76851985718736,140,1,0,54,6,1,1,1348.8425992859368,2024,5,18,1,269.76851985718736,1,0,1,0,1
2,5,505.50708110475273,115,3,1,514,6,0,2,2527.5354055237635,2023,9,17,2,505.50708110475273,1,0,1,0,1
3,5,163.03327658396972,179,1,1,112,6,0,1,815.1663829198485,2023,9,25,3,163.03327658396972,1,0,1,0,1
1,5,54.27642699274404,155,1,2,842,7,1,1,271.3821349637202,2023,6,22,1,54.27642699274404,1,0,1,0,1
5,5,571.1529156956539,274,1,1,324,8,1,3,2855.764578478269,2024,2,18,1,571.1529156956539,1,1,1,0,1
4,4,640.045786629974,376,1,3,588,6,0,2,2583.2040589699563,2023,5,27,2,640.045786629974,1,0,1,0,1
0,5,89.5272462377801,521,1,1,390,8,0,1,447.6362311889005,2023,9,12,0,89.5272462377801,1,0,1,0,1
3,5,574.0206369911735,262,1,1,439,6,0,1,2870.103184955867,2024,8,8,3,574.0206369911734,1,1,1,0,1
3,4,570.7408571733162,351,1,1,407,6,1,3,2817.116092622537,2023,9,11,2,570.740857173316,1,1,1,0,1
1,5,521.1680454809853,154,3,2,404,8,0,1,2605.8402274049267,2023,8,10,2,521.1680454809853,1,1,1,0,1
3,5,656.2885599951219,510,1,3,220,8,1,1,3281.442799975609,2023,2,10,2,656.2885599951219,1,1,1,0,1
2,5,508.9836184539831,76,1,2,447,7,1,1,2544.9180922699156,2023,6,11,4,508.9836184539831,1,1,1,0,1
1,5,515.0560775909029,134,3,1,460,7,0,2,2575.280387954515,2023,9,14,2,515.0560775909029,1,1,1,0,1
2,4,627.9366489210475,319,1,0,600,8,2,2,2519.8954037083013,2024,2,24,1,627.9366489210475,1,1,1,0,1
5,5,650.0868925221567,230,1,1,1026,7,1,3,3250.434462610784,2023,10,29,1,650.0868925221567,1,1,1,0,1
5,5,140.23349331704623,110,1,2,259,9,0,1,701.1674665852312,2024,4,12,3,140.23349331704623,1,0,1,0,1
1,5,507.04307152121,557,1,0,537,6,1,2,2535.2153576060505,2023,1,10,5,507.04307152121004,1,0,1,0,1
3,5,474.3645010020534,331,1,2,682,8,1,1,2371.822505010267,2023,2,16,3,474.3645010020534,1,0,1,0,1
2,5,514.3926470079891,171,3,0,1082,9,0,2,2571.9632350399456,2023,5,12,0,514.3926470079891,1,1,1,0,1
1,5,481.8031788714055,95,0,2,278,8,1,1,2409.0158943570277,2023,5,6,5,481.8031788714055,1,0,1,1,1
0,5,438.77390552595193,372,2,0,418,7,0,2,2193.8695276297594,2023,2,22,2,438.77390552595193,1,0,1,0,1
3,5,462.28449607003535,133,1,3,570,9,2,1,2311.4224803501766,2024,2,8,3,462.28449607003535,1,0,1,0,1
4,5,674.2706817057853,501,3,3,305,8,0,2,3371.3534085289257,2023,4,17,0,674.2706817057851,1,1,1,0,1
5,5,665.501337661758,272,1,1,926,7,1,3,3327.50668830879,2023,10,29,0,665.501337661758,1,1,1,0,1
0,5,429.78465295372894,201,1,1,82,9,0,1,2148.9232647686445,2023,6,8,4,429.78465295372894,1,0,1,0,1
4,5,562.0830196590838,263,3,1,225,8,0,1,2810.415098295419,2024,5,12,1,562.0830196590838,1,1,1,0,1
1,5,67.030085450764,133,1,3,632,8,0,1,335.15042725382,2023,7,26,1,67.030085450764,1,0,1,0,1
2,5,619.8042422290914,8,2,3,56,6,1,2,3099.021211145457,2023,8,25,1,619.8042422290914,1,1,1,0,1
2,5,652.5919142689104,160,1,0,85,8,1,0,3262.9595713445515,2023,9,26,5,652.5919142689104,1,1,1,0,1
4,5,660.550199706537,72,1,1,238,9,1,1,3302.750998532685,2023,5,28,4,660.550199706537,1,1,1,0,1
1,5,644.226428553945,560,0,0,923,9,0,2,3221.1321427697244,2023,9,20,1,644.226428553945,1,1,1,0,1
3,5,673.6883006954941,475,3,3,276,8,0,1,3368.44150347747,2023,5,7,2,673.688300695494,1,1,1,0,1
2,5,629.081028870976,495,1,0,65,9,0,0,3145.4051443548797,2023,3,9,5,629.081028870976,1,1,1,0,1
4,5,475.3611079877487,304,1,2,682,8,1,1,2376.8055399387436,2023,2,16,3,475.3611079877487,1,0,1,0,1
2,5,478.7132922614702,86,0,3,496,9,2,1,2393.566461307351,2024,3,7,4,478.7132922614702,1,0,1,0,1
4,5,472.7332545703333,251,1,3,655,8,2,1,2363.6662728516667,2023,2,14,3,472.7332545703333,1,0,1,0,1
2,5,227.75351403601542,168,1,1,232,7,0,1,1138.767570180077,2023,3,19,3,227.75351403601542,1,0,1,0,1
2,5,455.5978269233761,131,1,2,519,9,1,1,2277.98913461688,2024,2,9,3,455.5978269233761,1,0,1,0,1
4,5,313.8782664096688,232,1,3,948,6,0,1,1569.391332048344,2023,9,20,5,313.8782664096688,1,0,1,0,1
4,5,643.081196767921,48,1,1,216,8,1,1,3215.405983839605,2023,7,27,4,643.081196767921,1,1,1,0,1
1,5,86.95257964902696,416,1,1,279,7,0,1,434.7628982451348,2023,10,18,2,86.95257964902696,1,0,1,0,1
3,4,537.7164904940148,203,2,0,987,9,0,3,2562.275937616066,2023,5,14,0,537.7164904940148,1,1,1,0,1
0,5,444.56918720605427,395,2,0,470,7,0,2,2222.8459360302713,2023,2,21,2,444.5691872060543,1,0,1,0,1
4,5,666.2844022352866,286,2,1,920,7,0,3,3331.4220111764334,2023,9,29,0,666.2844022352866,1,1,1,0,1
2,4,573.4976409053575,421,1,2,625,7,0,2,2489.841142110515,2023,5,23,2,573.4976409053576,1,0,1,0,1
2,5,203.08950416082394,204,1,2,146,6,0,1,1015.4475208041197,2023,6,21,3,203.08950416082394,1,0,1,0,1
2,5,618.2595477540494,8,2,3,54,6,1,2,3091.297738770247,2023,8,25,1,618.2595477540494,1,1,1,0,1
0,4,518.5931093114971,440,2,0,659,8,0,1,2397.474755870705,2025,3,19,2,518.5931093114972,1,0,1,0,1
0,5,78.12376160931058,367,1,2,608,9,1,1,390.6188080465529,2023,7,16,0,78.12376160931058,1,0,1,0,1
0,5,64.60841963734258,42,1,2,1067,8,1,3,323.0420981867129,2024,2,1,3,64.60841963734258,1,0,1,0,1
3,5,569.1754090573764,574,1,3,363,7,0,2,2845.8770452868825,2023,1,5,1,569.1754090573766,1,1,1,0,1
3,5,219.91054315608633,115,2,1,207,7,0,1,1099.5527157804318,2023,7,23,3,219.91054315608633,1,0,1,0,1
3,5,240.67144103311455,96,2,0,213,8,0,2,1203.3572051655729,2023,6,18,4,240.67144103311455,1,0,1,0,1
3,5,656.2357166414348,116,1,0,96,8,1,0,3281.178583207174,2023,6,27,4,656.2357166414348,1,1,1,0,1
3,4,655.915518516512,393,1,1,532,8,1,3,2788.763509996023,2024,9,10,2,655.915518516512,1,1,1,0,1
2,5,623.6803190865207,27,2,4,46,6,1,3,3118.4015954326037,2023,8,25,2,623.6803190865207,1,1,1,0,1
0,5,426.11867508004605,202,1,2,97,9,0,1,2130.59337540023,2023,7,6,4,426.11867508004605,1,0,1,0,1
1,5,243.53407829840756,487,1,2,944,7,0,1,1217.6703914920379,2023,8,7,4,243.53407829840756,1,0,1,0,1
0,5,63.454459199056856,42,1,1,1065,7,2,3,317.27229599528425,2023,2,1,3,63.454459199056856,1,0,1,0,1
2,5,659.8751576069468,456,1,0,892,8,1,4,3299.3757880347343,2023,8,24,0,659.8751576069468,1,1,1,0,1
2,5,612.4233718378065,11,2,4,43,6,1,3,3062.1168591890323,2023,9,25,2,612.4233718378065,1,1,1,0,1
2,5,666.5026523439657,124,2,3,131,8,1,2,3332.5132617198283,2023,5,20,3,666.5026523439657,1,1,1,0,1
0,5,91.4813714493858,572,1,1,447,9,0,1,457.40685724692906,2024,8,9,0,91.4813714493858,1,0,1,0,1
4,5,662.8101247987576,270,2,0,864,7,1,4,3314.050623993788,2023,9,28,0,662.8101247987576,1,1,1,0,1
2,5,641.077504034852,538,0,0,941,9,0,2,3205.38752017426,2023,9,21,2,641.077504034852,1,1,1,0,1
1,5,85.22060412958695,345,1,1,204,7,0,2,426.1030206479347,2023,10,21,3,85.22060412958695,1,0,1,0,1
2,4,636.7976894348495,415,1,1,714,8,2,3,2547.190757739398,2024,4,19,0,636.7976894348495,1,1,1,0,1
4,5,171.1836367006424,140,1,2,199,7,0,1,855.918183503212,2023,6,18,3,171.1836367006424,1,0,1,0,1
4,4,647.6362723304352,373,1,3,583,6,1,3,2595.6117622509582,2023,5,27,2,647.6362723304352,1,1,1,0,1
1,5,516.0994323256325,137,3,1,450,7,0,2,2580.4971616281628,2023,9,13,2,516.0994323256325,1,1,1,0,1
2,4,571.8607106991808,223,2,0,559,7,1,3,2533.2073435607417,2024,5,21,1,571.8607106991808,1,1,1,0,1
0,5,90.10987087788463,545,1,1,415,8,0,1,450.54935438942323,2023,9,10,0,90.10987087788463,1,0,1,0,1
3,5,295.6677611806018,137,1,3,1016,6,0,1,1478.338805903009,2023,10,14,5,295.6677611806018,1,0,1,1,1
3,5,570.4689258549993,587,1,3,360,6,1,3,2852.3446292749964,2023,1,4,2,570.4689258549993,1,1,1,0,1
2,5,647.2468304257482,161,1,0,87,7,1,0,3236.2341521287403,2023,10,26,5,647.2468304257482,1,1,1,0,1
4,5,654.9025113852524,516,3,2,328,8,0,0,3274.512556926262,2023,4,12,1,654.9025113852523,1,1,1,0,1
2,5,654.7845459060869,435,2,1,967,9,0,2,3273.9227295304345,2023,4,24,3,654.7845459060869,1,1,1,0,1
2,5,509.01813456022103,79,1,2,450,7,1,1,2545.090672801105,2023,6,11,4,509.01813456022103,1,1,1,0,1
3,5,184.8301870803569,236,1,3,195,7,0,1,924.1509354017844,2023,2,14,3,184.8301870803569,1,0,1,0,1
3,4,642.4490203551545,341,1,0,600,8,1,3,2569.796081420618,2024,3,22,1,642.4490203551545,1,1,1,0,1
4,5,660.4364402156373,72,1,1,248,9,1,1,3302.1822010781866,2023,5,28,4,660.4364402156373,1,1,1,0,1
3,5,653.0295848093526,150,1,0,93,8,1,0,3265.147924046763,2023,8,27,5,653.0295848093526,1,1,1,0,1
4,5,662.8201479968727,294,1,0,928,7,0,3,3314.100739984364,2023,10,29,0,662.8201479968727,1,1,1,0,1
3,4,568.1676705575369,245,1,1,585,8,2,2,2439.9636672051383,2025,2,18,2,568.1676705575369,1,0,1,0,1
1,5,224.65250294031745,408,1,2,963,7,0,1,1123.2625147015874,2023,8,3,4,224.65250294031745,1,0,1,0,1
1,5,639.4648883485797,232,1,0,538,9,1,3,3197.3244417428987,2024,6,19,2,639.4648883485797,1,1,1,0,1
5,4,556.9458710514823,298,1,0,426,7,0,0,2743.3368439674045,2023,2,27,1,556.9458710514824,1,1,1,0,1
4,5,475.1283340054702,278,1,3,675,8,2,1,2375.641670027351,2023,2,15,3,475.1283340054702,1,0,1,0,1
0,5,197.49015169553755,547,2,3,606,9,1,3,987.4507584776877,2023,5,19,1,197.49015169553752,1,0,1,0,1
4,5,538.434357263689,223,0,0,412,8,0,0,2692.1717863184454,2024,2,21,2,538.4343572636891,1,1,1,0,1
2,5,613.7792770980452,13,2,4,43,6,1,3,3068.896385490226,2023,9,25,2,613.7792770980452,1,1,1,0,1
4,5,663.1776451037371,40,1,1,160,8,1,0,3315.888225518686,2023,3,28,2,663.1776451037371,1,1,1,0,1
2,5,523.4294718756523,558,1,0,563,6,1,3,2617.147359378262,2023,2,11,5,523.4294718756524,1,1,1,0,1
3,5,70.3238232723123,188,1,1,703,7,1,2,351.6191163615615,2023,6,14,3,70.3238232723123,1,0,1,0,1
2,5,243.02365682277795,109,2,0,360,10,0,3,1215.1182841138898,2023,5,20,3,243.02365682277795,1,0,1,0,1
1,5,640.4864175163974,224,1,0,525,9,1,3,3202.432087581987,2024,6,19,2,640.4864175163974,1,1,1,0,1
3,4,579.4114553452828,356,1,1,417,6,1,3,2824.1746858773136,2024,9,10,2,579.4114553452827,1,1,1,0,1
5,5,627.2231691180542,294,0,1,1107,9,1,2,3136.1158455902705,2023,11,26,4,627.2231691180542,1,1,1,0,1
4,5,658.1819286397576,89,1,0,258,8,1,0,3290.9096431987878,2024,6,28,5,658.1819286397576,1,1,1,1,1
1,5,660.3567523213596,249,2,0,446,8,2,2,3301.7837616067986,2023,5,9,1,660.3567523213597,1,1,1,0,1
1,5,211.47047054248017,355,1,3,308,7,1,1,1057.352352712401,2023,2,13,2,211.47047054248017,1,0,1,0,1
1,5,472.1703646259871,111,0,2,232,8,1,1,2360.8518231299354,2023,5,6,5,472.1703646259871,1,0,1,1,1
4,5,644.5771632779465,354,2,2,638,7,0,2,3222.8858163897326,2024,2,23,3,644.5771632779465,1,1,1,0,1
3,5,675.0211240975725,455,3,2,309,7,0,1,3375.1056204878623,2023,5,8,2,675.0211240975725,1,1,1,0,1
3,5,642.4192197131499,538,0,2,192,8,1,0,3212.09609856575,2023,1,12,2,642.4192197131499,1,1,1,0,1
6,5,568.8323410280153,286,1,1,382,8,1,3,2844.1617051400767,2024,2,22,1,568.8323410280153,1,1,1,0,1
5,5,627.6934739621986,581,2,2,375,8,0,0,3138.467369810993,2024,1,21,0,627.6934739621986,1,1,1,0,1
5,4,626.7336856777872,360,1,3,596,6,1,2,2567.95935419159,2023,5,26,2,626.7336856777872,1,0,1,0,1
5,5,558.0850484929547,261,1,0,433,8,0,0,2790.425242464774,2024,2,22,1,558.0850484929548,1,1,1,0,1
0,5,468.68956249670566,488,1,1,683,8,0,1,2343.4478124835287,2024,3,16,3,468.6895624967058,1,0,1,0,1
3,5,652.2342216396405,396,2,2,811,8,0,2,3261.1711081982025,2024,3,24,3,652.2342216396405,1,1,1,0,1
3,5,667.505141886544,489,3,2,308,8,0,0,3337.52570943272,2023,5,9,1,667.5051418865439,1,1,1,0,1
3,4,605.636443903385,292,2,0,704,8,1,3,2530.7669238380204,2024,2,22,0,605.636443903385,1,1,1,0,1
5,5,566.0225995080833,261,2,1,258,8,0,2,2830.1129975404165,2024,3,15,1,566.0225995080833,1,1,1,0,1
5,4,562.1179311177349,329,1,3,633,7,1,1,2487.305473225068,2023,3,21,2,562.1179311177349,1,0,1,0,1
2,5,637.7647533757511,46,2,4,50,7,1,3,3188.8237668787556,2023,7,25,3,637.7647533757511,1,1,1,0,1
3,5,637.1723705984839,447,0,0,998,9,0,1,3185.8618529924192,2023,9,24,3,637.1723705984839,1,1,1,0,1
3,5,273.28255379462445,109,1,0,101,7,1,1,1366.4127689731222,2024,5,20,1,273.28255379462445,1,0,1,0,1
5,5,574.7747124299566,285,1,2,371,7,1,3,2873.873562149783,2023,1,20,2,574.7747124299566,1,1,1,0,1
5,5,131.71663714975142,105,1,2,267,9,0,1,658.5831857487572,2024,4,11,4,131.71663714975142,1,0,1,0,1
3,4,595.0370201430197,357,1,2,462,6,1,3,2748.2779418424893,2023,8,16,2,595.0370201430197,1,1,1,0,1
4,5,472.7952338508102,252,1,3,656,8,2,1,2363.976169254051,2023,2,14,3,472.7952338508102,1,0,1,0,1
3,5,226.5779003751986,158,1,1,108,6,0,1,1132.8895018759931,2023,7,22,2,226.5779003751986,1,0,1,0,1
0,5,652.4108493402755,596,1,0,845,10,1,4,3262.0542467013775,2024,7,19,0,652.4108493402755,1,1,1,0,1
1,5,509.23247644623365,55,0,3,402,8,1,1,2546.1623822311685,2023,4,6,5,509.23247644623365,1,1,1,0,1
3,5,504.6405563590416,202,2,1,980,9,0,2,2523.202781795208,2023,4,13,0,504.6405563590416,1,0,1,0,1
3,4,659.039124963279,364,1,0,596,8,1,3,2636.156499853116,2024,5,18,1,659.039124963279,1,1,1,0,1
1,5,234.1933235897791,94,1,2,1030,7,0,1,1170.9666179488956,2023,10,2,4,234.1933235897791,1,0,1,0,1
2,4,615.3347312347266,505,1,3,1004,8,1,3,2601.7377216371647,2023,8,8,0,615.3347312347266,1,1,1,0,1
2,5,206.38181032233985,264,1,2,155,6,0,1,1031.9090516116992,2023,3,18,3,206.38181032233985,1,0,1,0,1
0,5,424.474064085445,410,1,2,547,7,0,2,2122.370320427225,2024,5,17,3,424.47406408544504,1,0,1,0,1
3,5,182.16952596017026,229,1,3,199,7,0,1,910.8476298008512,2023,2,14,3,182.16952596017026,1,0,1,0,1
1,5,435.78662090276384,230,1,1,371,8,0,2,2178.9331045138188,2023,1,18,2,435.78662090276384,1,0,1,0,1
6,5,619.7651561598392,587,2,2,387,8,0,0,3098.8257807991963,2024,1,21,1,619.7651561598392,1,1,1,0,1
5,5,640.6286264265237,334,2,2,511,6,0,2,3203.1431321326186,2023,2,23,3,640.6286264265237,1,1,1,0,1
5,5,120.39128898202036,120,1,2,359,9,0,1,601.9564449101018,2024,4,11,3,120.39128898202036,1,0,1,0,1
4,5,627.5729308817455,331,0,1,1085,9,0,1,3137.8646544087273,2023,11,26,4,627.5729308817455,1,1,1,0,1
3,5,622.757285682254,274,1,1,1061,9,0,1,3113.7864284112698,2023,6,20,2,622.757285682254,1,1,1,0,1
3,5,668.7663377522392,485,2,3,260,8,0,1,3343.831688761196,2023,4,8,2,668.7663377522391,1,1,1,0,1
2,5,56.44618541230962,445,2,1,840,7,0,3,282.2309270615481,2024,4,11,3,56.44618541230962,1,0,1,0,1
1,5,92.30387840198165,637,1,2,781,8,0,2,461.5193920099082,2024,2,6,4,92.30387840198163,1,0,1,0,1
2,5,673.1496266172115,469,3,2,267,8,0,0,3365.7481330860574,2023,5,7,2,673.1496266172114,1,1,1,0,1
3,5,650.9727744893138,140,1,0,401,9,1,2,3254.8638724465686,2024,6,24,3,650.9727744893138,1,1,1,0,1
3,5,648.4567560383393,21,2,2,88,7,1,0,3242.2837801916967,2023,4,27,1,648.4567560383393,1,1,1,0,1
4,5,651.2848535062633,348,1,0,957,7,0,2,3256.4242675313167,2023,10,27,1,651.2848535062633,1,1,1,0,1
1,5,640.6447515747686,223,1,0,524,9,1,3,3203.223757873843,2024,6,19,2,640.6447515747686,1,1,1,0,1
2,5,539.0803574306163,203,2,3,336,9,0,1,2695.401787153082,2023,5,8,2,539.0803574306163,1,1,1,0,1
3,5,250.62125007658418,146,1,0,77,6,1,1,1253.106250382921,2024,6,21,1,250.62125007658418,1,0,1,0,1
3,5,238.0908450540253,117,2,0,182,7,0,1,1190.4542252701265,2023,6,17,4,238.0908450540253,1,0,1,0,1
1,5,514.9097329423669,133,3,1,461,7,0,2,2574.548664711834,2023,9,14,2,514.9097329423669,1,1,1,0,1
4,5,218.81979703257545,159,1,1,129,6,0,1,1094.0989851628772,2024,5,13,4,218.81979703257545,1,0,1,0,1
1,5,219.1121886670029,538,1,2,829,8,0,1,1095.5609433350146,2023,6,5,3,219.11218866700293,1,0,1,0,1
4,4,688.9074309092882,408,1,2,587,8,1,3,2755.629723637153,2023,8,12,2,688.9074309092882,1,1,1,0,1
4,5,481.99274295130624,257,1,2,651,7,1,1,2409.9637147565313,2023,3,16,2,481.99274295130624,1,0,1,0,1
2,4,601.3035380116576,274,2,0,581,7,1,3,2526.2614795613395,2024,3,23,1,601.3035380116576,1,1,1,0,1
1,5,220.25484143890878,553,1,2,932,7,0,1,1101.274207194544,2023,8,3,4,220.2548414389088,1,0,1,0,1
2,4,652.3662772595659,583,1,4,904,7,1,3,2609.4651090382636,2023,9,10,0,652.3662772595659,1,1,1,0,1
2,5,539.0012382666351,437,3,0,878,6,0,3,2695.006191333176,2023,6,22,1,539.0012382666353,1,1,1,0,1
3,5,642.6232863085045,300,2,2,1070,9,0,3,3213.116431542522,2023,7,26,3,642.6232863085045,1,1,1,0,1
0,5,429.1509368658794,208,1,1,96,9,0,1,2145.7546843293967,2023,6,9,4,429.1509368658794,1,0,1,0,1
3,5,632.6213804647865,450,0,0,1007,9,0,1,3163.1069023239324,2023,10,24,3,632.6213804647865,1,1,1,0,1
1,5,517.9235981448559,109,1,3,370,8,1,1,2589.617990724279,2023,5,6,4,517.9235981448559,1,1,1,0,1
2,5,509.0996691803904,84,2,1,459,6,0,2,2545.498345901952,2023,7,12,3,509.0996691803904,1,1,1,0,1
1,5,446.2304839368411,178,1,1,449,8,1,1,2231.152419684205,2024,2,13,3,446.2304839368411,1,0,1,0,1
5,5,580.5238347333758,202,1,2,445,8,0,1,2902.619173666879,2024,4,12,3,580.5238347333758,1,1,1,0,1
0,5,425.1768441549385,206,1,2,107,9,0,1,2125.8842207746925,2023,7,7,4,425.1768441549385,1,0,1,0,1
0,5,421.83639978435747,405,1,2,539,7,0,2,2109.1819989217875,2024,5,17,3,421.8363997843575,1,0,1,0,1
3,4,688.3294952697092,414,1,1,595,8,1,3,2769.9319840792023,2024,8,11,2,688.3294952697092,1,1,1,0,1
5,5,636.5095880571871,192,1,2,1115,8,1,3,3182.547940285935,2023,11,29,2,636.5095880571871,1,1,1,0,1
3,4,563.2978084103971,506,1,1,524,6,1,3,2593.7420310394755,2023,2,14,4,563.2978084103971,1,1,1,0,1
1,5,218.19419665092803,495,1,3,692,9,0,2,1090.9709832546403,2023,5,7,1,218.19419665092803,1,0,1,0,1
4,5,672.4353599448917,518,3,3,311,8,0,2,3362.1767997244583,2023,3,22,0,672.4353599448917,1,1,1,0,1
5,5,661.4564284328698,261,1,1,952,7,1,3,3307.282142164349,2023,10,29,0,661.4564284328698,1,1,1,0,1
3,5,231.10626771610757,171,1,1,109,6,1,1,1155.5313385805377,2023,5,14,3,231.10626771610757,1,0,1,0,1
3,5,439.14087719384344,247,1,1,954,8,0,2,2195.704385969217,2023,4,11,4,439.14087719384344,1,0,1,0,1
1,5,217.98471858886418,485,1,3,660,9,0,2,1089.923592944321,2023,4,7,1,217.9847185888642,1,0,1,0,1
2,5,463.7736791879958,109,1,2,549,9,1,1,2318.868395939979,2024,3,7,3,463.7736791879958,1,0,1,0,1
2,5,103.16928225642127,217,1,1,71,6,0,2,515.8464112821064,2023,10,27,4,103.16928225642127,1,0,1,0,1
2,5,529.4447439707599,334,3,0,959,7,0,3,2647.2237198537996,2023,6,18,1,529.4447439707599,1,1,1,0,1
3,5,652.232138377233,396,2,2,811,8,0,2,3261.1606918861653,2024,3,24,3,652.232138377233,1,1,1,0,1
3,5,565.2845746494012,332,1,1,363,6,0,2,2826.422873247006,2024,9,10,2,565.2845746494012,1,1,1,0,1
0,5,192.6906806535787,568,2,2,613,8,1,3,963.4534032678936,2023,6,21,2,192.69068065357868,1,0,1,0,1
3,5,667.9049498208211,85,2,1,170,7,1,0,3339.524749104106,2023,2,21,1,667.9049498208211,1,1,1,0,1
0,5,70.70142674255882,446,1,0,631,7,1,1,353.50713371279414,2023,8,12,1,70.70142674255882,1,0,1,0,1
5,5,577.6254643127177,243,1,2,408,8,1,2,2888.127321563589,2024,3,16,2,577.6254643127177,1,1,1,0,1
5,5,572.5666722058384,278,1,1,343,8,1,3,2862.8333610291916,2024,2,19,1,572.5666722058384,1,1,1,0,1
0,5,476.8976655830674,507,1,0,652,8,0,1,2384.4883279153373,2024,3,15,3,476.8976655830675,1,0,1,0,1
2,5,660.7168655207189,79,2,4,56,8,1,3,3303.5843276035944,2023,5,25,3,660.7168655207189,1,1,1,0,1
3,5,654.3012624171317,114,1,0,361,9,1,1,3271.5063120856585,2024,6,26,4,654.3012624171317,1,1,1,0,1
4,5,636.9972114940048,254,1,2,1108,9,1,3,3184.9860574700238,2023,9,27,3,636.9972114940048,1,1,1,0,1
4,5,647.3665934802416,532,2,2,340,8,0,0,3236.832967401208,2024,3,14,1,647.3665934802416,1,1,1,0,1
2,4,604.7337853501593,350,2,0,616,8,1,2,2491.9428443540787,2025,2,23,1,604.7337853501593,1,0,1,0,1
2,5,509.3876134514205,103,3,1,490,6,0,2,2546.938067257103,2023,8,15,2,509.3876134514205,1,1,1,0,1
2,5,629.8479634590387,35,2,4,48,7,1,3,3149.2398172951935,2023,7,25,2,629.8479634590387,1,1,1,0,1
0,5,163.02124713382102,640,1,1,614,8,1,2,815.106235669105,2023,8,28,2,163.02124713382096,1,0,1,0,1
0,5,447.5191890518275,151,0,2,115,9,0,1,2237.5959452591374,2023,7,5,5,447.5191890518275,1,0,1,1,1
0,5,67.45691634448796,95,1,1,1001,8,1,2,337.28458172243984,2024,2,1,2,67.45691634448796,1,0,1,0,1
2,4,572.8243647785233,522,3,1,879,6,1,3,2687.9402601225256,2024,7,19,1,572.8243647785234,1,1,1,0,1
5,5,641.5843991477045,322,2,1,511,6,1,1,3207.9219957385226,2023,2,21,3,641.5843991477045,1,1,1,0,1
4,5,468.5377902376963,204,1,3,621,8,2,1,2342.6889511884815,2023,2,11,3,468.5377902376963,1,0,1,0,1
5,5,562.3237782355541,252,3,1,210,8,0,1,2811.6188911777704,2024,4,13,1,562.3237782355541,1,1,1,0,1
4,5,324.08793473696505,192,1,3,1002,6,0,1,1620.4396736848255,2023,10,21,5,324.08793473696505,1,0,1,1,1
3,5,616.7655792270967,94,2,2,1108,9,1,2,3083.827896135484,2023,2,16,0,616.7655792270967,1,1,1,0,1
3,4,658.3821047527049,363,1,0,596,8,1,3,2633.5284190108196,2024,5,18,1,658.3821047527049,1,1,1,0,1
2,5,674.8334958897165,468,3,2,275,8,0,0,3374.167479448582,2023,5,7,2,674.8334958897165,1,1,1,0,1
5,5,572.0331187646027,304,1,1,379,7,1,3,2860.1655938230138,2024,4,17,2,572.0331187646027,1,1,1,0,1
5,5,573.1362559036593,197,2,2,350,8,0,0,2865.6812795182964,2024,5,9,2,573.1362559036593,1,1,1,0,1
2,5,608.3575203700273,10,1,3,44,6,1,2,3041.7876018501365,2023,10,25,2,608.3575203700273,1,1,1,0,1
2,5,644.1632305174757,149,1,0,83,7,1,0,3220.8161525873784,2023,10,26,5,644.1632305174757,1,1,1,0,1
0,5,216.84881144502108,462,2,3,578,9,1,3,1084.2440572251055,2023,4,9,1,216.84881144502108,1,0,1,0,1
5,5,561.1032819215093,251,3,0,207,8,0,0,2805.5164096075464,2024,4,13,1,561.1032819215093,1,1,1,0,1
3,5,232.06057707150575,167,1,0,107,6,1,1,1160.3028853575286,2024,5,14,3,232.06057707150575,1,0,1,0,1
3,5,676.5371442400171,470,3,3,285,8,0,1,3382.6857212000855,2023,5,7,2,676.537144240017,1,1,1,0,1
0,4,535.1356770805023,542,1,2,789,8,0,1,2439.9767903879497,2024,6,13,1,535.1356770805024,1,0,1,0,1
6,5,571.6055100808777,285,1,1,377,8,1,3,2858.0275504043884,2024,2,21,1,571.6055100808777,1,1,1,0,1
3,5,574.4326659451067,257,1,1,442,6,0,1,2872.1633297255335,2024,8,8,3,574.4326659451067,1,1,1,0,1
3,5,663.6719811294421,54,2,2,82,8,1,1,3318.359905647211,2023,3,27,2,663.6719811294421,1,1,1,0,1
1,5,440.34813958754796,207,1,1,405,8,0,2,2201.7406979377397,2023,1,16,2,440.34813958754796,1,0,1,0,1
0,5,452.82263788784604,429,2,0,544,8,0,1,2264.11318943923,2024,3,19,2,452.8226378878461,1,0,1,0,1
2,5,43.09834281989549,290,2,0,901,6,1,3,215.4917140994775,2023,7,15,3,43.09834281989549,1,0,1,0,1
4,5,324.9434112446245,194,1,3,1002,6,0,1,1624.7170562231227,2023,10,21,5,324.9434112446245,1,0,1,1,1
1,5,240.21680707222623,24,1,2,819,7,0,1,1201.0840353611313,2023,9,8,4,240.21680707222623,1,0,1,0,1
5,5,556.5686655910313,383,1,1,399,7,0,0,2782.8433279551564,2023,1,20,1,556.5686655910313,1,1,1,0,1
4,5,672.245734080231,477,3,3,327,7,0,2,3361.2286704011553,2023,3,21,0,672.245734080231,1,1,1,0,1
5,4,576.5441512806665,303,1,0,477,8,0,0,2677.0223775060317,2024,2,26,1,576.5441512806666,1,1,1,0,1
1,5,38.85317246115042,229,1,0,921,6,1,2,194.2658623057521,2023,7,17,2,38.85317246115042,1,0,1,0,1
2,5,664.2241930088412,98,2,3,85,8,1,2,3321.1209650442065,2023,5,23,3,664.2241930088412,1,1,1,0,1
1,5,219.01061497782905,533,1,2,814,8,0,1,1095.0530748891454,2023,6,5,3,219.01061497782908,1,0,1,0,1
3,5,638.0418863380463,147,2,2,1031,8,1,3,3190.2094316902317,2023,4,21,0,638.0418863380463,1,1,1,0,1
4,5,480.1681292824636,267,1,2,729,8,1,1,2400.840646412318,2023,2,16,3,480.1681292824636,1,0,1,0,1
1,5,627.4606419774727,246,1,0,515,9,2,4,3137.303209887364,2024,5,19,2,627.4606419774727,1,1,1,0,1
4,5,662.4939330767947,533,2,3,275,8,0,2,3312.4696653839737,2023,2,22,0,662.4939330767947,1,1,1,0,1
1,5,643.3327718898529,244,2,0,606,9,1,4,3216.6638594492647,2023,6,20,1,643.3327718898529,1,1,1,0,1
4,4,643.0529537093779,377,1,3,598,6,1,3,2602.295155388001,2023,6,27,2,643.0529537093779,1,1,1,0,1
0,5,428.43695725053465,217,1,1,111,9,0,1,2142.1847862526733,2023,5,11,4,428.43695725053465,1,0,1,0,1
3,5,643.670158163173,443,1,0,987,9,0,1,3218.3507908158654,2023,7,24,3,643.670158163173,1,1,1,0,1
3,5,666.8472170319158,142,1,1,321,8,1,1,3334.236085159579,2023,5,18,3,666.8472170319159,1,1,1,0,1
2,5,191.5904133870235,284,1,2,145,6,0,1,957.9520669351174,2023,3,17,3,191.5904133870235,1,0,1,0,1
1,5,475.569889516526,105,0,2,248,8,1,1,2377.8494475826296,2023,5,6,5,475.569889516526,1,0,1,1,1
2,5,509.54991681090013,114,3,1,507,6,0,2,2547.7495840545007,2023,9,17,2,509.54991681090013,1,1,1,0,1
4,5,561.796945487623,256,3,1,213,8,0,1,2808.984727438115,2024,5,12,1,561.796945487623,1,1,1,0,1
3,5,663.9728812792846,44,2,2,90,8,1,0,3319.864406396423,2023,2,27,1,663.9728812792846,1,1,1,0,1
2,5,49.664941860036755,366,2,0,871,6,1,3,248.32470930018377,2023,6,13,3,49.664941860036755,1,0,1,0,1
1,5,224.2043565368123,367,2,3,520,10,0,3,1121.0217826840615,2023,4,12,1,224.2043565368123,1,0,1,0,1
2,5,508.9277033844696,73,1,2,441,7,1,1,2544.638516922348,2023,6,10,4,508.9277033844696,1,1,1,0,1
1,5,87.28857017986866,430,1,1,293,7,0,1,436.4428508993433,2023,10,17,1,87.28857017986866,1,0,1,0,1
3,5,644.2850003386361,19,2,2,83,7,1,1,3221.4250016931805,2023,4,26,1,644.2850003386361,1,1,1,0,1
3,5,570.1350017120986,569,1,3,363,6,1,3,2850.675008560493,2023,1,4,2,570.1350017120986,1,1,1,0,1
1,5,434.66822980577047,235,1,1,362,8,0,2,2173.341149028852,2023,1,18,2,434.66822980577047,1,0,1,0,1
4,5,327.6264731628619,199,1,3,1001,6,0,1,1638.1323658143094,2023,10,21,5,327.6264731628619,1,0,1,1,1
5,5,136.29854317067853,106,1,2,266,9,0,1,681.4927158533926,2024,4,11,3,136.29854317067853,1,0,1,0,1
2,5,657.773196624945,424,3,2,963,10,0,3,3288.8659831247246,2024,3,24,2,657.773196624945,1,1,1,0,1
1,5,87.16830860213514,425,1,1,288,7,0,1,435.84154301067565,2023,10,17,2,87.16830860213514,1,0,1,0,1
5,5,666.6942432715832,506,2,3,344,7,0,2,3333.471216357916,2023,2,26,0,666.6942432715832,1,1,1,0,1
4,5,562.4788506281725,271,3,1,242,8,0,1,2812.3942531408625,2024,6,12,1,562.4788506281725,1,1,1,0,1
0,5,645.1518714513255,405,1,0,685,10,1,4,3225.759357256628,2024,6,19,1,645.1518714513255,1,1,1,0,1
4,5,562.6805181295365,276,3,1,251,8,0,1,2813.4025906476822,2024,6,12,1,562.6805181295364,1,1,1,0,1
4,5,566.9516591189873,219,3,1,180,8,0,1,2834.7582955949365,2024,5,14,1,566.9516591189873,1,1,1,0,1
0,5,187.78564040368184,507,1,2,446,7,1,2,938.9282020184091,2023,5,24,3,187.7856404036818,1,0,1,0,1
2,5,635.0466023328078,391,1,0,68,9,0,0,3175.233011664039,2024,5,15,6,635.0466023328079,1,1,1,1,1
4,5,652.2640525739886,303,2,1,468,6,1,1,3261.320262869943,2023,2,16,3,652.2640525739886,1,1,1,0,1
4,5,665.5887420005422,533,2,3,291,8,0,2,3327.9437100027108,2023,2,24,0,665.5887420005422,1,1,1,0,1
2,4,635.4068706164437,396,1,0,692,8,2,3,2541.627482465775,2024,3,20,0,635.4068706164437,1,1,1,0,1
2,4,533.9030180423063,158,3,0,529,6,0,3,2542.161951354608,2023,8,19,1,533.9030180423063,1,1,1,0,1
3,4,651.2918384114894,517,1,4,804,7,1,3,2605.1673536459575,2023,8,16,0,651.2918384114894,1,1,1,0,1
2,5,652.5313530020067,67,2,4,54,8,1,3,3262.6567650100337,2023,5,25,3,652.5313530020067,1,1,1,0,1
2,5,79.42925094404922,190,1,1,142,6,0,2,397.146254720246,2023,11,29,4,79.42925094404922,1,0,1,0,1
3,4,623.8470028146459,378,1,1,484,7,1,3,2803.6069549412814,2024,9,10,2,623.8470028146457,1,1,1,0,1
4,5,561.5064322516864,250,3,1,201,8,0,1,2807.532161258432,2024,5,12,1,561.5064322516864,1,1,1,0,1
4,5,636.6164152207289,251,1,2,1111,9,1,3,3183.0820761036443,2023,9,27,3,636.6164152207289,1,1,1,0,1
3,5,661.7062677028268,77,1,2,144,9,1,2,3308.531338514134,2023,5,27,4,661.7062677028268,1,1,1,0,1
3,5,568.817414253178,498,1,2,374,6,1,3,2844.0870712658893,2023,4,6,2,568.8174142531778,1,1,1,0,1
3,4,593.9722840868511,408,1,3,614,6,0,2,2518.5657953411373,2023,5,24,2,593.9722840868511,1,0,1,0,1
2,5,252.40782137309048,196,1,1,86,6,1,1,1262.0391068654524,2024,3,18,1,252.40782137309048,1,0,1,0,1
2,5,637.5364967912564,46,2,4,50,7,1,3,3187.6824839562823,2023,7,25,3,637.5364967912564,1,1,1,0,1
5,5,626.6279972425219,232,0,2,1143,9,1,2,3133.1399862126095,2023,11,27,4,626.6279972425219,1,1,1,0,1
5,5,578.3993448250557,232,1,2,418,8,1,2,2891.9967241252784,2024,3,15,2,578.3993448250557,1,1,1,0,1
4,5,658.1501179863644,316,1,0,939,7,0,3,3290.750589931822,2023,10,28,0,658.1501179863644,1,1,1,0,1
0,5,653.8579383959727,610,1,0,875,10,0,3,3269.2896919798636,2024,7,19,0,653.8579383959727,1,1,1,0,1
2,5,537.9291312218514,226,2,2,362,9,0,0,2689.6456561092573,2023,5,13,1,537.9291312218514,1,1,1,0,1
2,5,266.67217149192703,81,1,3,1031,6,0,1,1333.360857459635,2023,10,8,5,266.67217149192703,1,0,1,1,1
2,4,555.3553113750434,195,3,0,546,6,0,3,2537.101136019753,2023,6,20,1,555.3553113750434,1,1,1,0,1
3,5,650.0934503779979,147,1,0,411,9,1,2,3250.4672518899897,2024,6,24,3,650.0934503779979,1,1,1,0,1
1,5,53.429291229573025,159,1,2,846,7,1,1,267.14645614786514,2023,6,22,1,53.429291229573025,1,0,1,0,1
4,5,473.7893049997305,263,1,3,664,8,2,1,2368.946524998653,2023,2,14,3,473.7893049997305,1,0,1,0,1
4,5,494.53748900448517,232,1,2,875,8,1,1,2472.687445022426,2023,3,14,1,494.53748900448517,1,0,1,0,1
5,5,646.2015124090289,560,2,3,350,8,0,1,3231.0075620451444,2023,2,24,0,646.2015124090289,1,1,1,0,1
1,5,218.23541728698015,448,2,3,571,10,0,3,1091.1770864349007,2023,4,9,1,218.23541728698015,1,0,1,0,1
4,5,639.1754887382531,295,2,1,528,7,1,2,3195.8774436912654,2024,3,21,3,639.1754887382531,1,1,1,0,1
2,4,668.2541817153013,547,1,3,827,8,1,3,2673.0167268612054,2024,9,8,0,668.2541817153013,1,1,1,0,1
1,5,229.75954183711144,240,1,2,999,7,0,1,1148.7977091855573,2023,9,2,4,229.75954183711147,1,0,1,0,1
2,5,671.7030510387164,184,2,2,235,7,1,1,3358.515255193582,2023,5,12,2,671.7030510387164,1,1,1,0,1
2,5,678.1760080764018,369,3,2,325,7,0,1,3390.880040382009,2023,5,4,1,678.1760080764018,1,1,1,0,1
4,5,622.6214707160038,553,1,1,257,9,0,0,3113.107353580019,2024,1,16,2,622.6214707160038,1,1,1,0,1
2,5,241.45498324503825,131,2,0,373,10,0,3,1207.2749162251912,2023,5,19,3,241.45498324503825,1,0,1,0,1
2,5,673.0283286703695,243,2,0,312,7,2,0,3365.141643351848,2023,5,6,1,673.0283286703697,1,1,1,0,1
4,4,661.3125846460342,382,1,3,585,6,1,3,2645.250338584137,2023,6,23,2,661.3125846460342,1,1,1,0,1
1,5,80.3213165753773,643,1,2,767,8,0,2,401.60658287688636,2024,2,6,4,80.32131657537727,1,0,1,0,1
3,5,644.5153775857992,533,0,3,182,8,1,1,3222.576887928996,2023,1,11,2,644.5153775857992,1,1,1,0,1
1,5,428.0164162172308,198,2,0,1152,8,0,2,2140.082081086154,2023,6,9,4,428.0164162172308,1,0,1,0,1
3,5,280.15168798856445,133,1,0,39,6,1,1,1400.7584399428224,2024,5,19,1,280.15168798856445,1,0,1,0,1
3,5,218.00725411195782,120,2,1,200,7,0,1,1090.036270559789,2023,7,23,3,218.00725411195782,1,0,1,0,1
5,5,581.0154719435305,161,1,2,487,8,0,0,2905.077359717653,2024,5,9,3,581.0154719435305,1,1,1,0,1
3,5,676.3784917134724,483,3,3,297,8,0,1,3381.8924585673617,2023,5,11,1,676.3784917134723,1,1,1,0,1
2,5,40.716326059875925,263,2,0,912,6,1,3,203.58163029937964,2023,7,16,3,40.716326059875925,1,0,1,0,1
2,5,642.8979987558338,532,0,2,172,8,1,0,3214.489993779169,2023,1,11,3,642.8979987558338,1,1,1,0,1
5,5,551.987345625498,313,1,0,412,7,0,0,2759.9367281274904,2023,1,25,1,551.987345625498,1,1,1,0,1
5,5,167.75383772614828,125,1,2,214,8,0,1,838.7691886307414,2024,4,12,4,167.75383772614828,1,0,1,0,1
3,5,674.2528434396015,452,3,2,314,7,0,1,3371.264217198007,2023,5,8,2,674.2528434396014,1,1,1,0,1
3,5,171.65187857955576,202,1,3,214,7,0,1,858.2593928977788,2023,2,13,3,171.65187857955576,1,0,1,0,1
2,5,617.8695242932464,47,1,2,54,6,1,2,3089.3476214662323,2023,10,25,3,617.8695242932464,1,1,1,0,1
5,5,577.5447209619717,244,1,2,407,8,1,2,2887.723604809859,2024,3,17,2,577.5447209619717,1,1,1,0,1
2,5,637.1377835502582,122,1,1,75,7,1,0,3185.688917751291,2023,10,26,4,637.1377835502582,1,1,1,0,1
2,5,537.5344196421008,421,3,0,891,6,0,3,2687.6720982105044,2023,6,21,1,537.5344196421009,1,1,1,0,1
2,5,428.67393197138637,220,1,3,503,8,1,1,2143.369659856932,2024,4,12,3,428.67393197138637,1,0,1,0,1
1,5,46.325410180726934,171,1,0,970,6,2,3,231.62705090363468,2023,6,12,3,46.325410180726934,1,0,1,0,1
2,5,232.99227496725504,134,1,1,252,8,0,2,1164.9613748362754,2023,4,20,3,232.99227496725504,1,0,1,0,1
1,5,219.1129540844245,538,1,2,829,8,0,1,1095.5647704221226,2023,6,5,3,219.11295408442453,1,0,1,0,1
2,5,47.84812930620183,345,2,0,880,6,1,3,239.24064653100913,2023,6,14,3,47.84812930620183,1,0,1,0,1
2,5,526.4109623395641,301,3,0,984,8,0,3,2632.0548116978202,2023,6,16,0,526.4109623395641,1,1,1,0,1
1,5,658.1240037053142,456,2,1,948,10,0,3,3290.6200185265707,2024,4,24,2,658.1240037053142,1,1,1,0,1
3,5,215.58514341810013,163,1,1,122,6,0,1,1077.9257170905007,2023,7,23,2,215.58514341810013,1,0,1,0,1
4,5,636.4293343899486,249,1,2,1112,9,1,3,3182.1466719497425,2023,9,27,3,636.4293343899486,1,1,1,0,1
5,5,553.4723361710356,304,1,0,412,7,0,0,2767.3616808551787,2024,3,23,1,553.4723361710357,1,1,1,0,1
3,5,223.8317196697746,103,2,1,221,7,0,1,1119.158598348873,2023,7,23,3,223.8317196697746,1,0,1,0,1
3,5,624.771391009894,334,0,0,1045,9,0,1,3123.85695504947,2023,8,21,2,624.771391009894,1,1,1,0,1
2,5,272.7874546140953,150,1,0,51,6,1,1,1363.9372730704763,2024,4,19,1,272.7874546140953,1,0,1,0,1
5,5,648.5834050115888,558,2,3,347,8,0,1,3242.9170250579436,2023,2,24,0,648.5834050115888,1,1,1,0,1
0,4,509.9115364058891,449,2,0,663,8,0,1,2387.9539158316306,2025,3,19,2,509.91153640588914,1,0,1,0,1
5,4,553.6161914811836,295,1,0,422,8,0,0,2744.7293375805652,2024,2,26,1,553.6161914811837,1,1,1,0,1
3,5,669.3062792085582,167,2,1,331,7,1,1,3346.531396042791,2023,5,15,2,669.3062792085582,1,1,1,0,1
2,5,494.0274499781578,180,2,1,1102,9,0,3,2470.137249890789,2023,6,11,0,494.0274499781578,1,0,1,0,1
2,5,671.2424842183633,179,2,2,225,7,1,1,3356.212421091817,2023,5,12,2,671.2424842183633,1,1,1,0,1
1,5,411.1625813446464,226,2,1,1158,8,0,2,2055.812906723232,2023,6,8,4,411.1625813446464,1,0,1,0,1
0,5,121.38310977067239,605,1,1,519,8,1,1,606.915548853362,2023,8,17,1,121.38310977067238,1,0,1,0,1
3,5,566.2911147929598,361,1,1,395,6,1,3,2831.4555739647985,2023,9,9,2,566.2911147929597,1,1,1,0,1
3,5,472.9859919418887,369,1,2,682,8,1,1,2364.9299597094437,2023,2,16,3,472.98599194188876,1,0,1,0,1
4,5,562.3099231352311,268,3,1,235,8,0,1,2811.549615676155,2024,5,12,1,562.3099231352311,1,1,1,0,1
4,5,671.6080301065883,501,3,3,323,7,0,2,3358.0401505329414,2023,3,24,0,671.6080301065883,1,1,1,0,1
2,5,266.1304471877418,207,1,0,161,7,1,1,1330.6522359387093,2024,4,17,1,266.1304471877418,1,0,1,0,1
3,5,670.9168619911478,481,3,3,267,8,0,1,3354.5843099557387,2023,4,8,2,670.9168619911478,1,1,1,0,1
3,5,285.70484869702204,343,1,2,972,6,0,1,1428.5242434851102,2023,9,14,5,285.70484869702204,1,0,1,0,1
3,5,623.1335716718365,285,1,1,1058,9,0,1,3115.6678583591824,2023,6,20,2,623.1335716718365,1,1,1,0,1
2,5,211.95728018720206,276,1,2,151,6,1,1,1059.7864009360103,2023,2,15,3,211.95728018720206,1,0,1,0,1
1,5,500.90177818930704,63,0,2,368,8,1,1,2504.5088909465353,2023,4,6,5,500.90177818930704,1,0,1,1,1
3,5,523.4655058548514,136,0,1,408,8,1,0,2617.327529274257,2024,3,14,4,523.4655058548514,1,1,1,0,1
5,4,516.9191318802264,307,1,3,658,7,1,1,2430.887984977001,2023,2,18,2,516.9191318802264,1,0,1,0,1
4,4,509.73370743851234,295,1,2,664,8,2,1,2410.4259487343656,2023,2,17,2,509.73370743851234,1,0,1,0,1
4,5,153.6644216317979,156,1,3,241,8,0,1,768.3221081589895,2024,3,12,3,153.6644216317979,1,0,1,0,1
2,5,221.00385405553536,267,1,2,138,6,1,1,1105.0192702776767,2023,2,16,2,221.00385405553536,1,0,1,0,1
0,5,424.3395371421777,410,1,2,546,7,0,2,2121.6976857108884,2024,5,17,3,424.33953714217773,1,0,1,0,1
3,4,588.9360018321812,411,1,3,617,6,0,2,2511.5002040116783,2023,5,24,2,588.9360018321813,1,0,1,0,1
2,5,651.8721558848462,166,1,0,87,8,1,0,3259.3607794242303,2023,9,26,5,651.8721558848462,1,1,1,0,1
6,5,559.7487516820478,290,1,0,399,8,0,1,2798.743758410239,2024,2,24,1,559.7487516820479,1,1,1,0,1
2,5,636.4539040079852,517,0,1,124,8,1,0,3182.269520039926,2023,1,11,4,636.4539040079852,1,1,1,0,1
1,5,517.254686611842,105,1,3,372,8,1,1,2586.27343305921,2023,5,6,4,517.254686611842,1,1,1,0,1
3,5,645.0375370388974,474,0,2,165,8,2,0,3225.187685194487,2023,2,14,3,645.0375370388974,1,1,1,0,1
5,5,559.5684048957855,255,1,0,437,8,0,0,2797.8420244789277,2024,3,21,1,559.5684048957855,1,1,1,0,1
2,4,633.06996794712,365,1,0,654,8,2,3,2532.27987178848,2024,3,22,0,633.06996794712,1,1,1,0,1
2,5,638.9235416860517,257,2,0,540,9,1,3,3194.6177084302585,2024,5,19,2,638.9235416860517,1,1,1,0,1
4,5,222.36244476905281,161,1,1,123,6,0,1,1111.812223845264,2024,5,13,4,222.36244476905281,1,0,1,0,1
3,5,202.34566946752653,166,2,1,145,6,0,1,1011.7283473376327,2023,7,23,3,202.34566946752653,1,0,1,0,1
1,5,225.7232730926418,373,1,2,970,7,0,1,1128.616365463209,2023,9,3,4,225.7232730926418,1,0,1,0,1
4,5,660.1965458093447,533,1,3,263,8,0,2,3300.9827290467233,2023,2,21,1,660.1965458093447,1,1,1,0,1
2,4,593.0096855238337,549,2,1,903,6,1,3,2668.9829087851094,2024,8,16,1,593.0096855238338,1,1,1,0,1
1,4,536.223628900382,178,3,0,938,8,0,1,2535.0193076003793,2023,2,18,2,536.223628900382,1,1,1,0,1
1,5,656.6981982217007,507,2,1,924,10,0,3,3283.4909911085037,2024,5,22,1,656.6981982217007,1,1,1,0,1
4,5,673.7670960662149,506,3,3,307,8,0,2,3368.8354803310745,2023,4,18,0,673.7670960662149,1,1,1,0,1
3,5,492.65626946343383,202,2,2,597,7,1,1,2463.2813473171695,2023,5,16,2,492.65626946343383,1,0,1,0,1
0,5,392.22106002244794,349,1,3,443,6,0,3,1961.1053001122395,2023,6,18,2,392.22106002244794,1,0,1,0,1
5,5,666.4685205647697,504,2,3,345,7,0,2,3332.3426028238487,2023,2,26,0,666.4685205647697,1,1,1,0,1
3,5,464.9597646005075,163,1,3,592,9,2,1,2324.7988230025376,2024,2,9,3,464.9597646005075,1,0,1,0,1
0,5,53.83002770972773,115,1,1,1011,7,2,3,269.15013854863867,2023,4,7,3,53.83002770972773,1,0,1,0,1
2,5,471.69580513504656,405,1,1,683,8,0,1,2358.479025675233,2024,3,16,3,471.6958051350466,1,0,1,0,1
4,5,350.5206927135667,203,1,2,1051,6,0,1,1752.6034635678336,2023,9,18,5,350.5206927135667,1,0,1,1,1
3,5,624.5448291040644,327,0,0,1047,9,0,1,3122.724145520322,2023,7,21,2,624.5448291040644,1,1,1,0,1
5,5,132.18019380233767,104,1,2,278,9,0,1,660.9009690116883,2024,4,11,3,132.18019380233767,1,0,1,0,1
1,5,64.22490506978446,182,1,3,793,9,0,1,321.1245253489223,2023,5,23,0,64.22490506978446,1,0,1,0,1
2,4,552.1883887945949,466,3,0,819,6,1,3,2695.365358018876,2024,6,24,1,552.188388794595,1,1,1,0,1
5,5,637.2252460966336,194,1,2,1110,8,1,3,3186.1262304831675,2023,11,29,2,637.2252460966336,1,1,1,0,1
3,5,650.9750446029849,140,1,0,401,9,1,2,3254.8752230149244,2024,6,24,3,650.9750446029849,1,1,1,0,1
2,5,249.36193592180305,467,1,2,948,7,0,1,1246.8096796090153,2023,8,8,4,249.36193592180308,1,0,1,0,1
3,5,663.4148069016419,39,1,1,104,8,1,0,3317.0740345082095,2023,2,27,1,663.4148069016419,1,1,1,0,1
0,4,482.33267173737596,478,2,0,677,8,0,1,2357.7089404310805,2025,3,17,2,482.3326717373761,1,0,1,0,1
4,5,671.5340456187389,504,3,3,322,7,0,2,3357.6702280936943,2023,3,24,0,671.5340456187389,1,1,1,0,1
2,5,509.3900513485284,103,3,1,490,6,0,2,2546.950256742642,2023,8,15,2,509.3900513485284,1,1,1,0,1
5,5,568.9110784974147,216,3,1,295,8,0,0,2844.5553924870733,2024,5,11,1,568.9110784974147,1,1,1,0,1
6,5,634.8708704157943,386,2,2,489,6,0,1,3174.3543520789713,2024,1,22,3,634.8708704157943,1,1,1,0,1
2,5,660.4610986320283,204,1,0,187,7,2,0,3302.305493160142,2023,8,18,4,660.4610986320284,1,1,1,0,1
1,5,531.0169257972249,189,2,3,333,9,0,0,2655.0846289861247,2023,6,6,1,531.0169257972249,1,1,1,0,1
3,5,493.4059807682451,198,2,1,593,6,0,2,2467.029903841226,2023,6,17,2,493.4059807682451,1,0,1,0,1
2,5,508.6569364379563,55,0,2,412,7,1,1,2543.2846821897815,2023,4,7,5,508.6569364379563,1,1,1,0,1
3,4,663.0133870463986,426,1,1,639,8,1,3,2760.491907396801,2024,8,13,2,663.0133870463986,1,1,1,0,1
3,5,625.5521672027417,357,0,0,1039,9,0,1,3127.7608360137083,2023,8,21,3,625.5521672027417,1,1,1,0,1
3,5,539.2695482444067,233,2,2,367,9,0,0,2696.3477412220336,2023,4,15,1,539.2695482444067,1,1,1,0,1
2,4,619.4804584733297,343,2,0,632,7,1,3,2543.058076693437,2024,2,24,1,619.4804584733297,1,1,1,0,1
1,5,54.1866710154657,155,1,2,842,7,1,1,270.9333550773285,2023,6,22,1,54.1866710154657,1,0,1,0,1
0,5,203.11277496346565,356,1,2,829,7,1,2,1015.5638748173283,2023,9,17,3,203.11277496346565,1,0,1,0,1
0,5,216.13508713053827,225,1,2,914,7,0,1,1080.6754356526912,2023,10,11,4,216.13508713053824,1,0,1,0,1
2,4,548.9798020348288,141,0,2,471,8,2,1,2535.1477651770465,2024,3,12,4,548.9798020348288,1,1,1,0,1
4,5,654.220673514843,334,1,0,949,7,0,3,3271.1033675742156,2023,10,28,1,654.220673514843,1,1,1,0,1
0,5,638.8859755708854,240,1,0,547,10,1,4,3194.4298778544276,2024,6,19,1,638.8859755708854,1,1,1,0,1
2,5,203.5702176305468,212,1,2,147,6,0,1,1017.8510881527341,2023,5,21,3,203.5702176305468,1,0,1,0,1
2,5,276.75437399411675,100,1,3,1026,6,0,1,1383.7718699705838,2023,10,10,5,276.75437399411675,1,0,1,1,1
3,5,473.94603979618,343,1,2,682,8,1,1,2369.7301989809,2023,2,16,3,473.94603979618,1,0,1,0,1
4,4,669.3790469404836,390,1,3,585,7,1,3,2677.5161877619344,2023,7,20,2,669.3790469404836,1,1,1,0,1
3,5,569.4207616885403,577,1,3,362,7,0,2,2847.103808442702,2023,1,5,1,569.4207616885403,1,1,1,0,1
1,5,642.6456002566607,549,0,0,932,9,0,2,3213.2280012833035,2023,9,21,1,642.6456002566607,1,1,1,0,1
0,5,466.51457464735836,484,2,0,666,8,0,1,2332.572873236792,2024,3,17,2,466.5145746473585,1,0,1,0,1
5,5,610.9476861187104,591,2,2,381,8,0,0,3054.738430593552,2024,1,18,1,610.9476861187104,1,1,1,0,1
3,5,567.480477746766,426,1,1,385,6,1,3,2837.40238873383,2023,7,8,2,567.4804777467659,1,1,1,0,1
3,5,617.8407355133096,126,2,2,1100,9,1,2,3089.2036775665474,2023,3,16,0,617.8407355133096,1,1,1,0,1
3,5,563.9394490717315,303,2,1,305,7,0,2,2819.6972453586573,2024,7,11,2,563.9394490717315,1,1,1,0,1
5,5,626.2377937655215,191,0,2,1167,9,1,2,3131.188968827607,2023,11,28,4,626.2377937655215,1,1,1,0,1
4,4,673.0936788046398,393,1,2,586,7,1,3,2692.3747152185592,2023,7,18,2,673.0936788046398,1,1,1,0,1
4,5,301.3700231877971,289,1,2,983,6,0,1,1506.8501159389853,2023,9,17,5,301.3700231877971,1,0,1,0,1
0,5,145.09766062719493,625,1,1,573,8,1,2,725.4883031359747,2023,8,23,1,145.09766062719493,1,0,1,0,1
1,5,211.27291743124835,351,1,3,300,7,1,1,1056.3645871562417,2023,2,13,2,211.27291743124835,1,0,1,0,1
3,5,245.3585583326412,58,2,0,269,9,0,2,1226.792791663206,2023,6,21,4,245.3585583326412,1,0,1,0,1
0,5,62.578222656062756,49,1,1,1060,7,2,3,312.8911132803138,2023,2,2,3,62.578222656062756,1,0,1,0,1
4,5,483.8410132127989,247,1,2,641,7,1,1,2419.2050660639943,2023,3,16,2,483.8410132127989,1,0,1,0,1
3,4,642.2607692387473,387,1,1,511,7,1,3,2795.0838374171644,2024,9,10,2,642.2607692387473,1,1,1,0,1
4,5,340.00740715816414,202,1,2,1028,6,0,1,1700.037035790821,2023,9,19,5,340.00740715816414,1,0,1,1,1
4,5,670.4243853135008,532,2,3,316,8,0,2,3352.121926567504,2023,3,26,0,670.4243853135008,1,1,1,0,1
2,5,609.7465572177462,15,1,3,45,6,1,2,3048.732786088731,2023,10,25,2,609.7465572177462,1,1,1,0,1
1,5,81.69213264350523,615,1,1,617,9,0,2,408.4606632175262,2024,5,7,2,81.69213264350523,1,0,1,0,1
0,5,63.07696373250385,101,1,3,841,8,1,1,315.38481866251925,2023,5,22,0,63.07696373250385,1,0,1,0,1
3,4,660.0740186925432,366,1,0,596,8,1,3,2640.2960747701727,2024,5,18,1,660.0740186925432,1,1,1,0,1
2,5,203.8360794683808,217,1,2,148,6,0,1,1019.180397341904,2023,5,20,3,203.8360794683808,1,0,1,0,1
4,5,671.4130857749432,527,3,3,315,8,0,2,3357.065428874716,2023,3,25,0,671.4130857749432,1,1,1,0,1
4,5,483.7788992483071,250,1,2,769,8,1,1,2418.8944962415353,2023,2,16,3,483.7788992483071,1,0,1,0,1
3,5,276.4740368384357,119,1,0,73,7,1,1,1382.3701841921788,2024,5,20,1,276.4740368384357,1,0,1,0,1
1,5,533.225190972764,201,2,3,342,9,0,0,2666.1259548638204,2023,6,8,1,533.225190972764,1,1,1,0,1
4,5,554.5201568393154,235,3,1,227,9,0,1,2772.600784196577,2024,5,11,1,554.5201568393154,1,1,1,0,1
3,5,668.1999431325842,486,2,3,258,8,0,1,3340.99971566292,2023,4,8,2,668.199943132584,1,1,1,0,1
3,4,518.7685686668946,178,2,0,1066,9,0,3,2571.066142849536,2023,5,12,0,518.7685686668946,1,1,1,0,1
5,5,574.2203241361668,191,1,2,471,8,0,0,2871.101620680834,2024,4,13,3,574.2203241361668,1,1,1,0,1
1,5,514.8343580211196,133,3,1,462,7,0,2,2574.1717901055977,2023,9,14,2,514.8343580211196,1,1,1,0,1
0,5,84.76526879631174,603,1,1,561,9,0,1,423.8263439815587,2024,6,8,1,84.76526879631174,1,0,1,0,1
2,5,631.2266837898094,499,1,0,80,9,0,0,3156.1334189490476,2023,3,11,5,631.2266837898095,1,1,1,0,1
2,5,656.7022165954188,416,2,2,974,9,0,3,3283.5110829770942,2023,4,25,3,656.7022165954188,1,1,1,0,1
5,5,642.3787112083049,565,2,2,355,8,0,1,3211.893556041525,2024,1,23,0,642.3787112083049,1,1,1,0,1
0,5,148.58926124295772,628,1,1,581,8,1,2,742.9463062147886,2023,8,24,2,148.58926124295772,1,0,1,0,1
0,5,200.1732134527809,535,2,3,602,9,1,3,1000.8660672639046,2023,5,17,1,200.17321345278089,1,0,1,0,1
3,5,527.4127549298485,159,0,1,409,8,1,0,2637.0637746492425,2024,3,15,3,527.4127549298486,1,1,1,0,1
3,5,645.6694941342282,325,2,2,1049,9,0,3,3228.3474706711413,2023,7,26,3,645.6694941342282,1,1,1,0,1
2,5,485.63519090531486,112,2,1,531,7,0,2,2428.175954526574,2023,6,12,2,485.63519090531486,1,0,1,0,1
6,5,572.8465404741995,284,1,1,375,8,1,3,2864.2327023709977,2024,2,21,1,572.8465404741996,1,1,1,0,1
2,5,544.7431114450934,586,1,2,426,6,1,3,2723.715557225467,2023,1,5,3,544.7431114450934,1,1,1,0,1
5,5,550.5142988532166,293,1,0,415,8,0,0,2752.571494266083,2023,2,26,1,550.5142988532167,1,1,1,0,1
4,5,658.4935098642128,85,1,0,265,8,1,0,3292.4675493210634,2024,6,28,5,658.4935098642128,1,1,1,1,1
2,5,641.5038352654058,139,1,0,80,7,1,0,3207.5191763270286,2023,10,26,5,641.5038352654058,1,1,1,0,1
0,5,654.3951657887966,599,1,0,872,9,1,4,3271.975828943983,2023,8,19,0,654.3951657887966,1,1,1,0,1
1,4,522.129718558155,156,3,0,988,8,0,1,2537.351726090671,2023,2,17,2,522.129718558155,1,1,1,0,1
4,4,649.6803622301671,418,1,4,655,6,1,3,2598.7214489206685,2023,6,24,1,649.6803622301671,1,1,1,0,1
3,5,636.437140570606,339,1,1,1064,9,1,3,3182.18570285303,2023,10,25,2,636.437140570606,1,1,1,0,1
1,5,221.80562628061185,502,1,2,943,7,0,1,1109.0281314030594,2023,8,3,4,221.80562628061188,1,0,1,0,1
4,5,218.78268154951718,159,1,1,129,6,0,1,1093.9134077475858,2024,5,13,4,218.78268154951718,1,0,1,0,1
5,5,629.4624417519742,579,2,2,372,8,0,0,3147.3122087598713,2024,1,22,0,629.4624417519742,1,1,1,0,1
4,5,663.6945427112178,109,1,1,310,8,1,1,3318.4727135560884,2023,5,23,4,663.6945427112178,1,1,1,0,1
0,5,455.1198257966393,139,0,2,151,9,0,1,2275.5991289831964,2023,6,5,5,455.1198257966393,1,0,1,1,1
5,5,663.4960656730174,266,1,1,939,7,1,3,3317.4803283650867,2023,10,29,0,663.4960656730174,1,1,1,0,1
5,5,566.8436661793643,263,2,1,269,8,0,2,2834.2183308968215,2024,3,16,1,566.8436661793643,1,1,1,0,1
4,5,660.6586242398372,62,1,1,263,8,1,0,3303.293121199186,2023,5,28,4,660.6586242398372,1,1,1,0,1
2,5,508.89199842198656,70,1,2,437,7,1,1,2544.4599921099325,2023,5,10,4,508.89199842198656,1,1,1,0,1
3,5,529.670184213659,479,1,0,467,6,1,1,2648.350921068295,2023,1,14,4,529.670184213659,1,1,1,0,1
3,5,676.7590504844512,470,3,2,293,8,0,0,3383.795252422256,2023,5,7,1,676.7590504844511,1,1,1,0,1
2,5,672.6381505495712,195,2,2,253,7,1,1,3363.190752747856,2023,5,10,2,672.6381505495713,1,1,1,0,1
5,5,659.5518814131909,256,1,1,965,7,1,3,3297.7594070659547,2023,10,29,0,659.5518814131909,1,1,1,0,1
2,5,626.3817298386119,508,1,0,101,9,0,0,3131.90864919306,2024,2,11,5,626.381729838612,1,1,1,0,1
3,5,670.0943896749349,484,3,2,304,8,0,0,3350.4719483746735,2023,5,8,1,670.0943896749347,1,1,1,0,1
4,5,588.6573742675022,154,1,2,499,8,0,0,2943.286871337511,2024,6,7,3,588.6573742675022,1,1,1,0,1
1,5,657.9707571247133,248,2,0,457,8,2,2,3289.8537856235666,2023,5,10,1,657.9707571247134,1,1,1,0,1
3,5,564.262700984277,310,2,1,319,7,0,2,2821.3135049213847,2024,8,11,2,564.262700984277,1,1,1,0,1
0,5,84.70627493985714,451,1,1,596,8,1,1,423.5313746992857,2024,7,7,0,84.70627493985714,1,0,1,0,1
2,5,614.2478673249102,33,1,3,50,6,1,2,3071.239336624551,2023,10,25,2,614.2478673249102,1,1,1,0,1
3,5,540.1692211956724,238,1,1,371,8,0,0,2700.8461059783626,2023,4,16,1,540.1692211956725,1,1,1,0,1
2,4,668.9888152447826,543,1,3,820,8,1,3,2675.9552609791303,2024,9,8,0,668.9888152447826,1,1,1,0,1
1,5,532.6428824543883,198,2,3,340,9,0,0,2663.2144122719415,2023,6,8,1,532.6428824543883,1,1,1,0,1
2,5,259.43696416525626,433,1,2,955,7,0,1,1297.1848208262813,2023,8,10,4,259.43696416525626,1,0,1,0,1
1,5,530.9904808973155,189,2,3,333,9,0,0,2654.9524044865775,2023,6,6,1,530.9904808973155,1,1,1,0,1
3,5,663.0131675159993,27,2,2,104,7,1,0,3315.0658375799962,2023,2,27,1,663.0131675159993,1,1,1,0,1
2,5,652.3501054472072,162,1,0,86,8,1,0,3261.750527236036,2023,9,26,5,652.3501054472072,1,1,1,0,1
2,5,510.68872643291604,174,2,1,1087,9,0,3,2553.44363216458,2023,6,11,0,510.68872643291604,1,0,1,0,1
3,5,660.6862506973677,289,2,1,434,6,1,1,3303.4312534868386,2023,3,11,2,660.6862506973678,1,1,1,0,1
2,5,207.93246402001486,292,1,2,159,6,0,1,1039.6623201000743,2023,2,16,3,207.93246402001486,1,0,1,0,1
4,5,557.3361423475008,318,1,0,407,7,0,1,2786.6807117375038,2024,5,19,1,557.3361423475008,1,1,1,0,1
3,4,550.5461638220687,220,2,0,934,9,0,3,2556.3240732026,2023,4,16,0,550.5461638220687,1,1,1,0,1
0,5,51.46708376035404,132,1,1,998,7,2,3,257.33541880177023,2023,4,8,3,51.46708376035404,1,0,1,0,1
2,4,604.7968996010388,565,2,2,917,7,1,3,2657.912767202007,2024,8,14,0,604.796899601039,1,1,1,0,1
2,4,650.6732960909145,597,1,3,935,8,2,3,2602.693184363658,2024,9,8,0,650.6732960909145,1,1,1,0,1
4,5,653.3131224637262,376,2,2,437,6,0,1,3266.565612318631,2023,3,17,3,653.3131224637261,1,1,1,0,1
2,5,618.0413162732369,17,1,3,96,6,1,2,3090.2065813661848,2023,9,25,2,618.0413162732369,1,1,1,0,1
4,4,676.1718700155045,396,1,2,586,7,1,3,2704.687480062018,2023,7,17,2,676.1718700155045,1,1,1,0,1
3,5,269.4383706071735,96,1,0,134,8,1,1,1347.1918530358676,2024,5,21,2,269.4383706071735,1,0,1,0,1
1,5,629.0688891512352,244,1,0,519,9,2,4,3145.3444457561764,2024,5,19,2,629.0688891512352,1,1,1,0,1
1,5,528.2641118157603,173,2,3,331,9,0,1,2641.320559078802,2023,6,5,2,528.2641118157603,1,1,1,0,1
5,5,573.8757758139054,352,1,2,369,7,1,3,2869.3788790695266,2023,1,17,2,573.8757758139054,1,1,1,0,1
3,5,622.4683222197865,265,1,1,1063,9,0,1,3112.3416110989324,2023,6,19,2,622.4683222197865,1,1,1,0,1
1,5,509.8091131537947,58,0,3,400,8,1,1,2549.0455657689736,2023,4,6,5,509.8091131537947,1,1,1,0,1
0,5,64.49132407601691,35,1,2,1069,8,1,2,322.45662038008453,2023,2,1,2,64.49132407601691,1,0,1,0,1
4,5,475.03648933064744,277,1,3,674,8,2,1,2375.182446653237,2023,2,15,3,475.03648933064744,1,0,1,0,1
0,5,143.42387746560695,649,2,2,676,8,1,3,717.1193873280347,2023,6,23,3,143.42387746560692,1,0,1,0,1
1,5,217.46835452563099,461,1,3,583,9,0,2,1087.341772628155,2023,4,8,1,217.46835452563099,1,0,1,0,1
0,5,455.0961649985705,178,1,2,109,10,0,1,2275.4808249928524,2023,7,5,4,455.0961649985705,1,0,1,0,1
2,4,649.8227021780227,586,1,3,922,8,2,3,2599.290808712091,2024,8,9,0,649.8227021780227,1,1,1,0,1
0,5,430.44337667213165,193,1,1,68,9,0,1,2152.216883360658,2023,7,7,4,430.44337667213165,1,0,1,0,1
5,5,570.7534077858753,273,1,1,319,8,1,3,2853.767038929376,2024,2,18,1,570.7534077858753,1,1,1,0,1
5,5,552.2350950314539,299,1,0,414,7,0,0,2761.1754751572694,2024,2,25,1,552.2350950314539,1,1,1,0,1
2,5,239.17078774261267,162,2,1,393,10,0,3,1195.8539387130634,2023,5,18,3,239.17078774261267,1,0,1,0,1
4,5,225.6649474267685,163,1,1,118,6,0,1,1128.3247371338425,2024,5,13,4,225.6649474267685,1,0,1,0,1
4,5,572.7442902743846,437,1,2,365,7,1,3,2863.721451371923,2023,1,12,2,572.7442902743846,1,1,1,0,1
2,5,658.6257516077595,431,3,2,960,10,0,3,3293.1287580387975,2024,3,24,2,658.6257516077595,1,1,1,0,1
2,5,194.18800545607235,260,1,3,181,6,0,1,970.9400272803618,2023,2,15,3,194.18800545607235,1,0,1,0,1
5,5,627.0358421561001,275,0,1,1118,9,1,2,3135.1792107805004,2023,11,27,4,627.0358421561001,1,1,1,0,1
2,5,215.41289813160336,257,1,2,144,6,1,1,1077.0644906580167,2023,3,15,3,215.41289813160336,1,0,1,0,1
2,5,244.1537421201938,26,1,1,587,8,0,2,1220.7687106009691,2023,7,15,4,244.1537421201938,1,0,1,0,1
4,5,657.716061614867,294,2,1,446,6,1,1,3288.5803080743353,2023,3,13,2,657.716061614867,1,1,1,0,1
4,5,673.9200603761444,504,3,3,306,8,0,2,3369.600301880722,2023,4,18,0,673.9200603761443,1,1,1,0,1
3,5,565.4700393707625,336,1,1,371,6,0,2,2827.3501968538126,2024,9,10,2,565.4700393707624,1,1,1,0,1
5,5,547.0365934356762,326,1,0,424,7,0,0,2735.182967178381,2023,1,24,1,547.0365934356762,1,1,1,0,1
3,5,621.2350626099228,228,1,1,1073,9,1,2,3106.175313049614,2023,5,19,1,621.2350626099228,1,1,1,0,1
5,5,147.6378279884487,140,1,3,251,9,0,1,738.1891399422434,2024,3,11,3,147.6378279884487,1,0,1,0,1
3,5,656.5027381754359,262,2,0,781,8,1,4,3282.5136908771797,2023,8,25,0,656.5027381754359,1,1,1,0,1
3,5,624.1542336574962,535,1,0,193,9,0,0,3120.771168287481,2024,2,14,3,624.1542336574962,1,1,1,0,1
1,5,537.3521856045545,199,2,3,334,9,0,1,2686.760928022773,2023,6,7,2,537.3521856045545,1,1,1,0,1
1,5,67.84202435119512,137,1,3,600,8,0,1,339.2101217559756,2023,7,27,1,67.84202435119512,1,0,1,0,1
4,5,554.113905253968,234,3,1,229,9,0,1,2770.56952626984,2024,5,11,1,554.113905253968,1,1,1,0,1
1,5,63.58439476289104,113,1,3,793,9,0,1,317.92197381445516,2023,5,25,0,63.58439476289104,1,0,1,0,1
3,4,640.1250268708791,386,1,1,508,7,1,3,2796.072401233134,2024,9,10,2,640.125026870879,1,1,1,0,1
3,5,568.4298841100593,477,1,2,377,6,1,3,2842.1494205502963,2023,5,6,2,568.4298841100592,1,1,1,0,1
4,5,659.4460025728747,73,1,0,300,9,1,1,3297.2300128643733,2024,6,28,4,659.4460025728747,1,1,1,0,1
2,5,659.6466527025349,106,1,2,65,8,1,2,3298.2332635126745,2023,6,26,4,659.6466527025349,1,1,1,0,1
2,5,453.32024546782475,125,1,2,430,10,1,1,2266.6012273391234,2024,4,6,4,453.32024546782475,1,0,1,0,1
1,5,512.7690038357754,182,4,0,1012,8,0,1,2563.8450191788766,2023,2,17,2,512.7690038357754,1,1,1,0,1
0,5,77.85756779513235,362,1,2,612,9,1,1,389.28783897566177,2023,7,16,0,77.85756779513235,1,0,1,0,1
2,5,264.9501445595528,168,1,0,65,6,1,1,1324.7507227977642,2024,4,19,1,264.9501445595528,1,0,1,0,1
3,4,630.1106583414733,324,1,0,603,7,1,3,2520.442633365893,2024,2,25,1,630.1106583414733,1,1,1,0,1
3,5,505.27756366377776,200,2,1,987,9,0,2,2526.3878183188885,2023,5,12,0,505.27756366377776,1,0,1,0,1
5,5,583.6450154408617,150,1,2,494,8,0,0,2918.225077204308,2024,5,7,3,583.6450154408617,1,1,1,0,1
2,5,663.1233407964424,71,2,3,66,8,1,2,3315.616703982212,2023,4,26,3,663.1233407964424,1,1,1,0,1
1,5,73.38453462041778,625,1,2,761,9,0,2,366.92267310208894,2024,2,7,3,73.38453462041778,1,0,1,0,1
4,5,558.5619262639733,322,1,0,406,6,0,1,2792.809631319866,2024,6,18,2,558.5619262639733,1,1,1,0,1
5,5,630.4505289920024,176,1,2,1154,8,1,3,3152.2526449600123,2023,11,29,3,630.4505289920024,1,1,1,0,1
1,5,442.63699141306137,196,1,1,422,8,1,1,2213.1849570653067,2024,2,15,3,442.63699141306137,1,0,1,0,1
3,5,528.2549084504144,196,2,0,467,6,0,1,2641.274542252072,2023,6,22,1,528.2549084504144,1,1,1,0,1
4,5,465.4612238058227,276,1,2,759,8,1,1,2327.3061190291137,2023,2,14,3,465.4612238058227,1,0,1,0,1
2,5,201.9016739364505,182,1,2,142,6,0,1,1009.5083696822525,2023,7,23,3,201.9016739364505,1,0,1,0,1
5,5,646.8651143754008,221,1,1,1047,7,1,3,3234.3255718770038,2023,10,29,1,646.8651143754008,1,1,1,0,1
3,5,666.5581642730729,62,2,1,144,7,1,0,3332.7908213653645,2023,2,24,1,666.5581642730729,1,1,1,0,1
0,5,440.9270301200222,155,1,2,207,10,0,1,2204.635150600111,2023,6,5,4,440.9270301200222,1,0,1,0,1
5,5,626.6975208956358,239,0,2,1139,9,1,2,3133.487604478179,2023,11,27,4,626.6975208956358,1,1,1,0,1
3,5,622.24711271541,258,1,1,1065,9,0,1,3111.23556357705,2023,6,19,2,622.24711271541,1,1,1,0,1
2,5,646.7124484023184,174,1,0,452,9,1,2,3233.5622420115924,2024,6,22,3,646.7124484023184,1,1,1,0,1
2,5,655.4773839195547,138,1,1,77,8,1,1,3277.386919597773,2023,8,26,5,655.4773839195547,1,1,1,0,1
0,5,63.58646503860612,77,1,3,923,8,1,1,317.9323251930306,2023,4,14,1,63.58646503860612,1,0,1,0,1
0,5,208.08466916059686,500,2,3,591,9,1,3,1040.4233458029844,2023,4,13,1,208.08466916059686,1,0,1,0,1
1,5,89.5802396491728,638,1,2,778,8,0,2,447.90119824586395,2024,2,6,4,89.58023964917277,1,0,1,0,1
3,5,566.2732271764072,360,1,1,395,6,1,3,2831.3661358820355,2023,9,9,2,566.2732271764071,1,1,1,0,1
4,4,621.1307254322403,414,1,3,564,6,1,3,2595.024150786278,2023,4,23,2,621.1307254322403,1,1,1,0,1
0,5,82.05391216052337,432,1,1,560,9,1,1,410.2695608026168,2023,8,14,0,82.05391216052337,1,0,1,0,1
2,5,438.8458377315891,184,1,3,519,8,1,1,2194.2291886579455,2024,4,10,3,438.8458377315891,1,0,1,0,1
2,4,642.9557273657122,496,1,2,812,8,2,3,2571.8229094628487,2024,6,14,0,642.9557273657122,1,1,1,0,1
2,5,413.27525260785245,334,1,3,506,6,0,2,2066.376263039262,2023,5,17,3,413.27525260785245,1,0,1,0,1
4,5,671.9339154490712,522,3,3,313,8,0,2,3359.669577245356,2023,3,23,0,671.9339154490712,1,1,1,0,1
1,5,508.1959194840891,136,3,0,1040,9,0,1,2540.9795974204453,2023,2,15,2,508.1959194840891,1,1,1,0,1
2,5,648.432036796834,206,1,0,87,8,1,0,3242.16018398417,2024,9,25,6,648.432036796834,1,1,1,1,1
4,4,593.330984801721,310,1,0,517,8,1,1,2627.4503494264327,2024,2,25,1,593.3309848017211,1,1,1,0,1
4,5,557.9142025524428,403,1,1,395,7,0,1,2789.5710127622147,2023,1,18,1,557.9142025524429,1,1,1,0,1
0,5,119.2072503000318,603,1,1,514,8,1,1,596.0362515001591,2023,8,16,1,119.2072503000318,1,0,1,0,1
3,5,229.33953456770956,181,1,1,113,6,1,1,1146.6976728385478,2023,5,14,3,229.33953456770956,1,0,1,0,1
4,5,648.0158225680445,192,2,1,992,8,1,3,3240.079112840223,2023,6,24,0,648.0158225680445,1,1,1,0,1
3,5,661.648825403347,77,1,2,149,9,1,2,3308.244127016735,2023,5,27,4,661.648825403347,1,1,1,0,1
3,5,651.6391316393319,165,1,0,91,8,1,0,3258.1956581966597,2023,9,27,5,651.6391316393319,1,1,1,0,1
3,5,659.4790471712545,291,2,1,439,6,1,1,3297.3952358562724,2023,3,12,2,659.4790471712545,1,1,1,0,1
4,5,660.2899951723939,71,1,1,260,9,1,1,3301.4499758619695,2023,5,28,4,660.2899951723939,1,1,1,0,1
4,4,614.6818660905328,425,1,2,560,6,1,3,2594.881183591605,2023,4,22,3,614.6818660905328,1,1,1,0,1
1,5,508.7800439501328,125,4,0,768,7,0,2,2543.900219750664,2023,6,17,2,508.7800439501328,1,1,1,0,1
5,5,154.82166318019821,124,1,2,230,8,0,1,774.1083159009911,2024,5,15,3,154.82166318019821,1,0,1,0,1
5,5,627.3368711397583,175,1,2,1174,9,1,3,3136.684355698791,2023,11,28,3,627.3368711397583,1,1,1,0,1
3,5,675.281633849629,472,3,3,281,8,0,1,3376.4081692481445,2023,5,7,2,675.2816338496289,1,1,1,0,1
2,4,613.8322789483234,500,1,3,1005,8,1,3,2601.3091002962374,2023,8,8,0,613.8322789483234,1,1,1,0,1
4,5,319.7327019561463,218,1,3,970,6,0,1,1598.6635097807314,2023,9,21,5,319.7327019561463,1,0,1,0,1
5,5,623.1704821634141,586,2,2,381,8,0,0,3115.852410817071,2024,1,21,0,623.1704821634141,1,1,1,0,1
2,5,208.66245168780287,293,1,2,161,6,0,1,1043.3122584390144,2023,2,16,3,208.66245168780287,1,0,1,0,1
4,5,659.9774509029826,70,1,1,285,9,1,1,3299.8872545149125,2023,5,28,4,659.9774509029826,1,1,1,0,1
2,5,472.8577199842111,93,0,3,514,9,2,1,2364.2885999210553,2024,3,7,4,472.8577199842111,1,0,1,0,1
2,5,668.2130066627617,144,2,2,165,8,1,2,3341.0650333138087,2023,5,17,2,668.2130066627618,1,1,1,0,1
4,5,561.3747303025465,253,1,2,358,8,1,3,2806.873651512732,2023,3,16,2,561.3747303025465,1,1,1,0,1
4,5,177.3667426990356,146,1,2,187,7,0,1,886.833713495178,2023,6,19,3,177.3667426990356,1,0,1,0,1
5,5,148.3808826381316,118,1,2,243,9,0,1,741.9044131906579,2024,4,13,3,148.3808826381316,1,0,1,0,1
1,5,482.54939999131483,94,0,2,281,8,1,1,2412.746999956574,2023,5,6,5,482.54939999131483,1,0,1,1,1
3,5,254.70699559004137,49,1,0,260,9,0,2,1273.534977950207,2023,5,22,3,254.70699559004137,1,0,1,0,1
2,5,622.7033546740395,112,3,2,1093,10,1,3,3113.5167733701974,2024,1,16,0,622.7033546740395,1,1,1,0,1
1,5,642.6728527727192,240,2,0,528,9,2,3,3213.3642638635965,2023,5,17,1,642.6728527727192,1,1,1,0,1
2,4,606.0717357602264,474,1,2,1012,8,1,3,2599.095163482597,2023,8,8,0,606.0717357602264,1,1,1,0,1
2,5,669.0200155675811,274,2,1,400,6,1,1,3345.1000778379057,2023,4,6,1,669.0200155675813,1,1,1,0,1
4,5,633.2587767789377,285,1,2,1100,9,1,3,3166.293883894688,2023,10,26,2,633.2587767789377,1,1,1,0,1
1,5,529.9925670265832,184,2,3,328,9,0,0,2649.962835132916,2023,6,5,1,529.9925670265832,1,1,1,0,1
0,5,651.4378946633079,609,0,0,880,9,0,3,3257.1894733165395,2023,8,19,0,651.4378946633079,1,1,1,0,1
5,5,640.617673447316,330,2,2,512,6,0,1,3203.0883672365794,2023,2,22,3,640.617673447316,1,1,1,0,1
5,5,565.4123699882244,260,3,1,250,8,0,1,2827.0618499411225,2024,4,15,1,565.4123699882244,1,1,1,0,1
3,5,634.4471115539629,492,0,0,980,9,0,1,3172.2355577698145,2023,10,22,3,634.4471115539629,1,1,1,0,1
1,5,449.4616785339038,134,1,2,360,10,1,1,2247.308392669519,2024,4,6,4,449.4616785339038,1,0,1,0,1
3,5,661.8369753064127,373,2,1,943,8,0,3,3309.1848765320638,2023,6,26,1,661.8369753064127,1,1,1,0,1
3,5,670.2052204815686,437,3,2,338,7,0,1,3351.0261024078427,2023,5,10,2,670.2052204815685,1,1,1,0,1
3,5,640.9318129894552,541,0,2,205,8,1,0,3204.659064947276,2023,1,13,2,640.9318129894552,1,1,1,0,1
3,5,238.3724792839785,114,2,0,186,7,0,1,1191.8623964198923,2023,6,17,4,238.3724792839785,1,0,1,0,1
4,5,663.4597934177721,37,1,1,148,8,1,0,3317.2989670888605,2023,2,28,1,663.4597934177721,1,1,1,0,1
5,5,572.4310856846193,199,1,1,467,8,0,0,2862.155428423097,2024,4,14,2,572.4310856846195,1,1,1,0,1
4,5,560.0457754630118,435,1,1,389,7,0,1,2800.228877315059,2023,1,16,1,560.0457754630119,1,1,1,0,1
4,5,330.3724295198424,206,1,3,977,6,0,1,1651.8621475992122,2023,9,21,5,330.3724295198424,1,0,1,0,1
2,5,205.80161652399386,290,1,3,163,6,0,1,1029.0080826199694,2023,2,15,3,205.80161652399386,1,0,1,0,1
2,4,605.3352085303588,285,2,0,691,8,1,2,2523.5819476124107,2024,2,23,1,605.3352085303588,1,1,1,0,1
1,5,649.3412092825164,536,1,0,766,8,1,3,3246.706046412582,2024,6,20,1,649.3412092825164,1,1,1,0,1
3,4,692.1132197018951,416,1,2,595,8,1,3,2768.4528788075804,2024,9,10,1,692.1132197018951,1,1,1,0,1
0,5,191.26620729850907,574,2,2,615,8,1,3,956.3310364925454,2023,6,22,2,191.26620729850907,1,0,1,0,1
2,4,593.6676929197324,390,2,0,704,7,1,3,2601.4820806470816,2024,4,24,1,593.6676929197324,1,1,1,0,1
1,5,646.5420124343121,508,1,0,948,9,1,3,3232.7100621715604,2023,9,21,1,646.5420124343121,1,1,1,0,1
3,5,633.394933140531,485,0,0,986,9,0,1,3166.9746657026544,2023,10,23,3,633.394933140531,1,1,1,0,1
1,5,46.594978398911884,192,1,1,881,7,1,2,232.9748919945594,2023,7,20,1,46.594978398911884,1,0,1,0,1
3,5,664.2883943587865,34,2,2,99,8,1,0,3321.4419717939327,2023,2,27,1,664.2883943587865,1,1,1,0,1
1,5,645.1046445767561,566,0,0,918,9,0,2,3225.5232228837804,2023,9,20,1,645.1046445767561,1,1,1,0,1
3,4,575.1918710610439,354,1,1,410,6,1,3,2826.1277905235424,2024,9,10,2,575.1918710610438,1,1,1,0,1
3,5,565.0390143416367,327,1,1,352,6,0,2,2825.1950717081836,2024,8,10,2,565.0390143416366,1,1,1,0,1
3,5,524.8760646797218,182,2,0,475,6,0,1,2624.380323398609,2023,7,21,1,524.8760646797218,1,1,1,0,1
3,5,622.8464713166412,276,1,1,1060,9,0,1,3114.2323565832057,2023,6,20,2,622.8464713166412,1,1,1,0,1
3,5,549.428681733777,226,2,3,346,9,0,2,2747.143408668885,2023,4,12,2,549.428681733777,1,1,1,0,1
0,5,135.20364039517685,648,2,2,686,8,1,3,676.0182019758842,2023,5,21,3,135.20364039517682,1,0,1,0,1
4,5,477.7710039505468,279,1,2,702,8,1,1,2388.855019752734,2023,2,16,3,477.7710039505468,1,0,1,0,1
1,5,44.461880665259805,185,1,0,960,6,2,3,222.30940332629905,2023,6,13,3,44.461880665259805,1,0,1,0,1
1,5,512.4700711299021,566,1,0,517,6,1,2,2562.35035564951,2023,1,9,5,512.4700711299021,1,0,1,0,1
2,5,45.16364589779696,314,2,0,892,6,1,3,225.8182294889848,2023,6,15,3,45.16364589779696,1,0,1,0,1
4,5,657.4697691494051,88,1,0,324,9,1,1,3287.3488457470257,2024,6,27,4,657.4697691494051,1,1,1,0,1
3,5,643.9705690258754,19,2,2,83,7,1,1,3219.852845129377,2023,4,26,1,643.9705690258754,1,1,1,0,1
5,5,622.8621932009704,129,1,3,1166,9,2,3,3114.3109660048517,2023,8,24,2,622.8621932009704,1,1,1,0,1
5,5,624.0053730973348,580,1,2,348,8,0,0,3120.026865486674,2024,1,19,1,624.0053730973348,1,1,1,0,1
2,5,456.1959763965397,118,1,2,482,10,1,1,2280.9798819826988,2024,3,6,4,456.1959763965397,1,0,1,0,1
2,5,652.0672811706045,373,3,2,984,10,0,3,3260.3364058530224,2024,3,23,2,652.0672811706045,1,1,1,0,1
1,5,219.9765175783816,425,2,3,556,10,0,3,1099.882587891908,2023,4,10,1,219.9765175783816,1,0,1,0,1
5,5,632.4423074634813,576,2,2,368,8,0,0,3162.2115373174065,2024,1,22,0,632.4423074634813,1,1,1,0,1
1,5,210.43831173980945,336,1,3,262,6,1,1,1052.1915586990472,2023,2,14,2,210.43831173980945,1,0,1,0,1
2,5,663.5767333302842,57,2,3,79,8,1,1,3317.8836666514217,2023,3,26,2,663.5767333302842,1,1,1,0,1
5,5,143.7872787073689,113,1,2,252,9,0,1,718.9363935368444,2024,4,13,3,143.7872787073689,1,0,1,0,1
2,5,544.4585769170558,172,2,3,372,9,0,0,2722.2928845852794,2023,6,5,2,544.4585769170558,1,1,1,0,1
4,5,545.9563345445391,268,1,0,396,8,0,0,2729.781672722696,2023,3,22,1,545.9563345445392,1,1,1,0,1
4,5,156.4632010517741,126,1,2,227,8,0,1,782.3160052588705,2024,5,15,3,156.4632010517741,1,0,1,0,1
3,5,567.6171788697759,338,1,1,392,6,1,3,2838.0858943488793,2024,8,11,2,567.6171788697758,1,1,1,0,1
3,5,622.5341671737542,267,1,1,1063,9,0,1,3112.670835868771,2023,6,19,2,622.5341671737542,1,1,1,0,1
1,5,542.6200682260531,477,4,0,846,6,0,2,2713.100341130266,2023,6,23,2,542.6200682260533,1,1,1,0,1
1,5,528.2996396879474,177,3,3,338,9,0,1,2641.4981984397373,2023,7,5,2,528.2996396879474,1,1,1,0,1
0,5,63.36064511231686,43,1,1,1064,7,2,3,316.8032255615843,2023,2,1,3,63.36064511231686,1,0,1,0,1
3,5,632.815870392989,481,0,0,990,9,0,1,3164.0793519649446,2023,10,23,3,632.815870392989,1,1,1,0,1
2,5,678.1860481367964,439,3,2,300,7,0,1,3390.9302406839815,2023,5,6,1,678.1860481367963,1,1,1,0,1
3,5,473.9112905302906,344,1,2,682,8,1,1,2369.556452651453,2023,2,16,3,473.9112905302906,1,0,1,0,1
2,5,676.80978929424,308,3,1,355,7,1,1,3384.0489464712,2023,4,6,0,676.80978929424,1,1,1,0,1
2,4,546.3833417122592,533,1,0,513,6,1,3,2593.367047848638,2023,2,12,5,546.3833417122592,1,1,1,0,1
2,5,544.8897497220017,586,1,2,425,6,1,3,2724.448748610009,2023,1,5,3,544.8897497220017,1,1,1,0,1
4,5,663.8492551734452,527,2,3,276,8,0,2,3319.246275867226,2023,3,24,0,663.8492551734452,1,1,1,0,1
2,5,441.8956894766396,173,1,3,524,8,1,1,2209.478447383198,2024,4,9,3,441.8956894766396,1,0,1,0,1
3,5,263.3419253300182,77,1,0,186,8,0,2,1316.7096266500912,2023,5,21,2,263.3419253300182,1,0,1,0,1
2,5,205.32291644868846,244,1,2,152,6,0,1,1026.6145822434423,2023,4,19,3,205.32291644868846,1,0,1,0,1
3,5,99.32778106923433,69,1,2,665,9,0,1,496.63890534617167,2024,3,6,3,99.32778106923433,1,0,1,0,1
2,4,574.6257487269653,449,3,1,766,6,1,3,2680.0465780895306,2023,6,25,2,574.6257487269653,1,1,1,0,1
3,5,568.0491499324916,457,1,2,380,6,1,3,2840.2457496624575,2023,6,7,2,568.0491499324914,1,1,1,0,1
2,5,462.74403002184073,228,1,2,593,9,1,1,2313.7201501092036,2025,3,10,3,462.7440300218408,1,0,1,0,1
4,5,567.1855358696292,218,3,1,179,8,0,1,2835.9276793481463,2024,5,14,1,567.1855358696292,1,1,1,0,1
0,5,63.88533238822493,63,1,2,972,8,1,2,319.4266619411247,2023,3,10,1,63.88533238822493,1,0,1,0,1
4,5,664.2238646567398,115,1,1,312,8,1,1,3321.119323283699,2023,5,22,4,664.2238646567398,1,1,1,0,1
5,5,143.92848622025141,113,1,2,251,9,0,1,719.6424311012571,2024,4,13,3,143.92848622025141,1,0,1,0,1
3,5,528.0169540983289,163,0,1,410,8,1,0,2640.0847704916446,2024,3,16,3,528.0169540983289,1,1,1,0,1
1,5,508.00214858804844,135,3,0,1039,9,0,1,2540.010742940242,2023,2,15,2,508.00214858804844,1,1,1,0,1
2,5,218.2024294200944,231,1,2,197,6,0,1,1091.012147100472,2023,2,17,3,218.2024294200944,1,0,1,0,1
1,5,65.82439189945468,259,1,3,788,9,0,1,329.12195949727345,2023,4,20,1,65.82439189945468,1,0,1,0,1
3,5,677.7094898456672,468,3,2,291,8,0,0,3388.5474492283356,2023,5,7,1,677.7094898456671,1,1,1,0,1
4,5,657.7623010036891,86,1,0,320,9,1,1,3288.8115050184456,2024,6,28,4,657.7623010036891,1,1,1,0,1
4,5,192.1483466497461,141,1,1,174,7,0,1,960.7417332487305,2024,5,12,4,192.1483466497461,1,0,1,0,1
2,4,605.5006539231755,286,2,0,690,8,1,2,2523.554567851651,2024,2,23,1,605.5006539231755,1,1,1,0,1
4,5,573.2564033025271,154,1,3,461,8,0,0,2866.282016512636,2023,6,6,3,573.2564033025271,1,1,1,0,1
1,5,86.81788323256708,410,1,1,273,7,0,1,434.0894161628354,2023,10,18,2,86.81788323256708,1,0,1,0,1
2,5,473.33695512429284,110,1,2,541,8,1,1,2366.6847756214643,2024,4,9,3,473.33695512429284,1,0,1,0,1
2,5,633.7508794887174,510,0,1,104,9,0,0,3168.754397443587,2023,2,10,4,633.7508794887175,1,1,1,0,1
2,4,540.6470664862736,258,2,1,1063,9,0,3,2580.430737512001,2023,6,11,0,540.6470664862736,1,1,1,0,1
3,4,580.7419181385169,443,2,1,751,6,1,3,2673.0969902267216,2023,6,25,2,580.741918138517,1,1,1,0,1
1,5,525.0182758028138,153,2,3,343,9,0,1,2625.0913790140694,2023,6,5,2,525.0182758028138,1,1,1,0,1
4,5,652.0364695841255,522,3,2,333,8,0,0,3260.182347920627,2023,3,13,1,652.0364695841254,1,1,1,0,1
3,4,515.202869849227,173,2,0,1081,9,0,3,2572.720320267725,2023,5,12,0,515.202869849227,1,1,1,0,1
3,5,272.94818727769,108,1,0,104,7,1,1,1364.74093638845,2024,5,20,1,272.94818727769,1,0,1,0,1
3,4,630.5519750845127,325,1,0,603,7,1,3,2522.207900338051,2024,2,25,1,630.5519750845127,1,1,1,0,1
2,5,535.898156834804,404,3,0,905,7,0,3,2679.49078417402,2023,6,20,1,535.898156834804,1,1,1,0,1
2,5,57.325405159681026,206,1,0,792,6,1,2,286.62702579840516,2023,7,15,3,57.325405159681026,1,0,1,0,1
2,5,247.1348484364552,41,1,0,304,9,0,2,1235.674242182276,2023,5,22,3,247.1348484364552,1,0,1,0,1
3,5,626.1422802669401,27,1,2,135,7,1,2,3130.711401334701,2023,8,26,3,626.1422802669401,1,1,1,0,1
3,5,522.3505517316697,130,0,2,408,8,1,0,2611.7527586583487,2024,3,13,4,522.3505517316697,1,1,1,0,1
0,5,654.259106666762,595,1,0,882,10,0,3,3271.2955333338095,2024,7,19,0,654.259106666762,1,1,1,0,1
4,4,649.4439124308267,375,1,1,535,8,0,2,2766.0657791094586,2024,6,15,1,649.4439124308267,1,1,1,0,1
4,5,467.6374948396024,278,1,2,743,8,1,1,2338.1874741980123,2023,2,15,3,467.6374948396024,1,0,1,0,1
2,5,543.0553086826342,481,3,0,844,6,0,3,2715.276543413171,2023,6,23,1,543.0553086826343,1,1,1,0,1
2,5,627.8782696740922,12,2,3,65,6,1,1,3139.3913483704605,2023,7,26,1,627.8782696740922,1,1,1,0,1
4,5,166.72757502254342,190,1,3,222,8,0,1,833.637875112717,2024,3,13,3,166.72757502254342,1,0,1,0,1
2,5,237.5366250567053,104,1,0,269,8,0,2,1187.6831252835266,2023,4,21,3,237.5366250567053,1,0,1,0,1
3,4,610.5628717761417,299,1,0,598,8,2,2,2494.6173606813677,2025,2,22,1,610.5628717761417,1,0,1,0,1
5,4,608.5613043486137,342,1,0,485,8,0,1,2760.822871344433,2024,4,20,1,608.5613043486137,1,1,1,0,1
3,5,268.11646588172636,92,1,0,145,8,1,1,1340.5823294086317,2024,5,21,2,268.11646588172636,1,0,1,0,1
5,5,578.7800532010062,227,1,2,423,8,1,2,2893.900266005031,2024,3,15,2,578.7800532010062,1,1,1,0,1
3,5,663.9834193934395,44,2,2,91,8,1,0,3319.9170969671977,2023,2,27,1,663.9834193934395,1,1,1,0,1
2,5,627.5933590605531,495,1,0,58,9,0,0,3137.966795302766,2023,3,9,5,627.5933590605532,1,1,1,0,1
2,5,637.628440494589,520,0,1,133,8,1,0,3188.142202472945,2023,1,11,4,637.628440494589,1,1,1,0,1
0,5,203.491310261577,597,1,2,826,8,0,1,1017.4565513078851,2023,8,13,3,203.491310261577,1,0,1,0,1
3,5,664.0566504259235,347,1,0,907,7,1,4,3320.2832521296177,2023,9,27,0,664.0566504259235,1,1,1,0,1
2,5,46.93481171921524,220,1,0,864,6,1,2,234.6740585960762,2023,7,16,3,46.93481171921524,1,0,1,0,1
4,5,673.813775133904,505,3,3,306,8,0,2,3369.06887566952,2023,4,18,0,673.813775133904,1,1,1,0,1
2,5,635.7204652150067,44,2,4,49,7,1,3,3178.6023260750335,2023,7,25,3,635.7204652150067,1,1,1,0,1
2,5,162.9349092612341,262,1,2,121,6,0,1,814.6745463061704,2023,5,21,3,162.9349092612341,1,0,1,0,1
3,5,89.45130161260438,198,1,1,58,6,0,2,447.2565080630219,2023,11,29,4,89.45130161260438,1,0,1,0,1
3,5,262.14611361427677,73,1,0,196,8,0,2,1310.730568071384,2023,5,21,2,262.14611361427677,1,0,1,0,1
0,5,127.33431981584116,610,1,1,533,8,1,1,636.6715990792057,2023,8,18,1,127.33431981584114,1,0,1,0,1
3,5,568.6210034295937,487,1,2,375,6,1,3,2843.105017147968,2023,4,6,2,568.6210034295935,1,1,1,0,1
2,5,243.89945632579182,26,1,1,602,8,0,2,1219.4972816289592,2023,7,14,4,243.89945632579182,1,0,1,0,1
3,5,551.1496212356377,227,3,1,241,9,0,1,2755.7481061781887,2024,5,10,1,551.1496212356377,1,1,1,0,1
1,5,513.474369676375,128,3,1,475,6,0,2,2567.371848381875,2023,9,15,2,513.474369676375,1,1,1,0,1
6,5,568.2846224377087,286,1,1,383,8,1,2,2841.4231121885437,2024,2,22,1,568.2846224377088,1,1,1,0,1
0,5,397.0315394350774,341,1,3,414,6,0,3,1985.1576971753868,2023,5,19,2,397.0315394350774,1,0,1,0,1
3,5,640.8598187730205,160,2,2,1020,8,1,3,3204.299093865103,2023,5,22,0,640.8598187730205,1,1,1,0,1
3,5,660.0413903930001,26,2,2,101,7,1,0,3300.206951965001,2023,2,27,1,660.0413903930001,1,1,1,0,1
0,5,468.01992872222786,470,1,1,676,9,0,1,2340.0996436111395,2025,3,16,3,468.019928722228,1,0,1,0,1
4,5,618.7331705242262,84,2,3,1142,9,2,3,3093.665852621131,2023,4,19,1,618.7331705242262,1,1,1,0,1
3,5,651.2680336850767,520,0,3,203,8,1,1,3256.340168425383,2023,2,10,2,651.2680336850766,1,1,1,0,1
0,5,412.7790484309415,316,1,1,317,6,0,3,2063.8952421547074,2023,2,22,2,412.7790484309415,1,0,1,0,1
4,4,508.48849848797647,295,1,2,665,8,2,1,2409.2952863877376,2023,2,17,2,508.48849848797647,1,0,1,0,1
3,5,669.3211964234458,167,2,1,331,7,1,1,3346.6059821172294,2023,5,15,2,669.3211964234459,1,1,1,0,1
1,5,464.82553438711255,323,1,1,626,9,0,1,2324.127671935563,2025,3,12,3,464.8255343871126,1,0,1,0,1
3,5,673.1323783339745,477,3,3,274,8,0,1,3365.661891669872,2023,5,7,2,673.1323783339744,1,1,1,0,1
3,5,501.9153500730001,210,2,1,952,9,0,2,2509.5767503650004,2023,4,13,0,501.9153500730001,1,0,1,0,1
3,5,541.509170792746,245,1,1,377,8,0,0,2707.54585396373,2023,4,17,1,541.509170792746,1,1,1,0,1
4,5,474.54922720676524,272,1,3,670,8,2,1,2372.746136033826,2023,2,15,3,474.54922720676524,1,0,1,0,1
3,5,645.3967796370175,455,0,2,160,8,2,0,3226.9838981850876,2023,2,15,3,645.3967796370175,1,1,1,0,1
2,4,576.4298430490985,420,1,2,624,7,0,2,2493.9548396745918,2023,5,23,2,576.4298430490985,1,0,1,0,1
2,5,500.69035053186394,161,3,1,556,6,0,2,2503.45175265932,2023,7,17,2,500.69035053186394,1,0,1,0,1
2,5,606.5930399964316,3,1,3,42,6,1,2,3032.965199982158,2023,10,25,2,606.5930399964316,1,1,1,0,1
2,4,631.4351150462622,344,1,0,628,8,2,3,2525.740460185049,2024,2,23,0,631.4351150462622,1,1,1,0,1
1,5,664.0913662537051,251,2,0,429,8,2,2,3320.456831268526,2023,5,8,1,664.0913662537051,1,1,1,0,1
2,5,471.64408551650786,406,1,1,683,8,0,1,2358.2204275825397,2024,3,16,3,471.64408551650797,1,0,1,0,1
3,5,663.8785042386071,333,2,1,933,8,0,3,3319.3925211930355,2023,7,28,1,663.8785042386071,1,1,1,0,1
0,5,648.1691645151242,587,0,0,900,9,0,3,3240.845822575621,2023,8,20,0,648.1691645151242,1,1,1,0,1
3,5,657.6476842883527,25,2,2,98,7,1,0,3288.238421441764,2023,2,27,1,657.6476842883527,1,1,1,0,1
1,5,510.6699665653773,150,3,0,1057,9,0,1,2553.349832826886,2023,3,14,1,510.6699665653773,1,1,1,0,1
3,5,633.5507373623624,449,0,0,1005,9,0,1,3167.753686811812,2023,9,24,3,633.5507373623624,1,1,1,0,1
4,5,656.3456051488513,110,1,0,217,8,1,0,3281.7280257442567,2024,7,28,5,656.3456051488513,1,1,1,1,1
0,5,126.47172659729443,609,1,1,531,8,1,1,632.3586329864721,2023,8,18,1,126.47172659729442,1,0,1,0,1
3,5,658.0295109224267,506,1,3,225,8,1,1,3290.147554612133,2023,3,9,2,658.0295109224265,1,1,1,0,1
4,5,125.2453945056051,190,1,2,305,9,0,1,626.2269725280256,2024,4,10,3,125.2453945056051,1,0,1,0,1
4,4,601.1909530211387,313,1,0,535,8,1,1,2604.239625093637,2024,2,25,1,601.1909530211387,1,1,1,0,1
3,4,578.5345687844593,445,2,1,757,6,1,3,2675.6051235447694,2023,6,25,2,578.5345687844593,1,1,1,0,1
5,5,574.4413218094381,283,1,1,367,8,1,3,2872.206609047191,2024,2,20,1,574.4413218094381,1,1,1,0,1
6,5,551.2632634274205,293,1,0,414,8,0,0,2756.316317137103,2024,2,26,1,551.2632634274206,1,1,1,0,1
4,5,660.634291776471,62,1,1,264,8,1,0,3303.1714588823547,2023,5,28,4,660.634291776471,1,1,1,0,1
3,4,635.0765375137826,336,1,1,598,7,1,3,2540.3061500551303,2024,3,25,1,635.0765375137826,1,1,1,0,1
2,5,509.1028979785764,84,2,1,459,6,0,2,2545.514489892882,2023,7,12,3,509.1028979785764,1,1,1,0,1
1,5,426.46859813664696,297,2,1,1031,8,0,2,2132.342990683235,2023,6,10,4,426.46859813664696,1,0,1,0,1
2,5,659.442614330189,77,2,4,56,8,1,3,3297.2130716509455,2023,5,25,3,659.442614330189,1,1,1,0,1
1,5,524.1151399341734,148,2,3,347,9,0,1,2620.575699670867,2023,6,5,3,524.1151399341734,1,1,1,0,1
0,5,427.27742453317114,231,1,1,136,8,0,1,2136.3871226658557,2023,4,13,3,427.27742453317114,1,0,1,0,1
5,5,120.93210077098871,119,1,2,355,9,0,1,604.6605038549435,2024,4,11,3,120.93210077098871,1,0,1,0,1
2,5,500.93168131106313,60,0,3,428,8,2,1,2504.6584065553157,2024,3,7,5,500.93168131106313,1,0,1,0,1
1,5,427.05475890556306,199,2,0,1153,8,0,2,2135.273794527815,2023,6,9,4,427.05475890556306,1,0,1,0,1
5,5,609.8692578490102,591,2,2,380,8,0,0,3049.346289245051,2024,1,17,1,609.8692578490102,1,1,1,0,1
3,5,227.02114045354156,94,2,0,233,8,0,2,1135.1057022677078,2023,6,23,3,227.02114045354156,1,0,1,0,1
4,5,620.7201283604322,106,1,3,1154,9,2,3,3103.6006418021607,2023,6,22,2,620.7201283604322,1,1,1,0,1
5,5,560.0384162979078,255,3,0,228,8,0,0,2800.1920814895393,2024,4,14,1,560.0384162979078,1,1,1,0,1
0,5,231.34885351128028,72,1,2,1013,7,0,1,1156.7442675564014,2023,10,4,4,231.34885351128028,1,0,1,0,1
4,5,204.93768292207773,150,1,1,152,7,0,1,1024.6884146103887,2024,5,13,4,204.93768292207773,1,0,1,0,1
2,5,72.32184883200838,157,1,2,423,7,0,2,361.60924416004195,2023,9,28,2,72.32184883200838,1,0,1,0,1
3,5,663.7542482844757,51,2,2,84,8,1,1,3318.771241422379,2023,3,27,2,663.7542482844757,1,1,1,0,1
1,5,533.6332798131374,388,4,0,896,6,0,2,2668.166399065687,2023,5,21,2,533.6332798131375,1,1,1,0,1
3,5,243.23952181913296,159,1,0,91,6,1,1,1216.1976090956646,2024,5,15,3,243.23952181913296,1,0,1,0,1
6,5,570.9587240774919,285,1,1,378,8,1,3,2854.793620387459,2024,2,21,1,570.9587240774919,1,1,1,0,1
2,4,586.0235403119437,540,2,1,895,6,1,3,2675.544053438051,2024,8,17,1,586.0235403119439,1,1,1,0,1
0,4,490.3520882571501,470,2,0,673,8,0,1,2366.5036119406823,2025,3,18,2,490.3520882571502,1,0,1,0,1
3,4,586.666087873354,355,1,1,443,6,1,3,2771.995246441877,2023,9,14,2,586.6660878733538,1,1,1,0,1
3,5,355.4254669611138,204,1,2,1062,6,0,1,1777.1273348055688,2023,8,17,5,355.4254669611138,1,0,1,1,1
4,5,660.6443862879619,78,1,1,298,8,1,1,3303.2219314398094,2023,5,27,4,660.6443862879619,1,1,1,0,1
0,5,654.3892103580312,600,1,0,872,9,1,4,3271.9460517901553,2023,8,19,0,654.3892103580312,1,1,1,0,1
5,5,130.6085667867437,130,1,2,283,9,0,1,653.0428339337185,2024,4,10,3,130.6085667867437,1,0,1,0,1
1,5,102.79725397383679,444,1,1,400,9,0,1,513.986269869184,2024,7,9,1,102.79725397383679,1,0,1,0,1
2,5,640.7141805064346,488,1,0,118,9,0,0,3203.570902532173,2023,3,9,4,640.7141805064347,1,1,1,0,1
2,5,497.36936817388033,114,3,1,521,6,0,2,2486.8468408694016,2023,8,15,2,497.36936817388033,1,0,1,0,1
5,5,583.5534817936384,159,1,2,484,8,0,0,2917.7674089681923,2024,5,8,3,583.5534817936384,1,1,1,0,1
4,5,598.0203404998222,169,1,2,508,8,0,0,2990.101702499111,2024,6,9,3,598.0203404998222,1,1,1,0,1
2,5,541.8530056100592,209,2,3,339,9,0,1,2709.265028050296,2023,5,9,2,541.8530056100592,1,1,1,0,1
1,5,625.7257015797921,216,1,0,533,9,1,3,3128.628507898961,2024,6,16,2,625.7257015797921,1,1,1,0,1
